Unity Editor version:    6000.3.24f1 (4e7b9b5b6244)
Branch:                  6000.3/staging
Build type:              Release
Batch mode:              YES
System name:             Linux
Distro version:          #22-Ubuntu SMP Mon Jul 27 17:24:03 UTC 2026
Kernel version:          6.17.0-1022-azure
Architecture:            x86_64
Available memory:        15989 MB
Date:                    2026-09-26T10:44:31Z
[Licensing::Module] Trying to connect to existing licensing client channel...
Initialize udev device monitor.
[Licensing::IpcConnector] Channel LicenseClient-root doesn't exist
[Licensing::Module] Successfully launched the LicensingClient (PId: 50)
CreateDirectory '/root/.cache/unity3d' failed:  (current dir: /)

COMMAND LINE ARGUMENTS:
/opt/unity/Editor/Unity
-batchmode
-batchmode
-nographics
-logFile
/project/build/logs/android.log
-projectPath
/project
-buildTarget
Android
-executeMethod
PofudukFilo.EditorTools.CiBuild.BuildAndroid
-customBuildPath
/project/build/Android/PofudukFilo.apk
Successfully changed project path to: /project
/project
[UnityMemory] Configuration Parameters - Can be set up in boot.config
    "memorysetup-allocator-temp-initial-block-size-main=262144"
    "memorysetup-allocator-temp-initial-block-size-worker=262144"
    "memorysetup-temp-allocator-size-background-worker=32768"
    "memorysetup-temp-allocator-size-job-worker=262144"
    "memorysetup-temp-allocator-size-preload-manager=33554432"
    "memorysetup-remapper-allocator-initial-capacity=32768"
    "memorysetup-temp-allocator-size-nav-mesh-worker=65536"
    "memorysetup-temp-allocator-size-audio-worker=65536"
    "memorysetup-temp-allocator-size-cloud-worker=32768"
    "memorysetup-temp-allocator-size-gi-baking-worker=262144"
    "memorysetup-temp-allocator-size-gi-baking-worker=262144"
    "memorysetup-temp-allocator-size-gi-baking-worker=262144"
    "memorysetup-temp-allocator-size-gi-baking-worker=262144"
    "memorysetup-temp-allocator-size-gi-baking-worker=262144"
    "memorysetup-bucket-allocator-granularity=16"
    "memorysetup-bucket-allocator-bucket-count=8"
    "memorysetup-bucket-allocator-block-size=33554432"
    "memorysetup-bucket-allocator-block-count=8"
    "memorysetup-main-allocator-block-size=16777216"
    "memorysetup-thread-allocator-block-size=16777216"
    "memorysetup-gfx-main-allocator-block-size=16777216"
    "memorysetup-gfx-thread-allocator-block-size=16777216"
    "memorysetup-cache-allocator-block-size=4194304"
    "memorysetup-typetree-allocator-block-size=2097152"
    "memorysetup-profiler-bucket-allocator-granularity=16"
    "memorysetup-profiler-bucket-allocator-bucket-count=8"
    "memorysetup-profiler-bucket-allocator-block-size=33554432"
    "memorysetup-profiler-bucket-allocator-block-count=8"
    "memorysetup-profiler-allocator-block-size=16777216"
    "memorysetup-profiler-editor-allocator-block-size=1048576"
    "memorysetup-temp-allocator-size-main=16777216"
    "memorysetup-job-temp-allocator-block-size=2097152"
    "memorysetup-job-temp-allocator-block-size-background=1048576"
    "memorysetup-job-temp-allocator-reduction-small-platforms=262144"
    "memorysetup-temp-allocator-size-gfx=262144"
Player connection [139972995492608]  Target information:

Player connection [139972995492608]  * "[IP] 172.17.0.2 [Port] 55504 [Flags] 2 [Guid] 1514174695 [EditorId] 1514174695 [Version] 1048832 [Id] LinuxEditor(16,172.17.0.2) [Debug] 1 [PackageName] LinuxEditor [ProjectName] Editor" 

Player connection [139972995492608] Host joined multi-casting on [225.0.0.222:54997]...
Player connection [139972995492608] Host joined alternative multi-casting on [225.0.0.222:34997]...
Input System module state changed to: Initialized.
[Physics::Module] Initialized fallback backend.
[Physics::Module] Id: 0xdecafbad
[Licensing::IpcConnector] Successfully connected to: "LicenseClient-root" at "2026-09-26T10:44:31.541017Z"
[SignatureVerifier] Application signature verification not supported on this platform.
[Package Manager] Connected to IPC stream "Upm-43" after 0.2 seconds.
[Licensing::Module] Licensing is not yet initialized.
[Licensing::Client] Handshaking with LicensingClient:
  Version:                 1.18.3+d7ffd15
  Session Id:              b4470b350def46649d0f4ed5161aab2f
  Correlation Id:          0be15a44a7f75029e57d9418a899cd80
  External correlation Id: 2469421769567386378
  Machine Id:              D7nTUnjNAmtsUMcnoyrqkgIbYdM=
[Licensing::Module] Successfully connected to LicensingClient on channel: "LicenseClient-root" (connect: 0.25s, validation: 0.09s, handshake: 0.00s)
[Licensing::IpcConnector] Successfully connected to: "LicenseClient-root-notifications" at "2026-09-26T10:44:31.62653Z"
[Licensing::Module] Connected to LicensingClient (PId: 50, launch time: 0.00, total connection time: 0.34s)
[Licensing::Module] Error: Access token is unavailable; failed to update
[Licensing::Client] Successfully resolved entitlement details
[Licensing::Module] License group:
  Id: 18968474402297-UnityPersXXXX
  Product: Unity Personal
  Type: Assigned
  Expiration: Unlimited
[Licensing::Client] Successfully updated license, isAsync: True, time: 0.02
[Licensing::Client] Successfully resolved entitlement details
[Licensing::Module] Licensing Background thread has ended after 0.41s
[Licensing::Module] Licensing is initialized (took 0.14s).
[Licensing::Client] Successfully resolved entitlement details
Library Redirect Path: Library/
[Physics::Module] Selected backend.
[Physics::Module] Name: PhysX
[Physics::Module] Id: 0xf2b8ea05
[Physics::Module] SDK Version: 4.1.2
[Physics::Module] Integration Version: 1.0.0
[Physics::Module] Threading Mode: Multi-Threaded
Unable to load player prefs
Artifact Garbage Collection - Removed 2 unused hashed content files
[Licensing::Client] Successfully resolved entitlement details
Targeting platform: Android
Refreshing native plugins compatible for Editor in 0.07 ms, found 0 plugins.
Preloading 0 native plugins for Editor in 0.00 ms.
Initialize engine version: 6000.3.24f1 (4e7b9b5b6244)
[Subsystems] Discovering subsystems at path /opt/unity/Editor/Data/Resources/UnitySubsystems
[Subsystems] Discovering subsystems at path /project/Assets
Forcing GfxDevice: Null
GfxDevice: creating device client; kGfxThreadingModeNonThreaded
NullGfxDevice:
    Version:  NULL 1.0 [1.0]
    Renderer: Null Device
    Vendor:   Unity Technologies
Initialize mono
Mono path[0] = '/opt/unity/Editor/Data/Managed'
Mono path[1] = '/opt/unity/Editor/Data/MonoBleedingEdge/lib/mono/unityjit-linux'
Mono config path = '/opt/unity/Editor/Data/MonoBleedingEdge/etc'
Using monoOptions --debugger-agent=transport=dt_socket,embedding=1,server=y,suspend=n,address=127.0.0.1:56043
Using cacheserver namespaces - metadata:defaultmetadata, artifacts:defaultartifacts
Using cacheserver namespaces - metadata:defaultmetadata, artifacts:defaultartifacts
ImportWorker Server TCP listen port: 0
AcceleratorClientConnectionCallback - disconnected - :0
Begin MonoManager ReloadAssembly
Registering precompiled unity dll's ...
Register platform support module: /opt/unity/Editor/Data/PlaybackEngines/AndroidPlayer/UnityEditor.Android.Extensions.dll
Register platform support module: /opt/unity/Editor/Data/PlaybackEngines/LinuxStandaloneSupport/UnityEditor.LinuxStandalone.Extensions.dll
Registered in 0.004499 seconds.
- Loaded All Assemblies, in  1.261 seconds
Native extension for LinuxStandalone target not found
Native extension for Android target not found
Package Manager log level set to [2]
[Licensing::Client] Successfully resolved entitlement details
ScheduleIndexationOnStartup MainProcess:False IndexOnStartup:False
Mono: successfully reloaded assembly
- Finished resetting the current domain, in  1.777 seconds
Domain Reload Profiling: 3037ms
	BeginReloadAssembly (941ms)
		ExecutionOrderSort (0ms)
		DisableScriptedObjects (0ms)
		BackupInstance (0ms)
		ReleaseScriptingObjects (0ms)
		CreateAndSetChildDomain (1ms)
	RebuildCommonClasses (61ms)
	RebuildNativeTypeToScriptingClass (8ms)
	initialDomainReloadingComplete (52ms)
	LoadAllAssembliesAndSetupDomain (198ms)
		LoadAssemblies (941ms)
		RebuildTransferFunctionScriptingTraits (0ms)
		AnalyzeDomain (194ms)
			TypeCache.Refresh (193ms)
				TypeCache.ScanAssembly (162ms)
			BuildScriptInfoCaches (0ms)
			ResolveRequiredComponents (0ms)
	FinalizeReload (1777ms)
		ReleaseScriptCaches (0ms)
		RebuildScriptCaches (0ms)
		SetupLoadedEditorAssemblies (1736ms)
			LogAssemblyErrors (0ms)
			InitializePlatformSupportModulesInManaged (61ms)
			SetLoadedEditorAssemblies (4ms)
			BeforeProcessingInitializeOnLoad (81ms)
			ProcessInitializeOnLoadAttributes (128ms)
			ProcessInitializeOnLoadMethodAttributes (1463ms)
			AfterProcessingInitializeOnLoad (0ms)
			EditorAssembliesLoaded (0ms)
		ExecutionOrderSort2 (0ms)
		AwakeInstancesAfterBackupRestoration (0ms)
[Licensing::Client] Successfully resolved entitlement details
[Licensing::Client] Successfully resolved entitlement details
Application.AssetDatabase Initial Refresh Start
[Package Manager] Restoring resolved packages state from cache
[Licensing::Client] Successfully resolved entitlement details
[Package Manager] Registered 22 packages:
  Packages from [https://packages.unity.com]:
    com.unity.collections@2.6.8 (location: /project/Library/PackageCache/com.unity.collections@84e8eb3fc12e)
    com.unity.inputsystem@1.18.0 (location: /project/Library/PackageCache/com.unity.inputsystem@57d0e36f6123)
    com.unity.mathematics@1.3.3 (location: /project/Library/PackageCache/com.unity.mathematics@19a9377c4ffa)
    com.unity.burst@1.8.30 (location: /project/Library/PackageCache/com.unity.burst@2f3d916873ea)
    com.unity.nuget.mono-cecil@1.11.6 (location: /project/Library/PackageCache/com.unity.nuget.mono-cecil@ecb9724e46ff)
    com.unity.test-framework.performance@3.5.0 (location: /project/Library/PackageCache/com.unity.test-framework.performance@8b56083ec0f0)
  Built-in packages:
    com.unity.ugui@2.0.0 (location: /project/Library/PackageCache/com.unity.ugui@ac1faea181f8)
    com.unity.modules.androidjni@1.0.0 (location: /project/Library/PackageCache/com.unity.modules.androidjni)
    com.unity.modules.animation@1.0.0 (location: /project/Library/PackageCache/com.unity.modules.animation)
    com.unity.modules.audio@1.0.0 (location: /project/Library/PackageCache/com.unity.modules.audio)
    com.unity.modules.imageconversion@1.0.0 (location: /project/Library/PackageCache/com.unity.modules.imageconversion)
    com.unity.modules.imgui@1.0.0 (location: /project/Library/PackageCache/com.unity.modules.imgui)
    com.unity.modules.jsonserialize@1.0.0 (location: /project/Library/PackageCache/com.unity.modules.jsonserialize)
    com.unity.modules.particlesystem@1.0.0 (location: /project/Library/PackageCache/com.unity.modules.particlesystem)
    com.unity.modules.physics@1.0.0 (location: /project/Library/PackageCache/com.unity.modules.physics)
    com.unity.modules.physics2d@1.0.0 (location: /project/Library/PackageCache/com.unity.modules.physics2d)
    com.unity.modules.screencapture@1.0.0 (location: /project/Library/PackageCache/com.unity.modules.screencapture)
    com.unity.modules.ui@1.0.0 (location: /project/Library/PackageCache/com.unity.modules.ui)
    com.unity.modules.uielements@1.0.0 (location: /project/Library/PackageCache/com.unity.modules.uielements)
    com.unity.modules.hierarchycore@1.0.0 (location: /project/Library/PackageCache/com.unity.modules.hierarchycore)
    com.unity.test-framework@1.6.0 (location: /project/Library/PackageCache/com.unity.test-framework@0bd5c5194236)
    com.unity.ext.nunit@2.0.5 (location: /project/Library/PackageCache/com.unity.ext.nunit@ec2d0043d6fc)
[Subsystems] No new subsystems found in resolved package list.
[Package Manager] Done registering packages in 0.00 seconds
[Package Manager] Done resolving packages in 14.71 seconds
[Licensing::Client] Successfully resolved entitlement details
[Package Manager] Lock file was created
2 packages have been installed without signatures. For more details, check the Package Manager window (Window > Package Management -> Package Manager).
[Package Manager] Registered 24 packages:
  Packages from [https://package.openupm.com]:
    com.google.ads.mobile@11.5.0 (location: /project/Library/PackageCache/com.google.ads.mobile@0e7fbe087950)
    com.google.external-dependency-manager@1.2.189 (location: /project/Library/PackageCache/com.google.external-dependency-manager@00acdad28d04)
  Packages from [https://packages.unity.com]:
    com.unity.collections@2.6.8 (location: /project/Library/PackageCache/com.unity.collections@84e8eb3fc12e)
    com.unity.inputsystem@1.18.0 (location: /project/Library/PackageCache/com.unity.inputsystem@57d0e36f6123)
    com.unity.mathematics@1.3.3 (location: /project/Library/PackageCache/com.unity.mathematics@19a9377c4ffa)
    com.unity.burst@1.8.30 (location: /project/Library/PackageCache/com.unity.burst@2f3d916873ea)
    com.unity.nuget.mono-cecil@1.11.6 (location: /project/Library/PackageCache/com.unity.nuget.mono-cecil@ecb9724e46ff)
    com.unity.test-framework.performance@3.5.0 (location: /project/Library/PackageCache/com.unity.test-framework.performance@8b56083ec0f0)
  Built-in packages:
    com.unity.ugui@2.0.0 (location: /project/Library/PackageCache/com.unity.ugui@ac1faea181f8)
    com.unity.modules.androidjni@1.0.0 (location: /project/Library/PackageCache/com.unity.modules.androidjni)
    com.unity.modules.animation@1.0.0 (location: /project/Library/PackageCache/com.unity.modules.animation)
    com.unity.modules.audio@1.0.0 (location: /project/Library/PackageCache/com.unity.modules.audio)
    com.unity.modules.imageconversion@1.0.0 (location: /project/Library/PackageCache/com.unity.modules.imageconversion)
    com.unity.modules.imgui@1.0.0 (location: /project/Library/PackageCache/com.unity.modules.imgui)
    com.unity.modules.jsonserialize@1.0.0 (location: /project/Library/PackageCache/com.unity.modules.jsonserialize)
    com.unity.modules.particlesystem@1.0.0 (location: /project/Library/PackageCache/com.unity.modules.particlesystem)
    com.unity.modules.physics@1.0.0 (location: /project/Library/PackageCache/com.unity.modules.physics)
    com.unity.modules.physics2d@1.0.0 (location: /project/Library/PackageCache/com.unity.modules.physics2d)
    com.unity.modules.screencapture@1.0.0 (location: /project/Library/PackageCache/com.unity.modules.screencapture)
    com.unity.modules.ui@1.0.0 (location: /project/Library/PackageCache/com.unity.modules.ui)
    com.unity.modules.uielements@1.0.0 (location: /project/Library/PackageCache/com.unity.modules.uielements)
    com.unity.modules.hierarchycore@1.0.0 (location: /project/Library/PackageCache/com.unity.modules.hierarchycore)
    com.unity.test-framework@1.6.0 (location: /project/Library/PackageCache/com.unity.test-framework@0bd5c5194236)
    com.unity.ext.nunit@2.0.5 (location: /project/Library/PackageCache/com.unity.ext.nunit@ec2d0043d6fc)
[Subsystems] No new subsystems found in resolved package list.
[Package Manager] Done registering packages in 0.00 seconds
[ScriptCompilation] Requested script compilation because: InitialRefresh: Force Refresh Recompile flag enabled
[Licensing::Client] Successfully resolved entitlement details
[Licensing::Client] Successfully resolved entitlement details
[Licensing::Client] Successfully resolved entitlement details
[Licensing::Client] Successfully resolved entitlement details
[Licensing::Client] Successfully resolved entitlement details
[Licensing::Client] Successfully resolved entitlement details
[Licensing::Client] Successfully resolved entitlement details
[Licensing::Client] Successfully resolved entitlement details
[Licensing::Client] Successfully resolved entitlement details
[Licensing::Client] Successfully resolved entitlement details
[Licensing::Client] Successfully resolved entitlement details
[Licensing::Client] Successfully resolved entitlement details
[Licensing::Client] Successfully resolved entitlement details
[Licensing::Client] Successfully resolved entitlement details
[Licensing::Client] Successfully resolved entitlement details
Filename: /opt/unity/Editor/Data/NetCoreRuntime/dotnet
Arguments: "/opt/unity/Editor/Data/Tools/BuildPipeline/Compilation/ApiUpdater/AssemblyUpdater.dll" checkupdaterconfigs -a "/project/Library/PackageCache/com.google.ads.mobile@0e7fbe087950/GoogleMobileAds/GoogleMobileAds.Common.dll" --timestamp 639260162901317630  -s "/opt/unity/Editor/Data/NetStandard/ref/2.1.0:/opt/unity/Editor/Data/NetStandard/compat/2.1.0/shims/netstandard:/opt/unity/Editor/Data/NetStandard/compat/2.1.0/shims/netfx:+/project/Assets:+/project/Library/PackageCache/com.unity.collections@84e8eb3fc12e:+/project/Library/PackageCache/com.unity.inputsystem@57d0e36f6123:+/project/Library/PackageCache/com.unity.mathematics@19a9377c4ffa:+/project/Library/PackageCache/com.unity.ugui@ac1faea181f8:+/project/Library/PackageCache/com.unity.modules.androidjni:+/project/Library/PackageCache/com.unity.modules.animation:+/project/Library/PackageCache/com.unity.modules.audio:+/project/Library/PackageCache/com.unity.modules.imageconversion:+/project/Library/PackageCache/com.unity.modules.imgui:+/project/Library/PackageCache/com.unity.modules.jsonserialize:+/project/Library/PackageCache/com.unity.modules.particlesystem:+/project/Library/PackageCache/com.unity.modules.physics:+/project/Library/PackageCache/com.unity.modules.physics2d:+/project/Library/PackageCache/com.unity.modules.screencapture:+/project/Library/PackageCache/com.unity.modules.ui:+/project/Library/PackageCache/com.unity.modules.uielements:+/project/Library/PackageCache/com.google.ads.mobile@0e7fbe087950:+/project/Library/PackageCache/com.google.external-dependency-manager@00acdad28d04:+/project/Library/PackageCache/com.unity.modules.hierarchycore:+/project/Library/PackageCache/com.unity.burst@2f3d916873ea:+/project/Library/PackageCache/com.unity.test-framework@0bd5c5194236:+/project/Library/PackageCache/com.unity.nuget.mono-cecil@ecb9724e46ff:+/project/Library/PackageCache/com.unity.test-framework.performance@8b56083ec0f0:+/project/Library/PackageCache/com.unity.ext.nunit@ec2d0043d6fc"
Filename: /opt/unity/Editor/Data/NetCoreRuntime/dotnet
Arguments: "/opt/unity/Editor/Data/Tools/BuildPipeline/Compilation/ApiUpdater/AssemblyUpdater.dll" checkupdaterconfigs -a "/project/Library/PackageCache/com.google.ads.mobile@0e7fbe087950/GoogleMobileAds/GoogleMobileAds.Android.dll" --timestamp 639260162902410100  -s "/opt/unity/Editor/Data/NetStandard/ref/2.1.0:/opt/unity/Editor/Data/NetStandard/compat/2.1.0/shims/netstandard:/opt/unity/Editor/Data/NetStandard/compat/2.1.0/shims/netfx:+/project/Assets:+/project/Library/PackageCache/com.unity.collections@84e8eb3fc12e:+/project/Library/PackageCache/com.unity.inputsystem@57d0e36f6123:+/project/Library/PackageCache/com.unity.mathematics@19a9377c4ffa:+/project/Library/PackageCache/com.unity.ugui@ac1faea181f8:+/project/Library/PackageCache/com.unity.modules.androidjni:+/project/Library/PackageCache/com.unity.modules.animation:+/project/Library/PackageCache/com.unity.modules.audio:+/project/Library/PackageCache/com.unity.modules.imageconversion:+/project/Library/PackageCache/com.unity.modules.imgui:+/project/Library/PackageCache/com.unity.modules.jsonserialize:+/project/Library/PackageCache/com.unity.modules.particlesystem:+/project/Library/PackageCache/com.unity.modules.physics:+/project/Library/PackageCache/com.unity.modules.physics2d:+/project/Library/PackageCache/com.unity.modules.screencapture:+/project/Library/PackageCache/com.unity.modules.ui:+/project/Library/PackageCache/com.unity.modules.uielements:+/project/Library/PackageCache/com.google.ads.mobile@0e7fbe087950:+/project/Library/PackageCache/com.google.external-dependency-manager@00acdad28d04:+/project/Library/PackageCache/com.unity.modules.hierarchycore:+/project/Library/PackageCache/com.unity.burst@2f3d916873ea:+/project/Library/PackageCache/com.unity.test-framework@0bd5c5194236:+/project/Library/PackageCache/com.unity.nuget.mono-cecil@ecb9724e46ff:+/project/Library/PackageCache/com.unity.test-framework.performance@8b56083ec0f0:+/project/Library/PackageCache/com.unity.ext.nunit@ec2d0043d6fc"
Filename: /opt/unity/Editor/Data/NetCoreRuntime/dotnet
Arguments: "/opt/unity/Editor/Data/Tools/BuildPipeline/Compilation/ApiUpdater/AssemblyUpdater.dll" checkupdaterconfigs -a "/project/Library/PackageCache/com.google.ads.mobile@0e7fbe087950/GoogleMobileAds/GoogleMobileAds.Ump.dll" --timestamp 639260162903489920  -s "/opt/unity/Editor/Data/NetStandard/ref/2.1.0:/opt/unity/Editor/Data/NetStandard/compat/2.1.0/shims/netstandard:/opt/unity/Editor/Data/NetStandard/compat/2.1.0/shims/netfx:+/project/Assets:+/project/Library/PackageCache/com.unity.collections@84e8eb3fc12e:+/project/Library/PackageCache/com.unity.inputsystem@57d0e36f6123:+/project/Library/PackageCache/com.unity.mathematics@19a9377c4ffa:+/project/Library/PackageCache/com.unity.ugui@ac1faea181f8:+/project/Library/PackageCache/com.unity.modules.androidjni:+/project/Library/PackageCache/com.unity.modules.animation:+/project/Library/PackageCache/com.unity.modules.audio:+/project/Library/PackageCache/com.unity.modules.imageconversion:+/project/Library/PackageCache/com.unity.modules.imgui:+/project/Library/PackageCache/com.unity.modules.jsonserialize:+/project/Library/PackageCache/com.unity.modules.particlesystem:+/project/Library/PackageCache/com.unity.modules.physics:+/project/Library/PackageCache/com.unity.modules.physics2d:+/project/Library/PackageCache/com.unity.modules.screencapture:+/project/Library/PackageCache/com.unity.modules.ui:+/project/Library/PackageCache/com.unity.modules.uielements:+/project/Library/PackageCache/com.google.ads.mobile@0e7fbe087950:+/project/Library/PackageCache/com.google.external-dependency-manager@00acdad28d04:+/project/Library/PackageCache/com.unity.modules.hierarchycore:+/project/Library/PackageCache/com.unity.burst@2f3d916873ea:+/project/Library/PackageCache/com.unity.test-framework@0bd5c5194236:+/project/Library/PackageCache/com.unity.nuget.mono-cecil@ecb9724e46ff:+/project/Library/PackageCache/com.unity.test-framework.performance@8b56083ec0f0:+/project/Library/PackageCache/com.unity.ext.nunit@ec2d0043d6fc"
Filename: /opt/unity/Editor/Data/NetCoreRuntime/dotnet
Arguments: "/opt/unity/Editor/Data/Tools/BuildPipeline/Compilation/ApiUpdater/AssemblyUpdater.dll" checkupdaterconfigs -a "/project/Library/PackageCache/com.google.ads.mobile@0e7fbe087950/GoogleMobileAds/GoogleMobileAds.Core.dll" --timestamp 639260162899249210  -s "/opt/unity/Editor/Data/NetStandard/ref/2.1.0:/opt/unity/Editor/Data/NetStandard/compat/2.1.0/shims/netstandard:/opt/unity/Editor/Data/NetStandard/compat/2.1.0/shims/netfx:+/project/Assets:+/project/Library/PackageCache/com.unity.collections@84e8eb3fc12e:+/project/Library/PackageCache/com.unity.inputsystem@57d0e36f6123:+/project/Library/PackageCache/com.unity.mathematics@19a9377c4ffa:+/project/Library/PackageCache/com.unity.ugui@ac1faea181f8:+/project/Library/PackageCache/com.unity.modules.androidjni:+/project/Library/PackageCache/com.unity.modules.animation:+/project/Library/PackageCache/com.unity.modules.audio:+/project/Library/PackageCache/com.unity.modules.imageconversion:+/project/Library/PackageCache/com.unity.modules.imgui:+/project/Library/PackageCache/com.unity.modules.jsonserialize:+/project/Library/PackageCache/com.unity.modules.particlesystem:+/project/Library/PackageCache/com.unity.modules.physics:+/project/Library/PackageCache/com.unity.modules.physics2d:+/project/Library/PackageCache/com.unity.modules.screencapture:+/project/Library/PackageCache/com.unity.modules.ui:+/project/Library/PackageCache/com.unity.modules.uielements:+/project/Library/PackageCache/com.google.ads.mobile@0e7fbe087950:+/project/Library/PackageCache/com.google.external-dependency-manager@00acdad28d04:+/project/Library/PackageCache/com.unity.modules.hierarchycore:+/project/Library/PackageCache/com.unity.burst@2f3d916873ea:+/project/Library/PackageCache/com.unity.test-framework@0bd5c5194236:+/project/Library/PackageCache/com.unity.nuget.mono-cecil@ecb9724e46ff:+/project/Library/PackageCache/com.unity.test-framework.performance@8b56083ec0f0:+/project/Library/PackageCache/com.unity.ext.nunit@ec2d0043d6fc"
Filename: /opt/unity/Editor/Data/NetCoreRuntime/dotnet
Arguments: "/opt/unity/Editor/Data/Tools/BuildPipeline/Compilation/ApiUpdater/AssemblyUpdater.dll" checkupdaterconfigs -a "/project/Library/PackageCache/com.google.ads.mobile@0e7fbe087950/GoogleMobileAds/GoogleMobileAds.Ump.Android.dll" --timestamp 639260162904535630  -s "/opt/unity/Editor/Data/NetStandard/ref/2.1.0:/opt/unity/Editor/Data/NetStandard/compat/2.1.0/shims/netstandard:/opt/unity/Editor/Data/NetStandard/compat/2.1.0/shims/netfx:+/project/Assets:+/project/Library/PackageCache/com.unity.collections@84e8eb3fc12e:+/project/Library/PackageCache/com.unity.inputsystem@57d0e36f6123:+/project/Library/PackageCache/com.unity.mathematics@19a9377c4ffa:+/project/Library/PackageCache/com.unity.ugui@ac1faea181f8:+/project/Library/PackageCache/com.unity.modules.androidjni:+/project/Library/PackageCache/com.unity.modules.animation:+/project/Library/PackageCache/com.unity.modules.audio:+/project/Library/PackageCache/com.unity.modules.imageconversion:+/project/Library/PackageCache/com.unity.modules.imgui:+/project/Library/PackageCache/com.unity.modules.jsonserialize:+/project/Library/PackageCache/com.unity.modules.particlesystem:+/project/Library/PackageCache/com.unity.modules.physics:+/project/Library/PackageCache/com.unity.modules.physics2d:+/project/Library/PackageCache/com.unity.modules.screencapture:+/project/Library/PackageCache/com.unity.modules.ui:+/project/Library/PackageCache/com.unity.modules.uielements:+/project/Library/PackageCache/com.google.ads.mobile@0e7fbe087950:+/project/Library/PackageCache/com.google.external-dependency-manager@00acdad28d04:+/project/Library/PackageCache/com.unity.modules.hierarchycore:+/project/Library/PackageCache/com.unity.burst@2f3d916873ea:+/project/Library/PackageCache/com.unity.test-framework@0bd5c5194236:+/project/Library/PackageCache/com.unity.nuget.mono-cecil@ecb9724e46ff:+/project/Library/PackageCache/com.unity.test-framework.performance@8b56083ec0f0:+/project/Library/PackageCache/com.unity.ext.nunit@ec2d0043d6fc"
Filename: /opt/unity/Editor/Data/NetCoreRuntime/dotnet
Arguments: "/opt/unity/Editor/Data/Tools/BuildPipeline/Compilation/ApiUpdater/AssemblyUpdater.dll" checkupdaterconfigs -a "/project/Library/PackageCache/com.google.ads.mobile@0e7fbe087950/GoogleMobileAds/GoogleMobileAds.dll" --timestamp 639260162905586050  -s "/opt/unity/Editor/Data/NetStandard/ref/2.1.0:/opt/unity/Editor/Data/NetStandard/compat/2.1.0/shims/netstandard:/opt/unity/Editor/Data/NetStandard/compat/2.1.0/shims/netfx:+/project/Assets:+/project/Library/PackageCache/com.unity.collections@84e8eb3fc12e:+/project/Library/PackageCache/com.unity.inputsystem@57d0e36f6123:+/project/Library/PackageCache/com.unity.mathematics@19a9377c4ffa:+/project/Library/PackageCache/com.unity.ugui@ac1faea181f8:+/project/Library/PackageCache/com.unity.modules.androidjni:+/project/Library/PackageCache/com.unity.modules.animation:+/project/Library/PackageCache/com.unity.modules.audio:+/project/Library/PackageCache/com.unity.modules.imageconversion:+/project/Library/PackageCache/com.unity.modules.imgui:+/project/Library/PackageCache/com.unity.modules.jsonserialize:+/project/Library/PackageCache/com.unity.modules.particlesystem:+/project/Library/PackageCache/com.unity.modules.physics:+/project/Library/PackageCache/com.unity.modules.physics2d:+/project/Library/PackageCache/com.unity.modules.screencapture:+/project/Library/PackageCache/com.unity.modules.ui:+/project/Library/PackageCache/com.unity.modules.uielements:+/project/Library/PackageCache/com.google.ads.mobile@0e7fbe087950:+/project/Library/PackageCache/com.google.external-dependency-manager@00acdad28d04:+/project/Library/PackageCache/com.unity.modules.hierarchycore:+/project/Library/PackageCache/com.unity.burst@2f3d916873ea:+/project/Library/PackageCache/com.unity.test-framework@0bd5c5194236:+/project/Library/PackageCache/com.unity.nuget.mono-cecil@ecb9724e46ff:+/project/Library/PackageCache/com.unity.test-framework.performance@8b56083ec0f0:+/project/Library/PackageCache/com.unity.ext.nunit@ec2d0043d6fc"
Filename: /opt/unity/Editor/Data/NetCoreRuntime/dotnet
Arguments: "/opt/unity/Editor/Data/Tools/BuildPipeline/Compilation/ApiUpdater/AssemblyUpdater.dll" checkupdaterconfigs -a "/project/Library/PackageCache/com.google.ads.mobile@0e7fbe087950/GoogleMobileAds/GoogleMobileAds.Ump.Unity.dll" --timestamp 639260162906677900  -s "/opt/unity/Editor/Data/NetStandard/ref/2.1.0:/opt/unity/Editor/Data/NetStandard/compat/2.1.0/shims/netstandard:/opt/unity/Editor/Data/NetStandard/compat/2.1.0/shims/netfx:+/project/Assets:+/project/Library/PackageCache/com.unity.collections@84e8eb3fc12e:+/project/Library/PackageCache/com.unity.inputsystem@57d0e36f6123:+/project/Library/PackageCache/com.unity.mathematics@19a9377c4ffa:+/project/Library/PackageCache/com.unity.ugui@ac1faea181f8:+/project/Library/PackageCache/com.unity.modules.androidjni:+/project/Library/PackageCache/com.unity.modules.animation:+/project/Library/PackageCache/com.unity.modules.audio:+/project/Library/PackageCache/com.unity.modules.imageconversion:+/project/Library/PackageCache/com.unity.modules.imgui:+/project/Library/PackageCache/com.unity.modules.jsonserialize:+/project/Library/PackageCache/com.unity.modules.particlesystem:+/project/Library/PackageCache/com.unity.modules.physics:+/project/Library/PackageCache/com.unity.modules.physics2d:+/project/Library/PackageCache/com.unity.modules.screencapture:+/project/Library/PackageCache/com.unity.modules.ui:+/project/Library/PackageCache/com.unity.modules.uielements:+/project/Library/PackageCache/com.google.ads.mobile@0e7fbe087950:+/project/Library/PackageCache/com.google.external-dependency-manager@00acdad28d04:+/project/Library/PackageCache/com.unity.modules.hierarchycore:+/project/Library/PackageCache/com.unity.burst@2f3d916873ea:+/project/Library/PackageCache/com.unity.test-framework@0bd5c5194236:+/project/Library/PackageCache/com.unity.nuget.mono-cecil@ecb9724e46ff:+/project/Library/PackageCache/com.unity.test-framework.performance@8b56083ec0f0:+/project/Library/PackageCache/com.unity.ext.nunit@ec2d0043d6fc"
Filename: /opt/unity/Editor/Data/NetCoreRuntime/dotnet
Arguments: "/opt/unity/Editor/Data/Tools/BuildPipeline/Compilation/ApiUpdater/AssemblyUpdater.dll" checkupdaterconfigs -a "/project/Library/PackageCache/com.google.ads.mobile@0e7fbe087950/GoogleMobileAds/GoogleMobileAds.Ump.iOS.dll" --timestamp 639260162907728300  -s "/opt/unity/Editor/Data/NetStandard/ref/2.1.0:/opt/unity/Editor/Data/NetStandard/compat/2.1.0/shims/netstandard:/opt/unity/Editor/Data/NetStandard/compat/2.1.0/shims/netfx:+/project/Assets:+/project/Library/PackageCache/com.unity.collections@84e8eb3fc12e:+/project/Library/PackageCache/com.unity.inputsystem@57d0e36f6123:+/project/Library/PackageCache/com.unity.mathematics@19a9377c4ffa:+/project/Library/PackageCache/com.unity.ugui@ac1faea181f8:+/project/Library/PackageCache/com.unity.modules.androidjni:+/project/Library/PackageCache/com.unity.modules.animation:+/project/Library/PackageCache/com.unity.modules.audio:+/project/Library/PackageCache/com.unity.modules.imageconversion:+/project/Library/PackageCache/com.unity.modules.imgui:+/project/Library/PackageCache/com.unity.modules.jsonserialize:+/project/Library/PackageCache/com.unity.modules.particlesystem:+/project/Library/PackageCache/com.unity.modules.physics:+/project/Library/PackageCache/com.unity.modules.physics2d:+/project/Library/PackageCache/com.unity.modules.screencapture:+/project/Library/PackageCache/com.unity.modules.ui:+/project/Library/PackageCache/com.unity.modules.uielements:+/project/Library/PackageCache/com.google.ads.mobile@0e7fbe087950:+/project/Library/PackageCache/com.google.external-dependency-manager@00acdad28d04:+/project/Library/PackageCache/com.unity.modules.hierarchycore:+/project/Library/PackageCache/com.unity.burst@2f3d916873ea:+/project/Library/PackageCache/com.unity.test-framework@0bd5c5194236:+/project/Library/PackageCache/com.unity.nuget.mono-cecil@ecb9724e46ff:+/project/Library/PackageCache/com.unity.test-framework.performance@8b56083ec0f0:+/project/Library/PackageCache/com.unity.ext.nunit@ec2d0043d6fc"
Filename: /opt/unity/Editor/Data/NetCoreRuntime/dotnet
Arguments: "/opt/unity/Editor/Data/Tools/BuildPipeline/Compilation/ApiUpdater/AssemblyUpdater.dll" checkupdaterconfigs -a "/project/Library/PackageCache/com.google.ads.mobile@0e7fbe087950/GoogleMobileAds/GoogleMobileAds.Unity.dll" --timestamp 639260162908777210  -s "/opt/unity/Editor/Data/NetStandard/ref/2.1.0:/opt/unity/Editor/Data/NetStandard/compat/2.1.0/shims/netstandard:/opt/unity/Editor/Data/NetStandard/compat/2.1.0/shims/netfx:+/project/Assets:+/project/Library/PackageCache/com.unity.collections@84e8eb3fc12e:+/project/Library/PackageCache/com.unity.inputsystem@57d0e36f6123:+/project/Library/PackageCache/com.unity.mathematics@19a9377c4ffa:+/project/Library/PackageCache/com.unity.ugui@ac1faea181f8:+/project/Library/PackageCache/com.unity.modules.androidjni:+/project/Library/PackageCache/com.unity.modules.animation:+/project/Library/PackageCache/com.unity.modules.audio:+/project/Library/PackageCache/com.unity.modules.imageconversion:+/project/Library/PackageCache/com.unity.modules.imgui:+/project/Library/PackageCache/com.unity.modules.jsonserialize:+/project/Library/PackageCache/com.unity.modules.particlesystem:+/project/Library/PackageCache/com.unity.modules.physics:+/project/Library/PackageCache/com.unity.modules.physics2d:+/project/Library/PackageCache/com.unity.modules.screencapture:+/project/Library/PackageCache/com.unity.modules.ui:+/project/Library/PackageCache/com.unity.modules.uielements:+/project/Library/PackageCache/com.google.ads.mobile@0e7fbe087950:+/project/Library/PackageCache/com.google.external-dependency-manager@00acdad28d04:+/project/Library/PackageCache/com.unity.modules.hierarchycore:+/project/Library/PackageCache/com.unity.burst@2f3d916873ea:+/project/Library/PackageCache/com.unity.test-framework@0bd5c5194236:+/project/Library/PackageCache/com.unity.nuget.mono-cecil@ecb9724e46ff:+/project/Library/PackageCache/com.unity.test-framework.performance@8b56083ec0f0:+/project/Library/PackageCache/com.unity.ext.nunit@ec2d0043d6fc"
Filename: /opt/unity/Editor/Data/NetCoreRuntime/dotnet
Arguments: "/opt/unity/Editor/Data/Tools/BuildPipeline/Compilation/ApiUpdater/AssemblyUpdater.dll" checkupdaterconfigs -a "/project/Library/PackageCache/com.google.ads.mobile@0e7fbe087950/GoogleMobileAds/GoogleMobileAds.iOS.dll" --timestamp 639260162909846560  -s "/opt/unity/Editor/Data/NetStandard/ref/2.1.0:/opt/unity/Editor/Data/NetStandard/compat/2.1.0/shims/netstandard:/opt/unity/Editor/Data/NetStandard/compat/2.1.0/shims/netfx:+/project/Assets:+/project/Library/PackageCache/com.unity.collections@84e8eb3fc12e:+/project/Library/PackageCache/com.unity.inputsystem@57d0e36f6123:+/project/Library/PackageCache/com.unity.mathematics@19a9377c4ffa:+/project/Library/PackageCache/com.unity.ugui@ac1faea181f8:+/project/Library/PackageCache/com.unity.modules.androidjni:+/project/Library/PackageCache/com.unity.modules.animation:+/project/Library/PackageCache/com.unity.modules.audio:+/project/Library/PackageCache/com.unity.modules.imageconversion:+/project/Library/PackageCache/com.unity.modules.imgui:+/project/Library/PackageCache/com.unity.modules.jsonserialize:+/project/Library/PackageCache/com.unity.modules.particlesystem:+/project/Library/PackageCache/com.unity.modules.physics:+/project/Library/PackageCache/com.unity.modules.physics2d:+/project/Library/PackageCache/com.unity.modules.screencapture:+/project/Library/PackageCache/com.unity.modules.ui:+/project/Library/PackageCache/com.unity.modules.uielements:+/project/Library/PackageCache/com.google.ads.mobile@0e7fbe087950:+/project/Library/PackageCache/com.google.external-dependency-manager@00acdad28d04:+/project/Library/PackageCache/com.unity.modules.hierarchycore:+/project/Library/PackageCache/com.unity.burst@2f3d916873ea:+/project/Library/PackageCache/com.unity.test-framework@0bd5c5194236:+/project/Library/PackageCache/com.unity.nuget.mono-cecil@ecb9724e46ff:+/project/Library/PackageCache/com.unity.test-framework.performance@8b56083ec0f0:+/project/Library/PackageCache/com.unity.ext.nunit@ec2d0043d6fc"
Filename: /opt/unity/Editor/Data/NetCoreRuntime/dotnet
Arguments: "/opt/unity/Editor/Data/Tools/BuildPipeline/Compilation/ApiUpdater/AssemblyUpdater.dll" checkupdaterconfigs -a "/project/Library/PackageCache/com.google.external-dependency-manager@00acdad28d04/ExternalDependencyManager/Editor/1.2.189/Google.VersionHandlerImpl.dll" --timestamp 639260162910910440  -s "/opt/unity/Editor/Data/NetStandard/ref/2.1.0:/opt/unity/Editor/Data/NetStandard/compat/2.1.0/shims/netstandard:/opt/unity/Editor/Data/NetStandard/compat/2.1.0/shims/netfx:+/project/Assets:+/project/Library/PackageCache/com.unity.collections@84e8eb3fc12e:+/project/Library/PackageCache/com.unity.inputsystem@57d0e36f6123:+/project/Library/PackageCache/com.unity.mathematics@19a9377c4ffa:+/project/Library/PackageCache/com.unity.ugui@ac1faea181f8:+/project/Library/PackageCache/com.unity.modules.androidjni:+/project/Library/PackageCache/com.unity.modules.animation:+/project/Library/PackageCache/com.unity.modules.audio:+/project/Library/PackageCache/com.unity.modules.imageconversion:+/project/Library/PackageCache/com.unity.modules.imgui:+/project/Library/PackageCache/com.unity.modules.jsonserialize:+/project/Library/PackageCache/com.unity.modules.particlesystem:+/project/Library/PackageCache/com.unity.modules.physics:+/project/Library/PackageCache/com.unity.modules.physics2d:+/project/Library/PackageCache/com.unity.modules.screencapture:+/project/Library/PackageCache/com.unity.modules.ui:+/project/Library/PackageCache/com.unity.modules.uielements:+/project/Library/PackageCache/com.google.ads.mobile@0e7fbe087950:+/project/Library/PackageCache/com.google.external-dependency-manager@00acdad28d04:+/project/Library/PackageCache/com.unity.modules.hierarchycore:+/project/Library/PackageCache/com.unity.burst@2f3d916873ea:+/project/Library/PackageCache/com.unity.test-framework@0bd5c5194236:+/project/Library/PackageCache/com.unity.nuget.mono-cecil@ecb9724e46ff:+/project/Library/PackageCache/com.unity.test-framework.performance@8b56083ec0f0:+/project/Library/PackageCache/com.unity.ext.nunit@ec2d0043d6fc"
Filename: /opt/unity/Editor/Data/NetCoreRuntime/dotnet
Arguments: "/opt/unity/Editor/Data/Tools/BuildPipeline/Compilation/ApiUpdater/AssemblyUpdater.dll" checkupdaterconfigs -a "/project/Library/PackageCache/com.google.external-dependency-manager@00acdad28d04/ExternalDependencyManager/Editor/1.2.189/Google.JarResolver.dll" --timestamp 639260162912530250  -s "/opt/unity/Editor/Data/NetStandard/ref/2.1.0:/opt/unity/Editor/Data/NetStandard/compat/2.1.0/shims/netstandard:/opt/unity/Editor/Data/NetStandard/compat/2.1.0/shims/netfx:+/project/Assets:+/project/Library/PackageCache/com.unity.collections@84e8eb3fc12e:+/project/Library/PackageCache/com.unity.inputsystem@57d0e36f6123:+/project/Library/PackageCache/com.unity.mathematics@19a9377c4ffa:+/project/Library/PackageCache/com.unity.ugui@ac1faea181f8:+/project/Library/PackageCache/com.unity.modules.androidjni:+/project/Library/PackageCache/com.unity.modules.animation:+/project/Library/PackageCache/com.unity.modules.audio:+/project/Library/PackageCache/com.unity.modules.imageconversion:+/project/Library/PackageCache/com.unity.modules.imgui:+/project/Library/PackageCache/com.unity.modules.jsonserialize:+/project/Library/PackageCache/com.unity.modules.particlesystem:+/project/Library/PackageCache/com.unity.modules.physics:+/project/Library/PackageCache/com.unity.modules.physics2d:+/project/Library/PackageCache/com.unity.modules.screencapture:+/project/Library/PackageCache/com.unity.modules.ui:+/project/Library/PackageCache/com.unity.modules.uielements:+/project/Library/PackageCache/com.google.ads.mobile@0e7fbe087950:+/project/Library/PackageCache/com.google.external-dependency-manager@00acdad28d04:+/project/Library/PackageCache/com.unity.modules.hierarchycore:+/project/Library/PackageCache/com.unity.burst@2f3d916873ea:+/project/Library/PackageCache/com.unity.test-framework@0bd5c5194236:+/project/Library/PackageCache/com.unity.nuget.mono-cecil@ecb9724e46ff:+/project/Library/PackageCache/com.unity.test-framework.performance@8b56083ec0f0:+/project/Library/PackageCache/com.unity.ext.nunit@ec2d0043d6fc"
Filename: /opt/unity/Editor/Data/NetCoreRuntime/dotnet
Arguments: "/opt/unity/Editor/Data/Tools/BuildPipeline/Compilation/ApiUpdater/AssemblyUpdater.dll" checkupdaterconfigs -a "/project/Library/PackageCache/com.google.external-dependency-manager@00acdad28d04/ExternalDependencyManager/Editor/Google.VersionHandler.dll" --timestamp 639260162913613120  -s "/opt/unity/Editor/Data/NetStandard/ref/2.1.0:/opt/unity/Editor/Data/NetStandard/compat/2.1.0/shims/netstandard:/opt/unity/Editor/Data/NetStandard/compat/2.1.0/shims/netfx:+/project/Assets:+/project/Library/PackageCache/com.unity.collections@84e8eb3fc12e:+/project/Library/PackageCache/com.unity.inputsystem@57d0e36f6123:+/project/Library/PackageCache/com.unity.mathematics@19a9377c4ffa:+/project/Library/PackageCache/com.unity.ugui@ac1faea181f8:+/project/Library/PackageCache/com.unity.modules.androidjni:+/project/Library/PackageCache/com.unity.modules.animation:+/project/Library/PackageCache/com.unity.modules.audio:+/project/Library/PackageCache/com.unity.modules.imageconversion:+/project/Library/PackageCache/com.unity.modules.imgui:+/project/Library/PackageCache/com.unity.modules.jsonserialize:+/project/Library/PackageCache/com.unity.modules.particlesystem:+/project/Library/PackageCache/com.unity.modules.physics:+/project/Library/PackageCache/com.unity.modules.physics2d:+/project/Library/PackageCache/com.unity.modules.screencapture:+/project/Library/PackageCache/com.unity.modules.ui:+/project/Library/PackageCache/com.unity.modules.uielements:+/project/Library/PackageCache/com.google.ads.mobile@0e7fbe087950:+/project/Library/PackageCache/com.google.external-dependency-manager@00acdad28d04:+/project/Library/PackageCache/com.unity.modules.hierarchycore:+/project/Library/PackageCache/com.unity.burst@2f3d916873ea:+/project/Library/PackageCache/com.unity.test-framework@0bd5c5194236:+/project/Library/PackageCache/com.unity.nuget.mono-cecil@ecb9724e46ff:+/project/Library/PackageCache/com.unity.test-framework.performance@8b56083ec0f0:+/project/Library/PackageCache/com.unity.ext.nunit@ec2d0043d6fc"
Filename: /opt/unity/Editor/Data/NetCoreRuntime/dotnet
Arguments: "/opt/unity/Editor/Data/Tools/BuildPipeline/Compilation/ApiUpdater/AssemblyUpdater.dll" checkupdaterconfigs -a "/project/Library/PackageCache/com.google.external-dependency-manager@00acdad28d04/ExternalDependencyManager/Editor/1.2.189/Google.IOSResolver.dll" --timestamp 639260162914652470  -s "/opt/unity/Editor/Data/NetStandard/ref/2.1.0:/opt/unity/Editor/Data/NetStandard/compat/2.1.0/shims/netstandard:/opt/unity/Editor/Data/NetStandard/compat/2.1.0/shims/netfx:+/project/Assets:+/project/Library/PackageCache/com.unity.collections@84e8eb3fc12e:+/project/Library/PackageCache/com.unity.inputsystem@57d0e36f6123:+/project/Library/PackageCache/com.unity.mathematics@19a9377c4ffa:+/project/Library/PackageCache/com.unity.ugui@ac1faea181f8:+/project/Library/PackageCache/com.unity.modules.androidjni:+/project/Library/PackageCache/com.unity.modules.animation:+/project/Library/PackageCache/com.unity.modules.audio:+/project/Library/PackageCache/com.unity.modules.imageconversion:+/project/Library/PackageCache/com.unity.modules.imgui:+/project/Library/PackageCache/com.unity.modules.jsonserialize:+/project/Library/PackageCache/com.unity.modules.particlesystem:+/project/Library/PackageCache/com.unity.modules.physics:+/project/Library/PackageCache/com.unity.modules.physics2d:+/project/Library/PackageCache/com.unity.modules.screencapture:+/project/Library/PackageCache/com.unity.modules.ui:+/project/Library/PackageCache/com.unity.modules.uielements:+/project/Library/PackageCache/com.google.ads.mobile@0e7fbe087950:+/project/Library/PackageCache/com.google.external-dependency-manager@00acdad28d04:+/project/Library/PackageCache/com.unity.modules.hierarchycore:+/project/Library/PackageCache/com.unity.burst@2f3d916873ea:+/project/Library/PackageCache/com.unity.test-framework@0bd5c5194236:+/project/Library/PackageCache/com.unity.nuget.mono-cecil@ecb9724e46ff:+/project/Library/PackageCache/com.unity.test-framework.performance@8b56083ec0f0:+/project/Library/PackageCache/com.unity.ext.nunit@ec2d0043d6fc"
Filename: /opt/unity/Editor/Data/NetCoreRuntime/dotnet
Arguments: "/opt/unity/Editor/Data/Tools/BuildPipeline/Compilation/ApiUpdater/AssemblyUpdater.dll" checkupdaterconfigs -a "/project/Library/PackageCache/com.google.external-dependency-manager@00acdad28d04/ExternalDependencyManager/Editor/1.2.189/Google.PackageManagerResolver.dll" --timestamp 639260162915734290  -s "/opt/unity/Editor/Data/NetStandard/ref/2.1.0:/opt/unity/Editor/Data/NetStandard/compat/2.1.0/shims/netstandard:/opt/unity/Editor/Data/NetStandard/compat/2.1.0/shims/netfx:+/project/Assets:+/project/Library/PackageCache/com.unity.collections@84e8eb3fc12e:+/project/Library/PackageCache/com.unity.inputsystem@57d0e36f6123:+/project/Library/PackageCache/com.unity.mathematics@19a9377c4ffa:+/project/Library/PackageCache/com.unity.ugui@ac1faea181f8:+/project/Library/PackageCache/com.unity.modules.androidjni:+/project/Library/PackageCache/com.unity.modules.animation:+/project/Library/PackageCache/com.unity.modules.audio:+/project/Library/PackageCache/com.unity.modules.imageconversion:+/project/Library/PackageCache/com.unity.modules.imgui:+/project/Library/PackageCache/com.unity.modules.jsonserialize:+/project/Library/PackageCache/com.unity.modules.particlesystem:+/project/Library/PackageCache/com.unity.modules.physics:+/project/Library/PackageCache/com.unity.modules.physics2d:+/project/Library/PackageCache/com.unity.modules.screencapture:+/project/Library/PackageCache/com.unity.modules.ui:+/project/Library/PackageCache/com.unity.modules.uielements:+/project/Library/PackageCache/com.google.ads.mobile@0e7fbe087950:+/project/Library/PackageCache/com.google.external-dependency-manager@00acdad28d04:+/project/Library/PackageCache/com.unity.modules.hierarchycore:+/project/Library/PackageCache/com.unity.burst@2f3d916873ea:+/project/Library/PackageCache/com.unity.test-framework@0bd5c5194236:+/project/Library/PackageCache/com.unity.nuget.mono-cecil@ecb9724e46ff:+/project/Library/PackageCache/com.unity.test-framework.performance@8b56083ec0f0:+/project/Library/PackageCache/com.unity.ext.nunit@ec2d0043d6fc"
[API Updater] Processing imported assemblies took 2607 ms (15/15 assembly(ies)).
[Licensing::Client] Successfully resolved entitlement details
[Licensing::Client] Successfully resolved entitlement details
[Licensing::Client] Successfully resolved entitlement details
[Licensing::Client] Successfully resolved entitlement details
[Licensing::Client] Successfully resolved entitlement details
[Licensing::Client] Successfully resolved entitlement details
[Licensing::Client] Successfully resolved entitlement details
[Licensing::Client] Successfully resolved entitlement details
[Licensing::Client] Successfully resolved entitlement details
[Licensing::Client] Successfully resolved entitlement details
[Licensing::Client] Successfully resolved entitlement details
[Licensing::Client] Successfully resolved entitlement details
[Licensing::Client] Successfully resolved entitlement details
[Licensing::Client] Successfully resolved entitlement details
[Licensing::Client] Successfully resolved entitlement details
Filename: /opt/unity/Editor/Data/NetCoreRuntime/dotnet
Arguments: "/opt/unity/Editor/Data/Tools/BuildPipeline/Compilation/ApiUpdater/AssemblyUpdater.dll" update -a "/project/Library/PackageCache/com.google.ads.mobile@0e7fbe087950/GoogleMobileAds/GoogleMobileAds.Core.dll" --output "/tmp/tmp196d744.tmp" --api-version 6000.3.24f1  -s "/opt/unity/Editor/Data/NetStandard/ref/2.1.0:/opt/unity/Editor/Data/NetStandard/compat/2.1.0/shims/netstandard:/opt/unity/Editor/Data/NetStandard/compat/2.1.0/shims/netfx:+/project/Assets:+/project/Library/PackageCache/com.unity.collections@84e8eb3fc12e:+/project/Library/PackageCache/com.unity.inputsystem@57d0e36f6123:+/project/Library/PackageCache/com.unity.mathematics@19a9377c4ffa:+/project/Library/PackageCache/com.unity.ugui@ac1faea181f8:+/project/Library/PackageCache/com.unity.modules.androidjni:+/project/Library/PackageCache/com.unity.modules.animation:+/project/Library/PackageCache/com.unity.modules.audio:+/project/Library/PackageCache/com.unity.modules.imageconversion:+/project/Library/PackageCache/com.unity.modules.imgui:+/project/Library/PackageCache/com.unity.modules.jsonserialize:+/project/Library/PackageCache/com.unity.modules.particlesystem:+/project/Library/PackageCache/com.unity.modules.physics:+/project/Library/PackageCache/com.unity.modules.physics2d:+/project/Library/PackageCache/com.unity.modules.screencapture:+/project/Library/PackageCache/com.unity.modules.ui:+/project/Library/PackageCache/com.unity.modules.uielements:+/project/Library/PackageCache/com.google.ads.mobile@0e7fbe087950:+/project/Library/PackageCache/com.google.external-dependency-manager@00acdad28d04:+/project/Library/PackageCache/com.unity.modules.hierarchycore:+/project/Library/PackageCache/com.unity.burst@2f3d916873ea:+/project/Library/PackageCache/com.unity.test-framework@0bd5c5194236:+/project/Library/PackageCache/com.unity.nuget.mono-cecil@ecb9724e46ff:+/project/Library/PackageCache/com.unity.test-framework.performance@8b56083ec0f0:+/project/Library/PackageCache/com.unity.ext.nunit@ec2d0043d6fc:+/opt/unity/Editor/Data/Managed/UnityEngine" "/opt/unity/Editor/Data/Managed/UnityEngine/UnityEngine.CoreModule.dll"
Filename: /opt/unity/Editor/Data/NetCoreRuntime/dotnet
Arguments: "/opt/unity/Editor/Data/Tools/BuildPipeline/Compilation/ApiUpdater/AssemblyUpdater.dll" update -a "/project/Library/PackageCache/com.google.ads.mobile@0e7fbe087950/GoogleMobileAds/GoogleMobileAds.Common.dll" --output "/tmp/tmp4c0a62ad.tmp" --api-version 6000.3.24f1  -s "/opt/unity/Editor/Data/NetStandard/ref/2.1.0:/opt/unity/Editor/Data/NetStandard/compat/2.1.0/shims/netstandard:/opt/unity/Editor/Data/NetStandard/compat/2.1.0/shims/netfx:+/project/Assets:+/project/Library/PackageCache/com.unity.collections@84e8eb3fc12e:+/project/Library/PackageCache/com.unity.inputsystem@57d0e36f6123:+/project/Library/PackageCache/com.unity.mathematics@19a9377c4ffa:+/project/Library/PackageCache/com.unity.ugui@ac1faea181f8:+/project/Library/PackageCache/com.unity.modules.androidjni:+/project/Library/PackageCache/com.unity.modules.animation:+/project/Library/PackageCache/com.unity.modules.audio:+/project/Library/PackageCache/com.unity.modules.imageconversion:+/project/Library/PackageCache/com.unity.modules.imgui:+/project/Library/PackageCache/com.unity.modules.jsonserialize:+/project/Library/PackageCache/com.unity.modules.particlesystem:+/project/Library/PackageCache/com.unity.modules.physics:+/project/Library/PackageCache/com.unity.modules.physics2d:+/project/Library/PackageCache/com.unity.modules.screencapture:+/project/Library/PackageCache/com.unity.modules.ui:+/project/Library/PackageCache/com.unity.modules.uielements:+/project/Library/PackageCache/com.google.ads.mobile@0e7fbe087950:+/project/Library/PackageCache/com.google.external-dependency-manager@00acdad28d04:+/project/Library/PackageCache/com.unity.modules.hierarchycore:+/project/Library/PackageCache/com.unity.burst@2f3d916873ea:+/project/Library/PackageCache/com.unity.test-framework@0bd5c5194236:+/project/Library/PackageCache/com.unity.nuget.mono-cecil@ecb9724e46ff:+/project/Library/PackageCache/com.unity.test-framework.performance@8b56083ec0f0:+/project/Library/PackageCache/com.unity.ext.nunit@ec2d0043d6fc:+/opt/unity/Editor/Data/Managed/UnityEngine" "/opt/unity/Editor/Data/Managed/UnityEngine/UnityEngine.CoreModule.dll" "/opt/unity/Editor/Data/Managed/UnityEngine/UnityEngine.JSONSerializeModule.dll" "/opt/unity/Editor/Data/Managed/UnityEngine/UnityEngine.UnityWebRequestModule.dll" "/opt/unity/Editor/Data/Managed/UnityEngine/UnityEngine.ImageConversionModule.dll"
Filename: /opt/unity/Editor/Data/NetCoreRuntime/dotnet
Arguments: "/opt/unity/Editor/Data/Tools/BuildPipeline/Compilation/ApiUpdater/AssemblyUpdater.dll" update -a "/project/Library/PackageCache/com.google.ads.mobile@0e7fbe087950/GoogleMobileAds/GoogleMobileAds.Ump.Android.dll" --output "/tmp/tmpbbc402a.tmp" --api-version 6000.3.24f1  -s "/opt/unity/Editor/Data/NetStandard/ref/2.1.0:/opt/unity/Editor/Data/NetStandard/compat/2.1.0/shims/netstandard:/opt/unity/Editor/Data/NetStandard/compat/2.1.0/shims/netfx:+/project/Assets:+/project/Library/PackageCache/com.unity.collections@84e8eb3fc12e:+/project/Library/PackageCache/com.unity.inputsystem@57d0e36f6123:+/project/Library/PackageCache/com.unity.mathematics@19a9377c4ffa:+/project/Library/PackageCache/com.unity.ugui@ac1faea181f8:+/project/Library/PackageCache/com.unity.modules.androidjni:+/project/Library/PackageCache/com.unity.modules.animation:+/project/Library/PackageCache/com.unity.modules.audio:+/project/Library/PackageCache/com.unity.modules.imageconversion:+/project/Library/PackageCache/com.unity.modules.imgui:+/project/Library/PackageCache/com.unity.modules.jsonserialize:+/project/Library/PackageCache/com.unity.modules.particlesystem:+/project/Library/PackageCache/com.unity.modules.physics:+/project/Library/PackageCache/com.unity.modules.physics2d:+/project/Library/PackageCache/com.unity.modules.screencapture:+/project/Library/PackageCache/com.unity.modules.ui:+/project/Library/PackageCache/com.unity.modules.uielements:+/project/Library/PackageCache/com.google.ads.mobile@0e7fbe087950:+/project/Library/PackageCache/com.google.external-dependency-manager@00acdad28d04:+/project/Library/PackageCache/com.unity.modules.hierarchycore:+/project/Library/PackageCache/com.unity.burst@2f3d916873ea:+/project/Library/PackageCache/com.unity.test-framework@0bd5c5194236:+/project/Library/PackageCache/com.unity.nuget.mono-cecil@ecb9724e46ff:+/project/Library/PackageCache/com.unity.test-framework.performance@8b56083ec0f0:+/project/Library/PackageCache/com.unity.ext.nunit@ec2d0043d6fc:+/opt/unity/Editor/Data/Managed/UnityEngine" "/opt/unity/Editor/Data/Managed/UnityEngine/UnityEngine.AndroidJNIModule.dll" "/opt/unity/Editor/Data/Managed/UnityEngine/UnityEngine.CoreModule.dll"
Filename: /opt/unity/Editor/Data/NetCoreRuntime/dotnet
Arguments: "/opt/unity/Editor/Data/Tools/BuildPipeline/Compilation/ApiUpdater/AssemblyUpdater.dll" update -a "/project/Library/PackageCache/com.google.ads.mobile@0e7fbe087950/GoogleMobileAds/GoogleMobileAds.Ump.dll" --output "/tmp/tmpaaefeb0.tmp" --api-version 6000.3.24f1  -s "/opt/unity/Editor/Data/NetStandard/ref/2.1.0:/opt/unity/Editor/Data/NetStandard/compat/2.1.0/shims/netstandard:/opt/unity/Editor/Data/NetStandard/compat/2.1.0/shims/netfx:+/project/Assets:+/project/Library/PackageCache/com.unity.collections@84e8eb3fc12e:+/project/Library/PackageCache/com.unity.inputsystem@57d0e36f6123:+/project/Library/PackageCache/com.unity.mathematics@19a9377c4ffa:+/project/Library/PackageCache/com.unity.ugui@ac1faea181f8:+/project/Library/PackageCache/com.unity.modules.androidjni:+/project/Library/PackageCache/com.unity.modules.animation:+/project/Library/PackageCache/com.unity.modules.audio:+/project/Library/PackageCache/com.unity.modules.imageconversion:+/project/Library/PackageCache/com.unity.modules.imgui:+/project/Library/PackageCache/com.unity.modules.jsonserialize:+/project/Library/PackageCache/com.unity.modules.particlesystem:+/project/Library/PackageCache/com.unity.modules.physics:+/project/Library/PackageCache/com.unity.modules.physics2d:+/project/Library/PackageCache/com.unity.modules.screencapture:+/project/Library/PackageCache/com.unity.modules.ui:+/project/Library/PackageCache/com.unity.modules.uielements:+/project/Library/PackageCache/com.google.ads.mobile@0e7fbe087950:+/project/Library/PackageCache/com.google.external-dependency-manager@00acdad28d04:+/project/Library/PackageCache/com.unity.modules.hierarchycore:+/project/Library/PackageCache/com.unity.burst@2f3d916873ea:+/project/Library/PackageCache/com.unity.test-framework@0bd5c5194236:+/project/Library/PackageCache/com.unity.nuget.mono-cecil@ecb9724e46ff:+/project/Library/PackageCache/com.unity.test-framework.performance@8b56083ec0f0:+/project/Library/PackageCache/com.unity.ext.nunit@ec2d0043d6fc:+/opt/unity/Editor/Data/Managed/UnityEngine" "/opt/unity/Editor/Data/Managed/UnityEngine/UnityEngine.CoreModule.dll"
Filename: /opt/unity/Editor/Data/NetCoreRuntime/dotnet
Arguments: "/opt/unity/Editor/Data/Tools/BuildPipeline/Compilation/ApiUpdater/AssemblyUpdater.dll" update -a "/project/Library/PackageCache/com.google.ads.mobile@0e7fbe087950/GoogleMobileAds/GoogleMobileAds.Android.dll" --output "/tmp/tmp2e7f60ad.tmp" --api-version 6000.3.24f1  -s "/opt/unity/Editor/Data/NetStandard/ref/2.1.0:/opt/unity/Editor/Data/NetStandard/compat/2.1.0/shims/netstandard:/opt/unity/Editor/Data/NetStandard/compat/2.1.0/shims/netfx:+/project/Assets:+/project/Library/PackageCache/com.unity.collections@84e8eb3fc12e:+/project/Library/PackageCache/com.unity.inputsystem@57d0e36f6123:+/project/Library/PackageCache/com.unity.mathematics@19a9377c4ffa:+/project/Library/PackageCache/com.unity.ugui@ac1faea181f8:+/project/Library/PackageCache/com.unity.modules.androidjni:+/project/Library/PackageCache/com.unity.modules.animation:+/project/Library/PackageCache/com.unity.modules.audio:+/project/Library/PackageCache/com.unity.modules.imageconversion:+/project/Library/PackageCache/com.unity.modules.imgui:+/project/Library/PackageCache/com.unity.modules.jsonserialize:+/project/Library/PackageCache/com.unity.modules.particlesystem:+/project/Library/PackageCache/com.unity.modules.physics:+/project/Library/PackageCache/com.unity.modules.physics2d:+/project/Library/PackageCache/com.unity.modules.screencapture:+/project/Library/PackageCache/com.unity.modules.ui:+/project/Library/PackageCache/com.unity.modules.uielements:+/project/Library/PackageCache/com.google.ads.mobile@0e7fbe087950:+/project/Library/PackageCache/com.google.external-dependency-manager@00acdad28d04:+/project/Library/PackageCache/com.unity.modules.hierarchycore:+/project/Library/PackageCache/com.unity.burst@2f3d916873ea:+/project/Library/PackageCache/com.unity.test-framework@0bd5c5194236:+/project/Library/PackageCache/com.unity.nuget.mono-cecil@ecb9724e46ff:+/project/Library/PackageCache/com.unity.test-framework.performance@8b56083ec0f0:+/project/Library/PackageCache/com.unity.ext.nunit@ec2d0043d6fc:+/opt/unity/Editor/Data/Managed/UnityEngine" "/opt/unity/Editor/Data/Managed/UnityEngine/UnityEngine.AndroidJNIModule.dll" "/opt/unity/Editor/Data/Managed/UnityEngine/UnityEngine.CoreModule.dll"
Filename: /opt/unity/Editor/Data/NetCoreRuntime/dotnet
Arguments: "/opt/unity/Editor/Data/Tools/BuildPipeline/Compilation/ApiUpdater/AssemblyUpdater.dll" update -a "/project/Library/PackageCache/com.google.ads.mobile@0e7fbe087950/GoogleMobileAds/GoogleMobileAds.dll" --output "/tmp/tmp325b3b51.tmp" --api-version 6000.3.24f1  -s "/opt/unity/Editor/Data/NetStandard/ref/2.1.0:/opt/unity/Editor/Data/NetStandard/compat/2.1.0/shims/netstandard:/opt/unity/Editor/Data/NetStandard/compat/2.1.0/shims/netfx:+/project/Assets:+/project/Library/PackageCache/com.unity.collections@84e8eb3fc12e:+/project/Library/PackageCache/com.unity.inputsystem@57d0e36f6123:+/project/Library/PackageCache/com.unity.mathematics@19a9377c4ffa:+/project/Library/PackageCache/com.unity.ugui@ac1faea181f8:+/project/Library/PackageCache/com.unity.modules.androidjni:+/project/Library/PackageCache/com.unity.modules.animation:+/project/Library/PackageCache/com.unity.modules.audio:+/project/Library/PackageCache/com.unity.modules.imageconversion:+/project/Library/PackageCache/com.unity.modules.imgui:+/project/Library/PackageCache/com.unity.modules.jsonserialize:+/project/Library/PackageCache/com.unity.modules.particlesystem:+/project/Library/PackageCache/com.unity.modules.physics:+/project/Library/PackageCache/com.unity.modules.physics2d:+/project/Library/PackageCache/com.unity.modules.screencapture:+/project/Library/PackageCache/com.unity.modules.ui:+/project/Library/PackageCache/com.unity.modules.uielements:+/project/Library/PackageCache/com.google.ads.mobile@0e7fbe087950:+/project/Library/PackageCache/com.google.external-dependency-manager@00acdad28d04:+/project/Library/PackageCache/com.unity.modules.hierarchycore:+/project/Library/PackageCache/com.unity.burst@2f3d916873ea:+/project/Library/PackageCache/com.unity.test-framework@0bd5c5194236:+/project/Library/PackageCache/com.unity.nuget.mono-cecil@ecb9724e46ff:+/project/Library/PackageCache/com.unity.test-framework.performance@8b56083ec0f0:+/project/Library/PackageCache/com.unity.ext.nunit@ec2d0043d6fc:+/opt/unity/Editor/Data/Managed/UnityEngine" "/opt/unity/Editor/Data/Managed/UnityEngine/UnityEngine.CoreModule.dll"
Filename: /opt/unity/Editor/Data/NetCoreRuntime/dotnet
Arguments: "/opt/unity/Editor/Data/Tools/BuildPipeline/Compilation/ApiUpdater/AssemblyUpdater.dll" update -a "/project/Library/PackageCache/com.google.ads.mobile@0e7fbe087950/GoogleMobileAds/GoogleMobileAds.Ump.Unity.dll" --output "/tmp/tmp7ec9a05f.tmp" --api-version 6000.3.24f1  -s "/opt/unity/Editor/Data/NetStandard/ref/2.1.0:/opt/unity/Editor/Data/NetStandard/compat/2.1.0/shims/netstandard:/opt/unity/Editor/Data/NetStandard/compat/2.1.0/shims/netfx:+/project/Assets:+/project/Library/PackageCache/com.unity.collections@84e8eb3fc12e:+/project/Library/PackageCache/com.unity.inputsystem@57d0e36f6123:+/project/Library/PackageCache/com.unity.mathematics@19a9377c4ffa:+/project/Library/PackageCache/com.unity.ugui@ac1faea181f8:+/project/Library/PackageCache/com.unity.modules.androidjni:+/project/Library/PackageCache/com.unity.modules.animation:+/project/Library/PackageCache/com.unity.modules.audio:+/project/Library/PackageCache/com.unity.modules.imageconversion:+/project/Library/PackageCache/com.unity.modules.imgui:+/project/Library/PackageCache/com.unity.modules.jsonserialize:+/project/Library/PackageCache/com.unity.modules.particlesystem:+/project/Library/PackageCache/com.unity.modules.physics:+/project/Library/PackageCache/com.unity.modules.physics2d:+/project/Library/PackageCache/com.unity.modules.screencapture:+/project/Library/PackageCache/com.unity.modules.ui:+/project/Library/PackageCache/com.unity.modules.uielements:+/project/Library/PackageCache/com.google.ads.mobile@0e7fbe087950:+/project/Library/PackageCache/com.google.external-dependency-manager@00acdad28d04:+/project/Library/PackageCache/com.unity.modules.hierarchycore:+/project/Library/PackageCache/com.unity.burst@2f3d916873ea:+/project/Library/PackageCache/com.unity.test-framework@0bd5c5194236:+/project/Library/PackageCache/com.unity.nuget.mono-cecil@ecb9724e46ff:+/project/Library/PackageCache/com.unity.test-framework.performance@8b56083ec0f0:+/project/Library/PackageCache/com.unity.ext.nunit@ec2d0043d6fc:+/opt/unity/Editor/Data/Managed/UnityEngine" "/opt/unity/Editor/Data/Managed/UnityEngine/UnityEngine.CoreModule.dll"
Filename: /opt/unity/Editor/Data/NetCoreRuntime/dotnet
Arguments: "/opt/unity/Editor/Data/Tools/BuildPipeline/Compilation/ApiUpdater/AssemblyUpdater.dll" update -a "/project/Library/PackageCache/com.google.ads.mobile@0e7fbe087950/GoogleMobileAds/GoogleMobileAds.Ump.iOS.dll" --output "/tmp/tmp73256f73.tmp" --api-version 6000.3.24f1  -s "/opt/unity/Editor/Data/NetStandard/ref/2.1.0:/opt/unity/Editor/Data/NetStandard/compat/2.1.0/shims/netstandard:/opt/unity/Editor/Data/NetStandard/compat/2.1.0/shims/netfx:+/project/Assets:+/project/Library/PackageCache/com.unity.collections@84e8eb3fc12e:+/project/Library/PackageCache/com.unity.inputsystem@57d0e36f6123:+/project/Library/PackageCache/com.unity.mathematics@19a9377c4ffa:+/project/Library/PackageCache/com.unity.ugui@ac1faea181f8:+/project/Library/PackageCache/com.unity.modules.androidjni:+/project/Library/PackageCache/com.unity.modules.animation:+/project/Library/PackageCache/com.unity.modules.audio:+/project/Library/PackageCache/com.unity.modules.imageconversion:+/project/Library/PackageCache/com.unity.modules.imgui:+/project/Library/PackageCache/com.unity.modules.jsonserialize:+/project/Library/PackageCache/com.unity.modules.particlesystem:+/project/Library/PackageCache/com.unity.modules.physics:+/project/Library/PackageCache/com.unity.modules.physics2d:+/project/Library/PackageCache/com.unity.modules.screencapture:+/project/Library/PackageCache/com.unity.modules.ui:+/project/Library/PackageCache/com.unity.modules.uielements:+/project/Library/PackageCache/com.google.ads.mobile@0e7fbe087950:+/project/Library/PackageCache/com.google.external-dependency-manager@00acdad28d04:+/project/Library/PackageCache/com.unity.modules.hierarchycore:+/project/Library/PackageCache/com.unity.burst@2f3d916873ea:+/project/Library/PackageCache/com.unity.test-framework@0bd5c5194236:+/project/Library/PackageCache/com.unity.nuget.mono-cecil@ecb9724e46ff:+/project/Library/PackageCache/com.unity.test-framework.performance@8b56083ec0f0:+/project/Library/PackageCache/com.unity.ext.nunit@ec2d0043d6fc:+/opt/unity/Editor/Data/Managed/UnityEngine" "/opt/unity/Editor/Data/Managed/UnityEngine/UnityEngine.CoreModule.dll"
Filename: /opt/unity/Editor/Data/NetCoreRuntime/dotnet
Arguments: "/opt/unity/Editor/Data/Tools/BuildPipeline/Compilation/ApiUpdater/AssemblyUpdater.dll" update -a "/project/Library/PackageCache/com.google.ads.mobile@0e7fbe087950/GoogleMobileAds/GoogleMobileAds.Unity.dll" --output "/tmp/tmp11bcd477.tmp" --api-version 6000.3.24f1  -s "/opt/unity/Editor/Data/NetStandard/ref/2.1.0:/opt/unity/Editor/Data/NetStandard/compat/2.1.0/shims/netstandard:/opt/unity/Editor/Data/NetStandard/compat/2.1.0/shims/netfx:+/project/Assets:+/project/Library/PackageCache/com.unity.collections@84e8eb3fc12e:+/project/Library/PackageCache/com.unity.inputsystem@57d0e36f6123:+/project/Library/PackageCache/com.unity.mathematics@19a9377c4ffa:+/project/Library/PackageCache/com.unity.ugui@ac1faea181f8:+/project/Library/PackageCache/com.unity.modules.androidjni:+/project/Library/PackageCache/com.unity.modules.animation:+/project/Library/PackageCache/com.unity.modules.audio:+/project/Library/PackageCache/com.unity.modules.imageconversion:+/project/Library/PackageCache/com.unity.modules.imgui:+/project/Library/PackageCache/com.unity.modules.jsonserialize:+/project/Library/PackageCache/com.unity.modules.particlesystem:+/project/Library/PackageCache/com.unity.modules.physics:+/project/Library/PackageCache/com.unity.modules.physics2d:+/project/Library/PackageCache/com.unity.modules.screencapture:+/project/Library/PackageCache/com.unity.modules.ui:+/project/Library/PackageCache/com.unity.modules.uielements:+/project/Library/PackageCache/com.google.ads.mobile@0e7fbe087950:+/project/Library/PackageCache/com.google.external-dependency-manager@00acdad28d04:+/project/Library/PackageCache/com.unity.modules.hierarchycore:+/project/Library/PackageCache/com.unity.burst@2f3d916873ea:+/project/Library/PackageCache/com.unity.test-framework@0bd5c5194236:+/project/Library/PackageCache/com.unity.nuget.mono-cecil@ecb9724e46ff:+/project/Library/PackageCache/com.unity.test-framework.performance@8b56083ec0f0:+/project/Library/PackageCache/com.unity.ext.nunit@ec2d0043d6fc:+/opt/unity/Editor/Data/Managed/UnityEngine" "/opt/unity/Editor/Data/Managed/UnityEngine/UnityEngine.CoreModule.dll" "/opt/unity/Editor/Data/Managed/UnityEngine/UnityEngine.UIModule.dll"
Filename: /opt/unity/Editor/Data/NetCoreRuntime/dotnet
Arguments: "/opt/unity/Editor/Data/Tools/BuildPipeline/Compilation/ApiUpdater/AssemblyUpdater.dll" update -a "/project/Library/PackageCache/com.google.ads.mobile@0e7fbe087950/GoogleMobileAds/GoogleMobileAds.iOS.dll" --output "/tmp/tmp1c6e2bc2.tmp" --api-version 6000.3.24f1  -s "/opt/unity/Editor/Data/NetStandard/ref/2.1.0:/opt/unity/Editor/Data/NetStandard/compat/2.1.0/shims/netstandard:/opt/unity/Editor/Data/NetStandard/compat/2.1.0/shims/netfx:+/project/Assets:+/project/Library/PackageCache/com.unity.collections@84e8eb3fc12e:+/project/Library/PackageCache/com.unity.inputsystem@57d0e36f6123:+/project/Library/PackageCache/com.unity.mathematics@19a9377c4ffa:+/project/Library/PackageCache/com.unity.ugui@ac1faea181f8:+/project/Library/PackageCache/com.unity.modules.androidjni:+/project/Library/PackageCache/com.unity.modules.animation:+/project/Library/PackageCache/com.unity.modules.audio:+/project/Library/PackageCache/com.unity.modules.imageconversion:+/project/Library/PackageCache/com.unity.modules.imgui:+/project/Library/PackageCache/com.unity.modules.jsonserialize:+/project/Library/PackageCache/com.unity.modules.particlesystem:+/project/Library/PackageCache/com.unity.modules.physics:+/project/Library/PackageCache/com.unity.modules.physics2d:+/project/Library/PackageCache/com.unity.modules.screencapture:+/project/Library/PackageCache/com.unity.modules.ui:+/project/Library/PackageCache/com.unity.modules.uielements:+/project/Library/PackageCache/com.google.ads.mobile@0e7fbe087950:+/project/Library/PackageCache/com.google.external-dependency-manager@00acdad28d04:+/project/Library/PackageCache/com.unity.modules.hierarchycore:+/project/Library/PackageCache/com.unity.burst@2f3d916873ea:+/project/Library/PackageCache/com.unity.test-framework@0bd5c5194236:+/project/Library/PackageCache/com.unity.nuget.mono-cecil@ecb9724e46ff:+/project/Library/PackageCache/com.unity.test-framework.performance@8b56083ec0f0:+/project/Library/PackageCache/com.unity.ext.nunit@ec2d0043d6fc:+/opt/unity/Editor/Data/Managed/UnityEngine" "/opt/unity/Editor/Data/Managed/UnityEngine/UnityEngine.CoreModule.dll"
Filename: /opt/unity/Editor/Data/NetCoreRuntime/dotnet
Arguments: "/opt/unity/Editor/Data/Tools/BuildPipeline/Compilation/ApiUpdater/AssemblyUpdater.dll" update -a "/project/Library/PackageCache/com.google.external-dependency-manager@00acdad28d04/ExternalDependencyManager/Editor/1.2.189/Google.VersionHandlerImpl.dll" --output "/tmp/tmp2a774a0d.tmp" --api-version 6000.3.24f1  -s "/opt/unity/Editor/Data/NetStandard/ref/2.1.0:/opt/unity/Editor/Data/NetStandard/compat/2.1.0/shims/netstandard:/opt/unity/Editor/Data/NetStandard/compat/2.1.0/shims/netfx:+/project/Assets:+/project/Library/PackageCache/com.unity.collections@84e8eb3fc12e:+/project/Library/PackageCache/com.unity.inputsystem@57d0e36f6123:+/project/Library/PackageCache/com.unity.mathematics@19a9377c4ffa:+/project/Library/PackageCache/com.unity.ugui@ac1faea181f8:+/project/Library/PackageCache/com.unity.modules.androidjni:+/project/Library/PackageCache/com.unity.modules.animation:+/project/Library/PackageCache/com.unity.modules.audio:+/project/Library/PackageCache/com.unity.modules.imageconversion:+/project/Library/PackageCache/com.unity.modules.imgui:+/project/Library/PackageCache/com.unity.modules.jsonserialize:+/project/Library/PackageCache/com.unity.modules.particlesystem:+/project/Library/PackageCache/com.unity.modules.physics:+/project/Library/PackageCache/com.unity.modules.physics2d:+/project/Library/PackageCache/com.unity.modules.screencapture:+/project/Library/PackageCache/com.unity.modules.ui:+/project/Library/PackageCache/com.unity.modules.uielements:+/project/Library/PackageCache/com.google.ads.mobile@0e7fbe087950:+/project/Library/PackageCache/com.google.external-dependency-manager@00acdad28d04:+/project/Library/PackageCache/com.unity.modules.hierarchycore:+/project/Library/PackageCache/com.unity.burst@2f3d916873ea:+/project/Library/PackageCache/com.unity.test-framework@0bd5c5194236:+/project/Library/PackageCache/com.unity.nuget.mono-cecil@ecb9724e46ff:+/project/Library/PackageCache/com.unity.test-framework.performance@8b56083ec0f0:+/project/Library/PackageCache/com.unity.ext.nunit@ec2d0043d6fc:+/opt/unity/Editor/Data/Managed" "/opt/unity/Editor/Data/Managed/UnityEditor.dll" "/opt/unity/Editor/Data/Managed/UnityEngine.dll"
Filename: /opt/unity/Editor/Data/NetCoreRuntime/dotnet
Arguments: "/opt/unity/Editor/Data/Tools/BuildPipeline/Compilation/ApiUpdater/AssemblyUpdater.dll" update -a "/project/Library/PackageCache/com.google.external-dependency-manager@00acdad28d04/ExternalDependencyManager/Editor/1.2.189/Google.JarResolver.dll" --output "/tmp/tmp7820f6f5.tmp" --api-version 6000.3.24f1  -s "/opt/unity/Editor/Data/NetStandard/ref/2.1.0:/opt/unity/Editor/Data/NetStandard/compat/2.1.0/shims/netstandard:/opt/unity/Editor/Data/NetStandard/compat/2.1.0/shims/netfx:+/project/Assets:+/project/Library/PackageCache/com.unity.collections@84e8eb3fc12e:+/project/Library/PackageCache/com.unity.inputsystem@57d0e36f6123:+/project/Library/PackageCache/com.unity.mathematics@19a9377c4ffa:+/project/Library/PackageCache/com.unity.ugui@ac1faea181f8:+/project/Library/PackageCache/com.unity.modules.androidjni:+/project/Library/PackageCache/com.unity.modules.animation:+/project/Library/PackageCache/com.unity.modules.audio:+/project/Library/PackageCache/com.unity.modules.imageconversion:+/project/Library/PackageCache/com.unity.modules.imgui:+/project/Library/PackageCache/com.unity.modules.jsonserialize:+/project/Library/PackageCache/com.unity.modules.particlesystem:+/project/Library/PackageCache/com.unity.modules.physics:+/project/Library/PackageCache/com.unity.modules.physics2d:+/project/Library/PackageCache/com.unity.modules.screencapture:+/project/Library/PackageCache/com.unity.modules.ui:+/project/Library/PackageCache/com.unity.modules.uielements:+/project/Library/PackageCache/com.google.ads.mobile@0e7fbe087950:+/project/Library/PackageCache/com.google.external-dependency-manager@00acdad28d04:+/project/Library/PackageCache/com.unity.modules.hierarchycore:+/project/Library/PackageCache/com.unity.burst@2f3d916873ea:+/project/Library/PackageCache/com.unity.test-framework@0bd5c5194236:+/project/Library/PackageCache/com.unity.nuget.mono-cecil@ecb9724e46ff:+/project/Library/PackageCache/com.unity.test-framework.performance@8b56083ec0f0:+/project/Library/PackageCache/com.unity.ext.nunit@ec2d0043d6fc:+/opt/unity/Editor/Data/Managed" "/opt/unity/Editor/Data/Managed/UnityEngine.dll" "/opt/unity/Editor/Data/Managed/UnityEditor.dll"
Filename: /opt/unity/Editor/Data/NetCoreRuntime/dotnet
Arguments: "/opt/unity/Editor/Data/Tools/BuildPipeline/Compilation/ApiUpdater/AssemblyUpdater.dll" update -a "/project/Library/PackageCache/com.google.external-dependency-manager@00acdad28d04/ExternalDependencyManager/Editor/Google.VersionHandler.dll" --output "/tmp/tmp2ad1b2b7.tmp" --api-version 6000.3.24f1  -s "/opt/unity/Editor/Data/NetStandard/ref/2.1.0:/opt/unity/Editor/Data/NetStandard/compat/2.1.0/shims/netstandard:/opt/unity/Editor/Data/NetStandard/compat/2.1.0/shims/netfx:+/project/Assets:+/project/Library/PackageCache/com.unity.collections@84e8eb3fc12e:+/project/Library/PackageCache/com.unity.inputsystem@57d0e36f6123:+/project/Library/PackageCache/com.unity.mathematics@19a9377c4ffa:+/project/Library/PackageCache/com.unity.ugui@ac1faea181f8:+/project/Library/PackageCache/com.unity.modules.androidjni:+/project/Library/PackageCache/com.unity.modules.animation:+/project/Library/PackageCache/com.unity.modules.audio:+/project/Library/PackageCache/com.unity.modules.imageconversion:+/project/Library/PackageCache/com.unity.modules.imgui:+/project/Library/PackageCache/com.unity.modules.jsonserialize:+/project/Library/PackageCache/com.unity.modules.particlesystem:+/project/Library/PackageCache/com.unity.modules.physics:+/project/Library/PackageCache/com.unity.modules.physics2d:+/project/Library/PackageCache/com.unity.modules.screencapture:+/project/Library/PackageCache/com.unity.modules.ui:+/project/Library/PackageCache/com.unity.modules.uielements:+/project/Library/PackageCache/com.google.ads.mobile@0e7fbe087950:+/project/Library/PackageCache/com.google.external-dependency-manager@00acdad28d04:+/project/Library/PackageCache/com.unity.modules.hierarchycore:+/project/Library/PackageCache/com.unity.burst@2f3d916873ea:+/project/Library/PackageCache/com.unity.test-framework@0bd5c5194236:+/project/Library/PackageCache/com.unity.nuget.mono-cecil@ecb9724e46ff:+/project/Library/PackageCache/com.unity.test-framework.performance@8b56083ec0f0:+/project/Library/PackageCache/com.unity.ext.nunit@ec2d0043d6fc:+/opt/unity/Editor/Data/Managed" "/opt/unity/Editor/Data/Managed/UnityEditor.dll" "/opt/unity/Editor/Data/Managed/UnityEngine.dll"
Filename: /opt/unity/Editor/Data/NetCoreRuntime/dotnet
Arguments: "/opt/unity/Editor/Data/Tools/BuildPipeline/Compilation/ApiUpdater/AssemblyUpdater.dll" update -a "/project/Library/PackageCache/com.google.external-dependency-manager@00acdad28d04/ExternalDependencyManager/Editor/1.2.189/Google.IOSResolver.dll" --output "/tmp/tmp30ece79.tmp" --api-version 6000.3.24f1  -s "/opt/unity/Editor/Data/NetStandard/ref/2.1.0:/opt/unity/Editor/Data/NetStandard/compat/2.1.0/shims/netstandard:/opt/unity/Editor/Data/NetStandard/compat/2.1.0/shims/netfx:+/project/Assets:+/project/Library/PackageCache/com.unity.collections@84e8eb3fc12e:+/project/Library/PackageCache/com.unity.inputsystem@57d0e36f6123:+/project/Library/PackageCache/com.unity.mathematics@19a9377c4ffa:+/project/Library/PackageCache/com.unity.ugui@ac1faea181f8:+/project/Library/PackageCache/com.unity.modules.androidjni:+/project/Library/PackageCache/com.unity.modules.animation:+/project/Library/PackageCache/com.unity.modules.audio:+/project/Library/PackageCache/com.unity.modules.imageconversion:+/project/Library/PackageCache/com.unity.modules.imgui:+/project/Library/PackageCache/com.unity.modules.jsonserialize:+/project/Library/PackageCache/com.unity.modules.particlesystem:+/project/Library/PackageCache/com.unity.modules.physics:+/project/Library/PackageCache/com.unity.modules.physics2d:+/project/Library/PackageCache/com.unity.modules.screencapture:+/project/Library/PackageCache/com.unity.modules.ui:+/project/Library/PackageCache/com.unity.modules.uielements:+/project/Library/PackageCache/com.google.ads.mobile@0e7fbe087950:+/project/Library/PackageCache/com.google.external-dependency-manager@00acdad28d04:+/project/Library/PackageCache/com.unity.modules.hierarchycore:+/project/Library/PackageCache/com.unity.burst@2f3d916873ea:+/project/Library/PackageCache/com.unity.test-framework@0bd5c5194236:+/project/Library/PackageCache/com.unity.nuget.mono-cecil@ecb9724e46ff:+/project/Library/PackageCache/com.unity.test-framework.performance@8b56083ec0f0:+/project/Library/PackageCache/com.unity.ext.nunit@ec2d0043d6fc:+/opt/unity/Editor/Data/Managed" "/opt/unity/Editor/Data/Managed/UnityEditor.dll" "/opt/unity/Editor/Data/Managed/UnityEngine.dll"
Filename: /opt/unity/Editor/Data/NetCoreRuntime/dotnet
Arguments: "/opt/unity/Editor/Data/Tools/BuildPipeline/Compilation/ApiUpdater/AssemblyUpdater.dll" update -a "/project/Library/PackageCache/com.google.external-dependency-manager@00acdad28d04/ExternalDependencyManager/Editor/1.2.189/Google.PackageManagerResolver.dll" --output "/tmp/tmp2f187fd8.tmp" --api-version 6000.3.24f1  -s "/opt/unity/Editor/Data/NetStandard/ref/2.1.0:/opt/unity/Editor/Data/NetStandard/compat/2.1.0/shims/netstandard:/opt/unity/Editor/Data/NetStandard/compat/2.1.0/shims/netfx:+/project/Assets:+/project/Library/PackageCache/com.unity.collections@84e8eb3fc12e:+/project/Library/PackageCache/com.unity.inputsystem@57d0e36f6123:+/project/Library/PackageCache/com.unity.mathematics@19a9377c4ffa:+/project/Library/PackageCache/com.unity.ugui@ac1faea181f8:+/project/Library/PackageCache/com.unity.modules.androidjni:+/project/Library/PackageCache/com.unity.modules.animation:+/project/Library/PackageCache/com.unity.modules.audio:+/project/Library/PackageCache/com.unity.modules.imageconversion:+/project/Library/PackageCache/com.unity.modules.imgui:+/project/Library/PackageCache/com.unity.modules.jsonserialize:+/project/Library/PackageCache/com.unity.modules.particlesystem:+/project/Library/PackageCache/com.unity.modules.physics:+/project/Library/PackageCache/com.unity.modules.physics2d:+/project/Library/PackageCache/com.unity.modules.screencapture:+/project/Library/PackageCache/com.unity.modules.ui:+/project/Library/PackageCache/com.unity.modules.uielements:+/project/Library/PackageCache/com.google.ads.mobile@0e7fbe087950:+/project/Library/PackageCache/com.google.external-dependency-manager@00acdad28d04:+/project/Library/PackageCache/com.unity.modules.hierarchycore:+/project/Library/PackageCache/com.unity.burst@2f3d916873ea:+/project/Library/PackageCache/com.unity.test-framework@0bd5c5194236:+/project/Library/PackageCache/com.unity.nuget.mono-cecil@ecb9724e46ff:+/project/Library/PackageCache/com.unity.test-framework.performance@8b56083ec0f0:+/project/Library/PackageCache/com.unity.ext.nunit@ec2d0043d6fc:+/opt/unity/Editor/Data/Managed" "/opt/unity/Editor/Data/Managed/UnityEditor.dll" "/opt/unity/Editor/Data/Managed/UnityEngine.dll"
[API Updater] Assemblies not requiring updates:
[API Updater] Packages/com.google.ads.mobile/GoogleMobileAds/GoogleMobileAds.Core.dll
[API Updater] Packages/com.google.ads.mobile/GoogleMobileAds/GoogleMobileAds.Common.dll
[API Updater] Packages/com.google.ads.mobile/GoogleMobileAds/GoogleMobileAds.Android.dll
[API Updater] Packages/com.google.ads.mobile/GoogleMobileAds/GoogleMobileAds.Ump.dll
[API Updater] Packages/com.google.ads.mobile/GoogleMobileAds/GoogleMobileAds.Ump.Android.dll
[API Updater] Packages/com.google.ads.mobile/GoogleMobileAds/GoogleMobileAds.dll
[API Updater] Packages/com.google.ads.mobile/GoogleMobileAds/GoogleMobileAds.Ump.Unity.dll
[API Updater] Packages/com.google.ads.mobile/GoogleMobileAds/GoogleMobileAds.Ump.iOS.dll
[API Updater] Packages/com.google.ads.mobile/GoogleMobileAds/GoogleMobileAds.Unity.dll
[API Updater] Packages/com.google.ads.mobile/GoogleMobileAds/GoogleMobileAds.iOS.dll
[API Updater] Packages/com.google.external-dependency-manager/ExternalDependencyManager/Editor/1.2.189/Google.VersionHandlerImpl.dll
[API Updater] Packages/com.google.external-dependency-manager/ExternalDependencyManager/Editor/1.2.189/Google.JarResolver.dll
[API Updater] Packages/com.google.external-dependency-manager/ExternalDependencyManager/Editor/Google.VersionHandler.dll
[API Updater] Packages/com.google.external-dependency-manager/ExternalDependencyManager/Editor/1.2.189/Google.IOSResolver.dll
[API Updater] Packages/com.google.external-dependency-manager/ExternalDependencyManager/Editor/1.2.189/Google.PackageManagerResolver.dll
[API Updater] Update finished with success in 6962 ms (0/15 assembly(ies) updated).
Assembly Updater Post Process Assets time: 9.572741s
[ScriptCompilation] Requested script compilation because: Assembly Definition File(s) changed
[ScriptCompilation] Requested script compilation because: Assetdatabase observed changes in script compilation related files
[40m[32minfo[39m[22m[49m: Microsoft.Hosting.Lifetime[14]
      Now listening on: http://unix:/tmp/ilpp.sock-5fc8cbfa389331b1e255309fb814e130
[40m[32minfo[39m[22m[49m: Microsoft.Hosting.Lifetime[0]
      Application started. Press Ctrl+C to shut down.
[40m[32minfo[39m[22m[49m: Microsoft.Hosting.Lifetime[0]
      Hosting environment: Production
[40m[32minfo[39m[22m[49m: Microsoft.Hosting.Lifetime[0]
      Content root path: /project/
[40m[32minfo[39m[22m[49m: Microsoft.AspNetCore.Hosting.Diagnostics[1]
      Request starting HTTP/2 POST http://ilpp/UnityILPP.PostProcessing/Ping application/grpc -
[40m[32minfo[39m[22m[49m: Microsoft.AspNetCore.Routing.EndpointMiddleware[0]
      Executing endpoint 'gRPC - /UnityILPP.PostProcessing/Ping'
[40m[32minfo[39m[22m[49m: Microsoft.AspNetCore.Routing.EndpointMiddleware[1]
      Executed endpoint 'gRPC - /UnityILPP.PostProcessing/Ping'
[40m[32minfo[39m[22m[49m: Microsoft.AspNetCore.Hosting.Diagnostics[2]
      Request finished HTTP/2 POST http://ilpp/UnityILPP.PostProcessing/Ping application/grpc - - 200 - application/grpc 36.3804ms
Starting: /opt/unity/Editor/Data/Tools/BuildPipeline/bee_backend --ipc --defer-dag-verification --dagfile="Library/Bee/1300b0aE.dag" --continue-on-failure --profile="Library/Bee/backend1.traceevents" ScriptAssemblies
WorkingDir: /project
DisplayProgressbar: Compiling Scripts
ExitCode: 4 Duration: 0s409ms
Rebuilding DAG because FileSignature timestamp changed: Library/Bee/1300b0aE-inputdata.json
*** Tundra requires additional run (0.40 seconds), 0 items updated, 0 evaluated
Starting: /opt/unity/Editor/Data/netcorerun/netcorerun "/opt/unity/Editor/Data/Tools/BuildPipeline/ScriptCompilationBuildProgram.exe" "Library/Bee/1300b0aE.dag.json" "Library/Bee/1300b0aE-inputdata.json" "Library/Bee/buildprogram0.traceevents"
WorkingDir: /project
ExitCode: 0 Duration: 0s445ms
Starting: /opt/unity/Editor/Data/Tools/BuildPipeline/bee_backend --ipc --defer-dag-verification --dagfile="Library/Bee/1300b0aE.dag" --continue-on-failure --dagfilejson="Library/Bee/1300b0aE.dag.json" --profile="Library/Bee/backend2.traceevents" ScriptAssemblies
WorkingDir: /project
[40m[32minfo[39m[22m[49m: Microsoft.AspNetCore.Hosting.Diagnostics[1]
      Request starting HTTP/2 POST http://ilpp/UnityILPP.PostProcessing/ConfigurePostProcessors application/grpc -
[40m[32minfo[39m[22m[49m: Microsoft.AspNetCore.Routing.EndpointMiddleware[0]
      Executing endpoint 'gRPC - /UnityILPP.PostProcessing/ConfigurePostProcessors'
[40m[1m[33mwarn[39m[22m[49m: Unity.ILPP.Runner.PostProcessingAssemblyLoadContext[0]
      Assembly system.runtime.interopservices.windowsruntime has duplicate hint path. Ignoring "/opt/unity/Editor/Data/UnityReferenceAssemblies/unity-4.8-api/Facades/System.Runtime.InteropServices.WindowsRuntime.dll" in favor of "/opt/unity/Editor/Data/NetStandard/Extensions/2.0.0/System.Runtime.InteropServices.WindowsRuntime.dll"
[40m[1m[33mwarn[39m[22m[49m: Unity.ILPP.Runner.PostProcessingAssemblyLoadContext[0]
      Assembly system.componentmodel.composition has duplicate hint path. Ignoring "/opt/unity/Editor/Data/UnityReferenceAssemblies/unity-4.8-api/System.ComponentModel.Composition.dll" in favor of "/opt/unity/Editor/Data/NetStandard/compat/2.1.0/shims/netfx/System.ComponentModel.Composition.dll"
[40m[32minfo[39m[22m[49m: Unity.ILPP.Runner.PostProcessingAssemblyLoadContext[0]
      Resolved Unity.Burst.Cecil, Version=0.11.6.0, Culture=neutral, PublicKeyToken=50cebf1cceb9d05e with Library/PackageCache/com.unity.burst@2f3d916873ea/Unity.Burst.CodeGen/Unity.Burst.Cecil.dll
[40m[32minfo[39m[22m[49m: Unity.ILPP.Runner.PostProcessingAssemblyLoadContext[0]
      Resolved Mono.Cecil, Version=0.11.5.0, Culture=neutral, PublicKeyToken=50cebf1cceb9d05e with Library/PackageCache/com.unity.nuget.mono-cecil@ecb9724e46ff/Mono.Cecil.dll
[40m[32minfo[39m[22m[49m: Microsoft.AspNetCore.Routing.EndpointMiddleware[1]
      Executed endpoint 'gRPC - /UnityILPP.PostProcessing/ConfigurePostProcessors'
[40m[32minfo[39m[22m[49m: Microsoft.AspNetCore.Hosting.Diagnostics[2]
      Request finished HTTP/2 POST http://ilpp/UnityILPP.PostProcessing/ConfigurePostProcessors application/grpc - - 200 - application/grpc 52.4908ms
[40m[32minfo[39m[22m[49m: Microsoft.AspNetCore.Hosting.Diagnostics[1]
      Request starting HTTP/2 POST http://ilpp/UnityILPP.PostProcessing/PostProcessAssembly application/grpc -
[40m[32minfo[39m[22m[49m: Microsoft.AspNetCore.Routing.EndpointMiddleware[0]
      Executing endpoint 'gRPC - /UnityILPP.PostProcessing/PostProcessAssembly'
[40m[32minfo[39m[22m[49m: Unity.ILPP.Runner.PostProcessingPipeline[0]
      Processing assembly Library/Bee/artifacts/1300b0aE.dag/Unity.InputSystem.dll, with 158 defines and 250 references
[40m[32minfo[39m[22m[49m: Microsoft.AspNetCore.Hosting.Diagnostics[1]
      Request starting HTTP/2 POST http://ilpp/UnityILPP.PostProcessing/PostProcessAssembly application/grpc -
[40m[32minfo[39m[22m[49m: Microsoft.AspNetCore.Routing.EndpointMiddleware[0]
      Executing endpoint 'gRPC - /UnityILPP.PostProcessing/PostProcessAssembly'
[40m[32minfo[39m[22m[49m: Unity.ILPP.Runner.PostProcessingPipeline[0]
      Processing assembly Library/Bee/artifacts/1300b0aE.dag/Unity.Collections.dll, with 151 defines and 252 references
[40m[32minfo[39m[22m[49m: Unity.ILPP.Runner.PostProcessingPipeline[0]
      processors: Unity.Jobs.CodeGen.JobsILPostProcessor, zzzUnity.Burst.CodeGen.BurstILPostProcessor
[40m[32minfo[39m[22m[49m: Unity.ILPP.Runner.PostProcessingPipeline[0]
      processors: Unity.Jobs.CodeGen.JobsILPostProcessor, zzzUnity.Burst.CodeGen.BurstILPostProcessor
[40m[32minfo[39m[22m[49m: Unity.ILPP.Runner.PostProcessingPipeline[0]
      running Unity.Jobs.CodeGen.JobsILPostProcessor
[40m[32minfo[39m[22m[49m: Unity.ILPP.Runner.PostProcessingAssemblyLoadContext[0]
      Resolved Unity.Collections, Version=0.0.0.0, Culture=neutral, PublicKeyToken=null with Library/Bee/artifacts/1300b0aE.dag/Unity.Collections.dll
[40m[32minfo[39m[22m[49m: Unity.ILPP.Runner.PostProcessingPipeline[0]
      running Unity.Jobs.CodeGen.JobsILPostProcessor
[40m[32minfo[39m[22m[49m: Unity.ILPP.Runner.PostProcessingPipeline[0]
      running zzzUnity.Burst.CodeGen.BurstILPostProcessor
[40m[32minfo[39m[22m[49m: Microsoft.AspNetCore.Routing.EndpointMiddleware[1]
      Executed endpoint 'gRPC - /UnityILPP.PostProcessing/PostProcessAssembly'
[40m[32minfo[39m[22m[49m: Microsoft.AspNetCore.Hosting.Diagnostics[2]
      Request finished HTTP/2 POST http://ilpp/UnityILPP.PostProcessing/PostProcessAssembly application/grpc - - 200 - application/grpc 55.1675ms
[40m[32minfo[39m[22m[49m: Microsoft.AspNetCore.Hosting.Diagnostics[1]
      Request starting HTTP/2 POST http://ilpp/UnityILPP.PostProcessing/PostProcessAssembly application/grpc -
[40m[32minfo[39m[22m[49m: Microsoft.AspNetCore.Routing.EndpointMiddleware[0]
      Executing endpoint 'gRPC - /UnityILPP.PostProcessing/PostProcessAssembly'
[40m[32minfo[39m[22m[49m: Unity.ILPP.Runner.PostProcessingPipeline[0]
      Processing assembly Library/Bee/artifacts/1300b0aE.dag/Unity.PerformanceTesting.dll, with 150 defines and 235 references
[40m[32minfo[39m[22m[49m: Unity.ILPP.Runner.PostProcessingPipeline[0]
      processors: Unity.Jobs.CodeGen.JobsILPostProcessor, zzzUnity.Burst.CodeGen.BurstILPostProcessor
[40m[32minfo[39m[22m[49m: Unity.ILPP.Runner.PostProcessingPipeline[0]
      running Unity.Jobs.CodeGen.JobsILPostProcessor
[40m[32minfo[39m[22m[49m: Unity.ILPP.Runner.PostProcessingPipeline[0]
      running zzzUnity.Burst.CodeGen.BurstILPostProcessor
[40m[32minfo[39m[22m[49m: Microsoft.AspNetCore.Routing.EndpointMiddleware[1]
      Executed endpoint 'gRPC - /UnityILPP.PostProcessing/PostProcessAssembly'
[40m[32minfo[39m[22m[49m: Microsoft.AspNetCore.Hosting.Diagnostics[2]
      Request finished HTTP/2 POST http://ilpp/UnityILPP.PostProcessing/PostProcessAssembly application/grpc - - 200 - application/grpc 1.7338ms
[40m[32minfo[39m[22m[49m: Microsoft.AspNetCore.Hosting.Diagnostics[1]
      Request starting HTTP/2 POST http://ilpp/UnityILPP.PostProcessing/PostProcessAssembly application/grpc -
[40m[32minfo[39m[22m[49m: Microsoft.AspNetCore.Routing.EndpointMiddleware[0]
      Executing endpoint 'gRPC - /UnityILPP.PostProcessing/PostProcessAssembly'
[40m[32minfo[39m[22m[49m: Unity.ILPP.Runner.PostProcessingPipeline[0]
      Processing assembly Library/Bee/artifacts/1300b0aE.dag/Unity.TextMeshPro.dll, with 150 defines and 251 references
[40m[32minfo[39m[22m[49m: Unity.ILPP.Runner.PostProcessingPipeline[0]
      processors: Unity.Jobs.CodeGen.JobsILPostProcessor, zzzUnity.Burst.CodeGen.BurstILPostProcessor
[40m[32minfo[39m[22m[49m: Unity.ILPP.Runner.PostProcessingPipeline[0]
      running Unity.Jobs.CodeGen.JobsILPostProcessor
[40m[32minfo[39m[22m[49m: Unity.ILPP.Runner.PostProcessingPipeline[0]
      running zzzUnity.Burst.CodeGen.BurstILPostProcessor
[40m[32minfo[39m[22m[49m: Microsoft.AspNetCore.Routing.EndpointMiddleware[1]
      Executed endpoint 'gRPC - /UnityILPP.PostProcessing/PostProcessAssembly'
[40m[32minfo[39m[22m[49m: Microsoft.AspNetCore.Hosting.Diagnostics[2]
      Request finished HTTP/2 POST http://ilpp/UnityILPP.PostProcessing/PostProcessAssembly application/grpc - - 200 - application/grpc 1.7733ms
[40m[32minfo[39m[22m[49m: Microsoft.AspNetCore.Hosting.Diagnostics[1]
      Request starting HTTP/2 POST http://ilpp/UnityILPP.PostProcessing/PostProcessAssembly application/grpc -
[40m[32minfo[39m[22m[49m: Microsoft.AspNetCore.Routing.EndpointMiddleware[0]
      Executing endpoint 'gRPC - /UnityILPP.PostProcessing/PostProcessAssembly'
[40m[32minfo[39m[22m[49m: Unity.ILPP.Runner.PostProcessingPipeline[0]
      Processing assembly Library/Bee/artifacts/1300b0aE.dag/Unity.Mathematics.dll, with 149 defines and 250 references
[40m[32minfo[39m[22m[49m: Unity.ILPP.Runner.PostProcessingPipeline[0]
      processors: Unity.Jobs.CodeGen.JobsILPostProcessor, zzzUnity.Burst.CodeGen.BurstILPostProcessor
[40m[32minfo[39m[22m[49m: Unity.ILPP.Runner.PostProcessingPipeline[0]
      running Unity.Jobs.CodeGen.JobsILPostProcessor
[40m[32minfo[39m[22m[49m: Unity.ILPP.Runner.PostProcessingPipeline[0]
      running zzzUnity.Burst.CodeGen.BurstILPostProcessor
[40m[32minfo[39m[22m[49m: Microsoft.AspNetCore.Routing.EndpointMiddleware[1]
      Executed endpoint 'gRPC - /UnityILPP.PostProcessing/PostProcessAssembly'
[40m[32minfo[39m[22m[49m: Microsoft.AspNetCore.Hosting.Diagnostics[2]
      Request finished HTTP/2 POST http://ilpp/UnityILPP.PostProcessing/PostProcessAssembly application/grpc - - 200 - application/grpc 2.1088ms
[40m[32minfo[39m[22m[49m: Microsoft.AspNetCore.Hosting.Diagnostics[1]
      Request starting HTTP/2 POST http://ilpp/UnityILPP.PostProcessing/PostProcessAssembly application/grpc -
[40m[32minfo[39m[22m[49m: Microsoft.AspNetCore.Routing.EndpointMiddleware[0]
      Executing endpoint 'gRPC - /UnityILPP.PostProcessing/PostProcessAssembly'
[40m[32minfo[39m[22m[49m: Unity.ILPP.Runner.PostProcessingPipeline[0]
      Processing assembly Library/Bee/artifacts/1300b0aE.dag/Unity.InputSystem.TestFramework.dll, with 150 defines and 237 references
[40m[32minfo[39m[22m[49m: Unity.ILPP.Runner.PostProcessingPipeline[0]
      processors: Unity.Jobs.CodeGen.JobsILPostProcessor, zzzUnity.Burst.CodeGen.BurstILPostProcessor
[40m[32minfo[39m[22m[49m: Unity.ILPP.Runner.PostProcessingPipeline[0]
      running Unity.Jobs.CodeGen.JobsILPostProcessor
[40m[32minfo[39m[22m[49m: Unity.ILPP.Runner.PostProcessingPipeline[0]
      running zzzUnity.Burst.CodeGen.BurstILPostProcessor
[40m[32minfo[39m[22m[49m: Microsoft.AspNetCore.Routing.EndpointMiddleware[1]
      Executed endpoint 'gRPC - /UnityILPP.PostProcessing/PostProcessAssembly'
[40m[32minfo[39m[22m[49m: Microsoft.AspNetCore.Hosting.Diagnostics[2]
      Request finished HTTP/2 POST http://ilpp/UnityILPP.PostProcessing/PostProcessAssembly application/grpc - - 200 - application/grpc 5.4251ms
[40m[32minfo[39m[22m[49m: Microsoft.AspNetCore.Hosting.Diagnostics[1]
      Request starting HTTP/2 POST http://ilpp/UnityILPP.PostProcessing/PostProcessAssembly application/grpc -
[40m[32minfo[39m[22m[49m: Microsoft.AspNetCore.Routing.EndpointMiddleware[0]
      Executing endpoint 'gRPC - /UnityILPP.PostProcessing/PostProcessAssembly'
[40m[32minfo[39m[22m[49m: Unity.ILPP.Runner.PostProcessingPipeline[0]
      Processing assembly Library/Bee/artifacts/1300b0aE.dag/UnityEngine.UI.dll, with 154 defines and 248 references
[40m[32minfo[39m[22m[49m: Unity.ILPP.Runner.PostProcessingPipeline[0]
      processors: Unity.Jobs.CodeGen.JobsILPostProcessor, zzzUnity.Burst.CodeGen.BurstILPostProcessor
[40m[32minfo[39m[22m[49m: Unity.ILPP.Runner.PostProcessingPipeline[0]
      running Unity.Jobs.CodeGen.JobsILPostProcessor
[40m[32minfo[39m[22m[49m: Unity.ILPP.Runner.PostProcessingPipeline[0]
      running zzzUnity.Burst.CodeGen.BurstILPostProcessor
[40m[32minfo[39m[22m[49m: Microsoft.AspNetCore.Routing.EndpointMiddleware[1]
      Executed endpoint 'gRPC - /UnityILPP.PostProcessing/PostProcessAssembly'
[40m[32minfo[39m[22m[49m: Microsoft.AspNetCore.Hosting.Diagnostics[2]
      Request finished HTTP/2 POST http://ilpp/UnityILPP.PostProcessing/PostProcessAssembly application/grpc - - 200 - application/grpc 2.4669ms
[40m[32minfo[39m[22m[49m: Microsoft.AspNetCore.Hosting.Diagnostics[1]
      Request starting HTTP/2 POST http://ilpp/UnityILPP.PostProcessing/PostProcessAssembly application/grpc -
[40m[32minfo[39m[22m[49m: Microsoft.AspNetCore.Routing.EndpointMiddleware[0]
      Executing endpoint 'gRPC - /UnityILPP.PostProcessing/PostProcessAssembly'
[40m[32minfo[39m[22m[49m: Unity.ILPP.Runner.PostProcessingPipeline[0]
      Processing assembly Library/Bee/artifacts/1300b0aE.dag/Unity.InternalAPIEngineBridge.004.dll, with 149 defines and 250 references
[40m[32minfo[39m[22m[49m: Unity.ILPP.Runner.PostProcessingPipeline[0]
      processors: Unity.Jobs.CodeGen.JobsILPostProcessor, zzzUnity.Burst.CodeGen.BurstILPostProcessor
[40m[32minfo[39m[22m[49m: Unity.ILPP.Runner.PostProcessingPipeline[0]
      running Unity.Jobs.CodeGen.JobsILPostProcessor
[40m[32minfo[39m[22m[49m: Unity.ILPP.Runner.PostProcessingPipeline[0]
      running zzzUnity.Burst.CodeGen.BurstILPostProcessor
[40m[32minfo[39m[22m[49m: Microsoft.AspNetCore.Routing.EndpointMiddleware[1]
      Executed endpoint 'gRPC - /UnityILPP.PostProcessing/PostProcessAssembly'
[40m[32minfo[39m[22m[49m: Microsoft.AspNetCore.Hosting.Diagnostics[2]
      Request finished HTTP/2 POST http://ilpp/UnityILPP.PostProcessing/PostProcessAssembly application/grpc - - 200 - application/grpc 1.3410ms
[40m[32minfo[39m[22m[49m: Microsoft.AspNetCore.Hosting.Diagnostics[1]
      Request starting HTTP/2 POST http://ilpp/UnityILPP.PostProcessing/PostProcessAssembly application/grpc -
[40m[32minfo[39m[22m[49m: Microsoft.AspNetCore.Routing.EndpointMiddleware[0]
      Executing endpoint 'gRPC - /UnityILPP.PostProcessing/PostProcessAssembly'
[40m[32minfo[39m[22m[49m: Unity.ILPP.Runner.PostProcessingPipeline[0]
      Processing assembly Library/Bee/artifacts/1300b0aE.dag/Unity.InputSystem.ForUI.dll, with 149 defines and 251 references
[40m[32minfo[39m[22m[49m: Unity.ILPP.Runner.PostProcessingPipeline[0]
      processors: Unity.Jobs.CodeGen.JobsILPostProcessor, zzzUnity.Burst.CodeGen.BurstILPostProcessor
[40m[32minfo[39m[22m[49m: Unity.ILPP.Runner.PostProcessingPipeline[0]
      running Unity.Jobs.CodeGen.JobsILPostProcessor
[40m[32minfo[39m[22m[49m: Unity.ILPP.Runner.PostProcessingPipeline[0]
      running zzzUnity.Burst.CodeGen.BurstILPostProcessor
[40m[32minfo[39m[22m[49m: Microsoft.AspNetCore.Routing.EndpointMiddleware[1]
      Executed endpoint 'gRPC - /UnityILPP.PostProcessing/PostProcessAssembly'
[40m[32minfo[39m[22m[49m: Microsoft.AspNetCore.Hosting.Diagnostics[2]
      Request finished HTTP/2 POST http://ilpp/UnityILPP.PostProcessing/PostProcessAssembly application/grpc - - 200 - application/grpc 1.1645ms
[40m[32minfo[39m[22m[49m: Microsoft.AspNetCore.Hosting.Diagnostics[1]
      Request starting HTTP/2 POST http://ilpp/UnityILPP.PostProcessing/PostProcessAssembly application/grpc -
[40m[32minfo[39m[22m[49m: Microsoft.AspNetCore.Routing.EndpointMiddleware[0]
      Executing endpoint 'gRPC - /UnityILPP.PostProcessing/PostProcessAssembly'
[40m[32minfo[39m[22m[49m: Unity.ILPP.Runner.PostProcessingPipeline[0]
      Processing assembly Library/Bee/artifacts/1300b0aE.dag/Unity.Burst.dll, with 149 defines and 237 references
[40m[32minfo[39m[22m[49m: Unity.ILPP.Runner.PostProcessingPipeline[0]
      processors: Unity.Jobs.CodeGen.JobsILPostProcessor, zzzUnity.Burst.CodeGen.BurstILPostProcessor
[40m[32minfo[39m[22m[49m: Unity.ILPP.Runner.PostProcessingPipeline[0]
      running Unity.Jobs.CodeGen.JobsILPostProcessor
[40m[32minfo[39m[22m[49m: Unity.ILPP.Runner.PostProcessingPipeline[0]
      running zzzUnity.Burst.CodeGen.BurstILPostProcessor
[40m[32minfo[39m[22m[49m: Unity.ILPP.Runner.PostProcessingAssemblyLoadContext[0]
      Resolved UnityEditor.CoreModule, Version=0.0.0.0, Culture=neutral, PublicKeyToken=null with /opt/unity/Editor/Data/Managed/UnityEngine/UnityEditor.CoreModule.dll
[40m[32minfo[39m[22m[49m: Unity.ILPP.Runner.PostProcessingAssemblyLoadContext[0]
      Resolved UnityEngine.CoreModule, Version=0.0.0.0, Culture=neutral, PublicKeyToken=null with /opt/unity/Editor/Data/Managed/UnityEngine/UnityEngine.CoreModule.dll
[40m[32minfo[39m[22m[49m: Unity.ILPP.Runner.PostProcessingAssemblyLoadContext[0]
      Resolved Mono.Cecil.Rocks, Version=0.11.5.0, Culture=neutral, PublicKeyToken=50cebf1cceb9d05e with Library/PackageCache/com.unity.nuget.mono-cecil@ecb9724e46ff/Mono.Cecil.Rocks.dll
[40m[32minfo[39m[22m[49m: Unity.ILPP.Runner.PostProcessingAssemblyLoadContext[0]
      Resolved Unity.Burst.Cecil.Rocks, Version=0.11.6.0, Culture=neutral, PublicKeyToken=50cebf1cceb9d05e with Library/PackageCache/com.unity.burst@2f3d916873ea/Unity.Burst.CodeGen/Unity.Burst.Cecil.Rocks.dll
[40m[32minfo[39m[22m[49m: Unity.ILPP.Runner.PostProcessingPipeline[0]
      running zzzUnity.Burst.CodeGen.BurstILPostProcessor
[40m[32minfo[39m[22m[49m: Microsoft.AspNetCore.Hosting.Diagnostics[1]
      Request starting HTTP/2 POST http://ilpp/UnityILPP.PostProcessing/PostProcessAssembly application/grpc -
[40m[32minfo[39m[22m[49m: Microsoft.AspNetCore.Routing.EndpointMiddleware[0]
      Executing endpoint 'gRPC - /UnityILPP.PostProcessing/PostProcessAssembly'
[40m[32minfo[39m[22m[49m: Unity.ILPP.Runner.PostProcessingPipeline[0]
      Processing assembly Library/Bee/artifacts/1300b0aE.dag/Unity.Collections.Editor.dll, with 148 defines and 286 references
[40m[32minfo[39m[22m[49m: Unity.ILPP.Runner.PostProcessingPipeline[0]
      processors: Unity.Jobs.CodeGen.JobsILPostProcessor, zzzUnity.Burst.CodeGen.BurstILPostProcessor
[40m[32minfo[39m[22m[49m: Unity.ILPP.Runner.PostProcessingPipeline[0]
      running Unity.Jobs.CodeGen.JobsILPostProcessor
[40m[32minfo[39m[22m[49m: Microsoft.AspNetCore.Routing.EndpointMiddleware[1]
      Executed endpoint 'gRPC - /UnityILPP.PostProcessing/PostProcessAssembly'
[40m[32minfo[39m[22m[49m: Microsoft.AspNetCore.Hosting.Diagnostics[2]
      Request finished HTTP/2 POST http://ilpp/UnityILPP.PostProcessing/PostProcessAssembly application/grpc - - 200 - application/grpc 681.7935ms
[40m[32minfo[39m[22m[49m: Unity.ILPP.Runner.PostProcessingPipeline[0]
      running zzzUnity.Burst.CodeGen.BurstILPostProcessor
[40m[32minfo[39m[22m[49m: Microsoft.AspNetCore.Routing.EndpointMiddleware[1]
      Executed endpoint 'gRPC - /UnityILPP.PostProcessing/PostProcessAssembly'
[40m[32minfo[39m[22m[49m: Microsoft.AspNetCore.Hosting.Diagnostics[2]
      Request finished HTTP/2 POST http://ilpp/UnityILPP.PostProcessing/PostProcessAssembly application/grpc - - 200 - application/grpc 7.0872ms
[40m[32minfo[39m[22m[49m: Microsoft.AspNetCore.Routing.EndpointMiddleware[1]
      Executed endpoint 'gRPC - /UnityILPP.PostProcessing/PostProcessAssembly'
[40m[32minfo[39m[22m[49m: Microsoft.AspNetCore.Hosting.Diagnostics[2]
      Request finished HTTP/2 POST http://ilpp/UnityILPP.PostProcessing/PostProcessAssembly application/grpc - - 200 - application/grpc 1163.0753ms
[40m[32minfo[39m[22m[49m: Microsoft.AspNetCore.Hosting.Diagnostics[1]
      Request starting HTTP/2 POST http://ilpp/UnityILPP.PostProcessing/PostProcessAssembly application/grpc -
[40m[32minfo[39m[22m[49m: Microsoft.AspNetCore.Routing.EndpointMiddleware[0]
      Executing endpoint 'gRPC - /UnityILPP.PostProcessing/PostProcessAssembly'
[40m[32minfo[39m[22m[49m: Unity.ILPP.Runner.PostProcessingPipeline[0]
      Processing assembly Library/Bee/artifacts/1300b0aE.dag/PofudukFilo.Runtime.dll, with 150 defines and 254 references
[40m[32minfo[39m[22m[49m: Unity.ILPP.Runner.PostProcessingPipeline[0]
      processors: Unity.Jobs.CodeGen.JobsILPostProcessor, zzzUnity.Burst.CodeGen.BurstILPostProcessor
[40m[32minfo[39m[22m[49m: Unity.ILPP.Runner.PostProcessingPipeline[0]
      running Unity.Jobs.CodeGen.JobsILPostProcessor
[40m[32minfo[39m[22m[49m: Microsoft.AspNetCore.Hosting.Diagnostics[1]
      Request starting HTTP/2 POST http://ilpp/UnityILPP.PostProcessing/PostProcessAssembly application/grpc -
[40m[32minfo[39m[22m[49m: Microsoft.AspNetCore.Routing.EndpointMiddleware[0]
      Executing endpoint 'gRPC - /UnityILPP.PostProcessing/PostProcessAssembly'
[40m[32minfo[39m[22m[49m: Unity.ILPP.Runner.PostProcessingPipeline[0]
      Processing assembly Library/Bee/artifacts/1300b0aE.dag/PofudukFilo.Tests.EditMode.dll, with 147 defines and 273 references
[40m[32minfo[39m[22m[49m: Unity.ILPP.Runner.PostProcessingPipeline[0]
      processors: Unity.Jobs.CodeGen.JobsILPostProcessor, zzzUnity.Burst.CodeGen.BurstILPostProcessor
[40m[32minfo[39m[22m[49m: Unity.ILPP.Runner.PostProcessingPipeline[0]
      running Unity.Jobs.CodeGen.JobsILPostProcessor
[40m[32minfo[39m[22m[49m: Unity.ILPP.Runner.PostProcessingPipeline[0]
      running zzzUnity.Burst.CodeGen.BurstILPostProcessor
[40m[32minfo[39m[22m[49m: Microsoft.AspNetCore.Routing.EndpointMiddleware[1]
      Executed endpoint 'gRPC - /UnityILPP.PostProcessing/PostProcessAssembly'
[40m[32minfo[39m[22m[49m: Microsoft.AspNetCore.Hosting.Diagnostics[2]
      Request finished HTTP/2 POST http://ilpp/UnityILPP.PostProcessing/PostProcessAssembly application/grpc - - 200 - application/grpc 8.0478ms
[40m[32minfo[39m[22m[49m: Microsoft.AspNetCore.Hosting.Diagnostics[1]
      Request starting HTTP/2 POST http://ilpp/UnityILPP.PostProcessing/PostProcessAssembly application/grpc -
[40m[32minfo[39m[22m[49m: Microsoft.AspNetCore.Routing.EndpointMiddleware[0]
      Executing endpoint 'gRPC - /UnityILPP.PostProcessing/PostProcessAssembly'
[40m[32minfo[39m[22m[49m: Unity.ILPP.Runner.PostProcessingPipeline[0]
      Processing assembly Library/Bee/artifacts/1300b0aE.dag/UnityEditor.UI.Analytics.dll, with 147 defines and 286 references
[40m[32minfo[39m[22m[49m: Unity.ILPP.Runner.PostProcessingPipeline[0]
      processors: Unity.Jobs.CodeGen.JobsILPostProcessor, zzzUnity.Burst.CodeGen.BurstILPostProcessor
[40m[32minfo[39m[22m[49m: Unity.ILPP.Runner.PostProcessingPipeline[0]
      running Unity.Jobs.CodeGen.JobsILPostProcessor
[40m[32minfo[39m[22m[49m: Unity.ILPP.Runner.PostProcessingPipeline[0]
      running zzzUnity.Burst.CodeGen.BurstILPostProcessor
[40m[32minfo[39m[22m[49m: Microsoft.AspNetCore.Routing.EndpointMiddleware[1]
      Executed endpoint 'gRPC - /UnityILPP.PostProcessing/PostProcessAssembly'
[40m[32minfo[39m[22m[49m: Microsoft.AspNetCore.Hosting.Diagnostics[2]
      Request finished HTTP/2 POST http://ilpp/UnityILPP.PostProcessing/PostProcessAssembly application/grpc - - 200 - application/grpc 1.0098ms
[40m[32minfo[39m[22m[49m: Microsoft.AspNetCore.Hosting.Diagnostics[1]
      Request starting HTTP/2 POST http://ilpp/UnityILPP.PostProcessing/PostProcessAssembly application/grpc -
[40m[32minfo[39m[22m[49m: Microsoft.AspNetCore.Routing.EndpointMiddleware[0]
      Executing endpoint 'gRPC - /UnityILPP.PostProcessing/PostProcessAssembly'
[40m[32minfo[39m[22m[49m: Unity.ILPP.Runner.PostProcessingPipeline[0]
      Processing assembly Library/Bee/artifacts/1300b0aE.dag/UnityEditor.UI.dll, with 150 defines and 284 references
[40m[32minfo[39m[22m[49m: Unity.ILPP.Runner.PostProcessingPipeline[0]
      processors: Unity.Jobs.CodeGen.JobsILPostProcessor, zzzUnity.Burst.CodeGen.BurstILPostProcessor
[40m[32minfo[39m[22m[49m: Unity.ILPP.Runner.PostProcessingPipeline[0]
      running Unity.Jobs.CodeGen.JobsILPostProcessor
[40m[32minfo[39m[22m[49m: Unity.ILPP.Runner.PostProcessingPipeline[0]
      running zzzUnity.Burst.CodeGen.BurstILPostProcessor
[40m[32minfo[39m[22m[49m: Microsoft.AspNetCore.Routing.EndpointMiddleware[1]
      Executed endpoint 'gRPC - /UnityILPP.PostProcessing/PostProcessAssembly'
[40m[32minfo[39m[22m[49m: Microsoft.AspNetCore.Hosting.Diagnostics[2]
      Request finished HTTP/2 POST http://ilpp/UnityILPP.PostProcessing/PostProcessAssembly application/grpc - - 200 - application/grpc 1.0684ms
[40m[32minfo[39m[22m[49m: Unity.ILPP.Runner.PostProcessingPipeline[0]
      running zzzUnity.Burst.CodeGen.BurstILPostProcessor
[40m[32minfo[39m[22m[49m: Microsoft.AspNetCore.Hosting.Diagnostics[1]
      Request starting HTTP/2 POST http://ilpp/UnityILPP.PostProcessing/PostProcessAssembly application/grpc -
[40m[32minfo[39m[22m[49m: Microsoft.AspNetCore.Routing.EndpointMiddleware[0]
      Executing endpoint 'gRPC - /UnityILPP.PostProcessing/PostProcessAssembly'
[40m[32minfo[39m[22m[49m: Unity.ILPP.Runner.PostProcessingPipeline[0]
      Processing assembly Library/Bee/artifacts/1300b0aE.dag/Unity.InputSystem.DocCodeSamples.dll, with 147 defines and 272 references
[40m[32minfo[39m[22m[49m: Unity.ILPP.Runner.PostProcessingPipeline[0]
      processors: Unity.Jobs.CodeGen.JobsILPostProcessor, zzzUnity.Burst.CodeGen.BurstILPostProcessor
[40m[32minfo[39m[22m[49m: Microsoft.AspNetCore.Routing.EndpointMiddleware[1]
      Executed endpoint 'gRPC - /UnityILPP.PostProcessing/PostProcessAssembly'
[40m[32minfo[39m[22m[49m: Microsoft.AspNetCore.Hosting.Diagnostics[2]
      Request finished HTTP/2 POST http://ilpp/UnityILPP.PostProcessing/PostProcessAssembly application/grpc - - 200 - application/grpc 107.7491ms
[40m[32minfo[39m[22m[49m: Microsoft.AspNetCore.Hosting.Diagnostics[1]
      Request starting HTTP/2 POST http://ilpp/UnityILPP.PostProcessing/PostProcessAssembly application/grpc -
[40m[32minfo[39m[22m[49m: Microsoft.AspNetCore.Routing.EndpointMiddleware[0]
      Executing endpoint 'gRPC - /UnityILPP.PostProcessing/PostProcessAssembly'
[40m[32minfo[39m[22m[49m: Unity.ILPP.Runner.PostProcessingPipeline[0]
      Processing assembly Library/Bee/artifacts/1300b0aE.dag/Unity.TextMeshPro.Editor.dll, with 147 defines and 286 references
[40m[32minfo[39m[22m[49m: Unity.ILPP.Runner.PostProcessingPipeline[0]
      processors: Unity.Jobs.CodeGen.JobsILPostProcessor, zzzUnity.Burst.CodeGen.BurstILPostProcessor
[40m[32minfo[39m[22m[49m: Unity.ILPP.Runner.PostProcessingPipeline[0]
      running Unity.Jobs.CodeGen.JobsILPostProcessor
[40m[32minfo[39m[22m[49m: Unity.ILPP.Runner.PostProcessingPipeline[0]
      running zzzUnity.Burst.CodeGen.BurstILPostProcessor
[40m[32minfo[39m[22m[49m: Microsoft.AspNetCore.Routing.EndpointMiddleware[1]
      Executed endpoint 'gRPC - /UnityILPP.PostProcessing/PostProcessAssembly'
[40m[32minfo[39m[22m[49m: Microsoft.AspNetCore.Hosting.Diagnostics[2]
      Request finished HTTP/2 POST http://ilpp/UnityILPP.PostProcessing/PostProcessAssembly application/grpc - - 200 - application/grpc 1.2421ms
[40m[32minfo[39m[22m[49m: Microsoft.AspNetCore.Hosting.Diagnostics[1]
      Request starting HTTP/2 POST http://ilpp/UnityILPP.PostProcessing/PostProcessAssembly application/grpc -
[40m[32minfo[39m[22m[49m: Microsoft.AspNetCore.Routing.EndpointMiddleware[0]
      Executing endpoint 'gRPC - /UnityILPP.PostProcessing/PostProcessAssembly'
[40m[32minfo[39m[22m[49m: Unity.ILPP.Runner.PostProcessingPipeline[0]
      Processing assembly Library/Bee/artifacts/1300b0aE.dag/Unity.Mathematics.Editor.dll, with 147 defines and 286 references
[40m[32minfo[39m[22m[49m: Unity.ILPP.Runner.PostProcessingPipeline[0]
      processors: Unity.Jobs.CodeGen.JobsILPostProcessor, zzzUnity.Burst.CodeGen.BurstILPostProcessor
[40m[32minfo[39m[22m[49m: Unity.ILPP.Runner.PostProcessingPipeline[0]
      running Unity.Jobs.CodeGen.JobsILPostProcessor
[40m[32minfo[39m[22m[49m: Unity.ILPP.Runner.PostProcessingPipeline[0]
      running zzzUnity.Burst.CodeGen.BurstILPostProcessor
[40m[32minfo[39m[22m[49m: Microsoft.AspNetCore.Hosting.Diagnostics[1]
      Request starting HTTP/2 POST http://ilpp/UnityILPP.PostProcessing/PostProcessAssembly application/grpc -
[40m[32minfo[39m[22m[49m: Microsoft.AspNetCore.Routing.EndpointMiddleware[0]
      Executing endpoint 'gRPC - /UnityILPP.PostProcessing/PostProcessAssembly'
[40m[32minfo[39m[22m[49m: Unity.ILPP.Runner.PostProcessingPipeline[0]
      Processing assembly Library/Bee/artifacts/1300b0aE.dag/GoogleMobileAds.Editor.dll, with 147 defines and 285 references
[40m[32minfo[39m[22m[49m: Unity.ILPP.Runner.PostProcessingPipeline[0]
      processors: Unity.Jobs.CodeGen.JobsILPostProcessor, zzzUnity.Burst.CodeGen.BurstILPostProcessor
[40m[32minfo[39m[22m[49m: Microsoft.AspNetCore.Routing.EndpointMiddleware[1]
      Executed endpoint 'gRPC - /UnityILPP.PostProcessing/PostProcessAssembly'
[40m[32minfo[39m[22m[49m: Microsoft.AspNetCore.Hosting.Diagnostics[2]
      Request finished HTTP/2 POST http://ilpp/UnityILPP.PostProcessing/PostProcessAssembly application/grpc - - 200 - application/grpc 0.9716ms
[40m[32minfo[39m[22m[49m: Unity.ILPP.Runner.PostProcessingPipeline[0]
      running Unity.Jobs.CodeGen.JobsILPostProcessor
[40m[32minfo[39m[22m[49m: Unity.ILPP.Runner.PostProcessingPipeline[0]
      running zzzUnity.Burst.CodeGen.BurstILPostProcessor
[40m[32minfo[39m[22m[49m: Microsoft.AspNetCore.Routing.EndpointMiddleware[1]
      Executed endpoint 'gRPC - /UnityILPP.PostProcessing/PostProcessAssembly'
[40m[32minfo[39m[22m[49m: Microsoft.AspNetCore.Hosting.Diagnostics[2]
      Request finished HTTP/2 POST http://ilpp/UnityILPP.PostProcessing/PostProcessAssembly application/grpc - - 200 - application/grpc 1.3185ms
[40m[32minfo[39m[22m[49m: Microsoft.AspNetCore.Hosting.Diagnostics[1]
      Request starting HTTP/2 POST http://ilpp/UnityILPP.PostProcessing/PostProcessAssembly application/grpc -
[40m[32minfo[39m[22m[49m: Microsoft.AspNetCore.Routing.EndpointMiddleware[0]
      Executing endpoint 'gRPC - /UnityILPP.PostProcessing/PostProcessAssembly'
[40m[32minfo[39m[22m[49m: Unity.ILPP.Runner.PostProcessingPipeline[0]
      Processing assembly Library/Bee/artifacts/1300b0aE.dag/Unity.Burst.Editor.dll, with 147 defines and 286 references
[40m[32minfo[39m[22m[49m: Unity.ILPP.Runner.PostProcessingPipeline[0]
      processors: Unity.Jobs.CodeGen.JobsILPostProcessor, zzzUnity.Burst.CodeGen.BurstILPostProcessor
[40m[32minfo[39m[22m[49m: Unity.ILPP.Runner.PostProcessingPipeline[0]
      running Unity.Jobs.CodeGen.JobsILPostProcessor
[40m[32minfo[39m[22m[49m: Unity.ILPP.Runner.PostProcessingPipeline[0]
      running zzzUnity.Burst.CodeGen.BurstILPostProcessor
[40m[32minfo[39m[22m[49m: Microsoft.AspNetCore.Hosting.Diagnostics[1]
      Request starting HTTP/2 POST http://ilpp/UnityILPP.PostProcessing/PostProcessAssembly application/grpc -
[40m[32minfo[39m[22m[49m: Microsoft.AspNetCore.Routing.EndpointMiddleware[0]
      Executing endpoint 'gRPC - /UnityILPP.PostProcessing/PostProcessAssembly'
[40m[32minfo[39m[22m[49m: Unity.ILPP.Runner.PostProcessingPipeline[0]
      Processing assembly Library/Bee/artifacts/1300b0aE.dag/Unity.PerformanceTesting.Editor.dll, with 148 defines and 272 references
[40m[32minfo[39m[22m[49m: Unity.ILPP.Runner.PostProcessingPipeline[0]
      processors: Unity.Jobs.CodeGen.JobsILPostProcessor, zzzUnity.Burst.CodeGen.BurstILPostProcessor
[40m[32minfo[39m[22m[49m: Unity.ILPP.Runner.PostProcessingPipeline[0]
      running Unity.Jobs.CodeGen.JobsILPostProcessor
[40m[32minfo[39m[22m[49m: Unity.ILPP.Runner.PostProcessingPipeline[0]
      running zzzUnity.Burst.CodeGen.BurstILPostProcessor
[40m[32minfo[39m[22m[49m: Microsoft.AspNetCore.Routing.EndpointMiddleware[1]
      Executed endpoint 'gRPC - /UnityILPP.PostProcessing/PostProcessAssembly'
[40m[32minfo[39m[22m[49m: Microsoft.AspNetCore.Hosting.Diagnostics[2]
      Request finished HTTP/2 POST http://ilpp/UnityILPP.PostProcessing/PostProcessAssembly application/grpc - - 200 - application/grpc 6.0610ms
[40m[32minfo[39m[22m[49m: Microsoft.AspNetCore.Routing.EndpointMiddleware[1]
      Executed endpoint 'gRPC - /UnityILPP.PostProcessing/PostProcessAssembly'
[40m[32minfo[39m[22m[49m: Microsoft.AspNetCore.Hosting.Diagnostics[2]
      Request finished HTTP/2 POST http://ilpp/UnityILPP.PostProcessing/PostProcessAssembly application/grpc - - 200 - application/grpc 29.6304ms
[40m[32minfo[39m[22m[49m: Unity.ILPP.Runner.PostProcessingPipeline[0]
      running Unity.Jobs.CodeGen.JobsILPostProcessor
[40m[32minfo[39m[22m[49m: Unity.ILPP.Runner.PostProcessingPipeline[0]
      running zzzUnity.Burst.CodeGen.BurstILPostProcessor
[40m[32minfo[39m[22m[49m: Microsoft.AspNetCore.Routing.EndpointMiddleware[1]
      Executed endpoint 'gRPC - /UnityILPP.PostProcessing/PostProcessAssembly'
[40m[32minfo[39m[22m[49m: Microsoft.AspNetCore.Hosting.Diagnostics[2]
      Request finished HTTP/2 POST http://ilpp/UnityILPP.PostProcessing/PostProcessAssembly application/grpc - - 200 - application/grpc 134.8241ms
[40m[32minfo[39m[22m[49m: Microsoft.AspNetCore.Hosting.Diagnostics[1]
      Request starting HTTP/2 POST http://ilpp/UnityILPP.PostProcessing/PostProcessAssembly application/grpc -
[40m[32minfo[39m[22m[49m: Microsoft.AspNetCore.Routing.EndpointMiddleware[0]
      Executing endpoint 'gRPC - /UnityILPP.PostProcessing/PostProcessAssembly'
[40m[32minfo[39m[22m[49m: Unity.ILPP.Runner.PostProcessingPipeline[0]
      Processing assembly Library/Bee/artifacts/1300b0aE.dag/PofudukFilo.Editor.dll, with 147 defines and 286 references
[40m[32minfo[39m[22m[49m: Unity.ILPP.Runner.PostProcessingPipeline[0]
      processors: Unity.Jobs.CodeGen.JobsILPostProcessor, zzzUnity.Burst.CodeGen.BurstILPostProcessor
[40m[32minfo[39m[22m[49m: Unity.ILPP.Runner.PostProcessingPipeline[0]
      running Unity.Jobs.CodeGen.JobsILPostProcessor
[40m[32minfo[39m[22m[49m: Unity.ILPP.Runner.PostProcessingPipeline[0]
      running zzzUnity.Burst.CodeGen.BurstILPostProcessor
[40m[32minfo[39m[22m[49m: Microsoft.AspNetCore.Routing.EndpointMiddleware[1]
      Executed endpoint 'gRPC - /UnityILPP.PostProcessing/PostProcessAssembly'
[40m[32minfo[39m[22m[49m: Microsoft.AspNetCore.Hosting.Diagnostics[2]
      Request finished HTTP/2 POST http://ilpp/UnityILPP.PostProcessing/PostProcessAssembly application/grpc - - 200 - application/grpc 1.0967ms
ExitCode: 0 Duration: 15s
Finished compiling graph: 394 nodes, 5271 flattened edges (4579 ToBuild, 52 ToUse), maximum node priority 357
[167/391    0s] WriteText Library/Bee/artifacts/1300b0aE.dag/UnityEditor.UI.rsp
[171/391    0s] WriteText Library/Bee/artifacts/1300b0aE.dag/Unity.Collections.rsp
[194/391    0s] WriteText Library/Bee/artifacts/1300b0aE.dag/Unity.InputSystem.rsp
[195/391    0s] WriteText Library/Bee/artifacts/1300b0aE.dag/Unity.InternalAPIEngineBridge.004.rsp
[201/391    0s] WriteText Library/Bee/artifacts/1300b0aE.dag/UnityEngine.UI.rsp
[202/391    0s] WriteText Library/Bee/artifacts/1300b0aE.dag/Unity.TextMeshPro.rsp
[205/391    0s] WriteText Library/Bee/artifacts/1300b0aE.dag/Unity.Mathematics.rsp
[212/391    0s] WriteText Library/Bee/artifacts/1300b0aE.dag/GoogleMobileAds.Editor.dll.mvfrm.rsp
[229/391    0s] WriteText Library/Bee/artifacts/1300b0aE.dag/GoogleMobileAds.Editor.rsp2
[236/391    0s] WriteText Library/Bee/artifacts/1300b0aE.dag/GoogleMobileAds.Editor.UnityAdditionalFile.txt
[241/391    0s] WriteText Library/Bee/artifacts/1300b0aE.dag/Unity.InputSystem.ForUI.rsp
[248/391    0s] WriteText Library/Bee/artifacts/1300b0aE.dag/PofudukFilo.Runtime.rsp
[251/391    0s] WriteText Library/Bee/artifacts/1300b0aE.dag/PofudukFilo.Tests.EditMode.rsp
[252/391    0s] WriteText Library/Bee/artifacts/1300b0aE.dag/Unity.Collections.Editor.rsp
[253/391    0s] WriteText Library/Bee/artifacts/1300b0aE.dag/UnityEditor.UI.Analytics.rsp
[254/391    0s] WriteText Library/Bee/artifacts/1300b0aE.dag/Unity.TextMeshPro.Editor.rsp
[256/391    0s] WriteText Library/Bee/artifacts/1300b0aE.dag/GoogleMobileAds.Editor.rsp
[257/391    0s] WriteText Library/Bee/artifacts/1300b0aE.dag/Unity.Mathematics.Editor.rsp
[258/391    0s] WriteText Library/Bee/artifacts/1300b0aE.dag/Unity.Burst.Editor.rsp
[259/391    0s] WriteText Library/Bee/artifacts/1300b0aE.dag/PofudukFilo.Editor.rsp
[260/391    0s] CopyFiles Library/ScriptAssemblies/UnityEngine.TestRunner.dll
[261/391    0s] CopyFiles Library/ScriptAssemblies/UnityEditor.TestRunner.pdb
[262/391    0s] CopyFiles Library/ScriptAssemblies/UnityEngine.TestRunner.pdb
[263/391    0s] CopyFiles Library/ScriptAssemblies/UnityEditor.TestRunner.dll
[264/391    3s] Csc Library/Bee/artifacts/1300b0aE.dag/UnityEngine.UI.dll (+2 others)
[           0s] Csc Library/Bee/artifacts/1300b0aE.dag/UnityEngine.UI.dll (+2 others) [CacheWrite 00000000000000000000000000000005]
[267/391    0s] Csc Library/Bee/artifacts/1300b0aE.dag/UnityEditor.UI.dll (+2 others)
[           0s] Csc Library/Bee/artifacts/1300b0aE.dag/UnityEditor.UI.dll (+2 others) [CacheWrite 00000000000000000000000000000005]
[282/391    0s] MovedFromExtractor-Combine Library/Bee/artifacts/1300b0aE.dag/GoogleMobileAds.Editor.dll.mvfrm
[284/391    0s] Csc Library/Bee/artifacts/1300b0aE.dag/Unity.InternalAPIEngineBridge.004.dll (+2 others)
[           0s] Csc Library/Bee/artifacts/1300b0aE.dag/Unity.InternalAPIEngineBridge.004.dll (+2 others) [CacheWrite 00000000000000000000000000000005]
[287/391    0s] Csc Library/Bee/artifacts/1300b0aE.dag/GoogleMobileAds.Editor.dll (+2 others)
[           0s] Csc Library/Bee/artifacts/1300b0aE.dag/GoogleMobileAds.Editor.dll (+2 others) [CacheWrite 00000000000000000000000000000005]
[288/391    5s] Csc Library/Bee/artifacts/1300b0aE.dag/Unity.TextMeshPro.dll (+2 others)
[           0s] Csc Library/Bee/artifacts/1300b0aE.dag/Unity.TextMeshPro.dll (+2 others) [CacheWrite 00000000000000000000000000000005]
[292/391    1s] Csc Library/Bee/artifacts/1300b0aE.dag/UnityEditor.UI.Analytics.dll (+2 others)
[           0s] Csc Library/Bee/artifacts/1300b0aE.dag/UnityEditor.UI.Analytics.dll (+2 others) [CacheWrite 00000000000000000000000000000005]
[293/391    1s] Csc Library/Bee/artifacts/1300b0aE.dag/Unity.TextMeshPro.Editor.dll (+2 others)
[           0s] Csc Library/Bee/artifacts/1300b0aE.dag/Unity.TextMeshPro.Editor.dll (+2 others) [CacheWrite 00000000000000000000000000000005]
[295/391    0s] CopyFiles Library/ScriptAssemblies/Unity.Burst.CodeGen.dll
[296/391    0s] CopyFiles Library/ScriptAssemblies/Unity.Burst.CodeGen.pdb
[297/391    8s] Csc Library/Bee/artifacts/1300b0aE.dag/Unity.InputSystem.dll (+2 others)
[           0s] Csc Library/Bee/artifacts/1300b0aE.dag/Unity.InputSystem.dll (+2 others) [CacheWrite 00000000000000000000000000000005]
[304/391    9s] Csc Library/Bee/artifacts/1300b0aE.dag/Unity.Mathematics.dll (+2 others)
[           0s] Csc Library/Bee/artifacts/1300b0aE.dag/Unity.Mathematics.dll (+2 others) [CacheWrite 00000000000000000000000000000005]
[309/391    0s] Csc Library/Bee/artifacts/1300b0aE.dag/Unity.Mathematics.Editor.dll (+2 others)
[           0s] Csc Library/Bee/artifacts/1300b0aE.dag/Unity.Mathematics.Editor.dll (+2 others) [CacheWrite 00000000000000000000000000000005]
[310/391    0s] Csc Library/Bee/artifacts/1300b0aE.dag/Unity.InputSystem.ForUI.dll (+2 others)
[311/391    8s] Csc Library/Bee/artifacts/1300b0aE.dag/Unity.Burst.Editor.dll (+2 others)
[           0s] Csc Library/Bee/artifacts/1300b0aE.dag/Unity.Burst.Editor.dll (+2 others) [CacheWrite 00000000000000000000000000000005]
[           0s] Csc Library/Bee/artifacts/1300b0aE.dag/Unity.InputSystem.ForUI.dll (+2 others) [CacheWrite 00000000000000000000000000000005]
[312/391    1s] Csc Library/Bee/artifacts/1300b0aE.dag/Unity.Collections.dll (+2 others)
[           0s] Csc Library/Bee/artifacts/1300b0aE.dag/Unity.Collections.dll (+2 others) [CacheWrite 00000000000000000000000000000005]
[318/391    0s] CopyFiles Library/ScriptAssemblies/Unity.Collections.CodeGen.pdb
[319/391    0s] CopyFiles Library/ScriptAssemblies/Unity.Collections.CodeGen.dll
[320/391    0s] ILPP-Configuration Library/ilpp-configuration.nevergeneratedoutput
[321/391    0s] ILPostProcess Library/Bee/artifacts/1300b0aE.dag/post-processed/Unity.InputSystem.dll (+pdb)
Processing assembly Library/Bee/artifacts/1300b0aE.dag/Unity.InputSystem.dll, with 158 defines and 250 references
processors: Unity.Jobs.CodeGen.JobsILPostProcessor, zzzUnity.Burst.CodeGen.BurstILPostProcessor
running Unity.Jobs.CodeGen.JobsILPostProcessor
running zzzUnity.Burst.CodeGen.BurstILPostProcessor
[322/391    0s] ILPostProcess Library/Bee/artifacts/1300b0aE.dag/post-processed/Unity.PerformanceTesting.dll (+pdb)
Processing assembly Library/Bee/artifacts/1300b0aE.dag/Unity.PerformanceTesting.dll, with 150 defines and 235 references
processors: Unity.Jobs.CodeGen.JobsILPostProcessor, zzzUnity.Burst.CodeGen.BurstILPostProcessor
running Unity.Jobs.CodeGen.JobsILPostProcessor
running zzzUnity.Burst.CodeGen.BurstILPostProcessor
[323/391    0s] Csc Library/Bee/artifacts/1300b0aE.dag/Unity.Collections.Editor.dll (+2 others)
[           0s] Csc Library/Bee/artifacts/1300b0aE.dag/Unity.Collections.Editor.dll (+2 others) [CacheWrite 00000000000000000000000000000005]
[324/391    0s] ILPostProcess Library/Bee/artifacts/1300b0aE.dag/post-processed/Unity.TextMeshPro.dll (+pdb)
Processing assembly Library/Bee/artifacts/1300b0aE.dag/Unity.TextMeshPro.dll, with 150 defines and 251 references
processors: Unity.Jobs.CodeGen.JobsILPostProcessor, zzzUnity.Burst.CodeGen.BurstILPostProcessor
running Unity.Jobs.CodeGen.JobsILPostProcessor
running zzzUnity.Burst.CodeGen.BurstILPostProcessor
[325/391    0s] ILPostProcess Library/Bee/artifacts/1300b0aE.dag/post-processed/Unity.Mathematics.dll (+pdb)
Processing assembly Library/Bee/artifacts/1300b0aE.dag/Unity.Mathematics.dll, with 149 defines and 250 references
processors: Unity.Jobs.CodeGen.JobsILPostProcessor, zzzUnity.Burst.CodeGen.BurstILPostProcessor
running Unity.Jobs.CodeGen.JobsILPostProcessor
running zzzUnity.Burst.CodeGen.BurstILPostProcessor
[326/391    0s] ILPostProcess Library/Bee/artifacts/1300b0aE.dag/post-processed/Unity.InputSystem.TestFramework.dll (+pdb)
Processing assembly Library/Bee/artifacts/1300b0aE.dag/Unity.InputSystem.TestFramework.dll, with 150 defines and 237 references
processors: Unity.Jobs.CodeGen.JobsILPostProcessor, zzzUnity.Burst.CodeGen.BurstILPostProcessor
running Unity.Jobs.CodeGen.JobsILPostProcessor
running zzzUnity.Burst.CodeGen.BurstILPostProcessor
[327/391    0s] ILPostProcess Library/Bee/artifacts/1300b0aE.dag/post-processed/UnityEngine.UI.dll (+pdb)
Processing assembly Library/Bee/artifacts/1300b0aE.dag/UnityEngine.UI.dll, with 154 defines and 248 references
processors: Unity.Jobs.CodeGen.JobsILPostProcessor, zzzUnity.Burst.CodeGen.BurstILPostProcessor
running Unity.Jobs.CodeGen.JobsILPostProcessor
running zzzUnity.Burst.CodeGen.BurstILPostProcessor
[328/391    0s] ILPostProcess Library/Bee/artifacts/1300b0aE.dag/post-processed/Unity.InternalAPIEngineBridge.004.dll (+pdb)
Processing assembly Library/Bee/artifacts/1300b0aE.dag/Unity.InternalAPIEngineBridge.004.dll, with 149 defines and 250 references
processors: Unity.Jobs.CodeGen.JobsILPostProcessor, zzzUnity.Burst.CodeGen.BurstILPostProcessor
running Unity.Jobs.CodeGen.JobsILPostProcessor
running zzzUnity.Burst.CodeGen.BurstILPostProcessor
[329/391    0s] ILPostProcess Library/Bee/artifacts/1300b0aE.dag/post-processed/Unity.InputSystem.ForUI.dll (+pdb)
Processing assembly Library/Bee/artifacts/1300b0aE.dag/Unity.InputSystem.ForUI.dll, with 149 defines and 251 references
processors: Unity.Jobs.CodeGen.JobsILPostProcessor, zzzUnity.Burst.CodeGen.BurstILPostProcessor
running Unity.Jobs.CodeGen.JobsILPostProcessor
running zzzUnity.Burst.CodeGen.BurstILPostProcessor
[330/391    0s] Csc Library/Bee/artifacts/1300b0aE.dag/PofudukFilo.Runtime.dll (+2 others)
Assets/_Project/Scripts/Core/AdMobAds.cs(38,13): warning CS0618: 'MobileAds.RaiseAdEventsOnUnityMainThread' is obsolete: 'Use MobileAdsEventExecutor.ExecuteInUpdate() instead.'
[331/391    0s] Csc Library/Bee/artifacts/1300b0aE.dag/PofudukFilo.Tests.EditMode.dll (+2 others)
[332/391    0s] ILPostProcess Library/Bee/artifacts/1300b0aE.dag/post-processed/Unity.Burst.dll (+pdb)
Processing assembly Library/Bee/artifacts/1300b0aE.dag/Unity.Burst.dll, with 149 defines and 237 references
processors: Unity.Jobs.CodeGen.JobsILPostProcessor, zzzUnity.Burst.CodeGen.BurstILPostProcessor
running Unity.Jobs.CodeGen.JobsILPostProcessor
running zzzUnity.Burst.CodeGen.BurstILPostProcessor
[333/391    0s] ILPostProcess Library/Bee/artifacts/1300b0aE.dag/post-processed/Unity.Collections.Editor.dll (+pdb)
Processing assembly Library/Bee/artifacts/1300b0aE.dag/Unity.Collections.Editor.dll, with 148 defines and 286 references
processors: Unity.Jobs.CodeGen.JobsILPostProcessor, zzzUnity.Burst.CodeGen.BurstILPostProcessor
running Unity.Jobs.CodeGen.JobsILPostProcessor
running zzzUnity.Burst.CodeGen.BurstILPostProcessor
[334/391    1s] ILPostProcess Library/Bee/artifacts/1300b0aE.dag/post-processed/Unity.Collections.dll (+pdb)
Processing assembly Library/Bee/artifacts/1300b0aE.dag/Unity.Collections.dll, with 151 defines and 252 references
processors: Unity.Jobs.CodeGen.JobsILPostProcessor, zzzUnity.Burst.CodeGen.BurstILPostProcessor
running Unity.Jobs.CodeGen.JobsILPostProcessor
running zzzUnity.Burst.CodeGen.BurstILPostProcessor
[335/391    0s] ILPostProcess Library/Bee/artifacts/1300b0aE.dag/post-processed/PofudukFilo.Tests.EditMode.dll (+pdb)
Processing assembly Library/Bee/artifacts/1300b0aE.dag/PofudukFilo.Tests.EditMode.dll, with 147 defines and 273 references
processors: Unity.Jobs.CodeGen.JobsILPostProcessor, zzzUnity.Burst.CodeGen.BurstILPostProcessor
running Unity.Jobs.CodeGen.JobsILPostProcessor
running zzzUnity.Burst.CodeGen.BurstILPostProcessor
[336/391    0s] ILPostProcess Library/Bee/artifacts/1300b0aE.dag/post-processed/UnityEditor.UI.Analytics.dll (+pdb)
Processing assembly Library/Bee/artifacts/1300b0aE.dag/UnityEditor.UI.Analytics.dll, with 147 defines and 286 references
processors: Unity.Jobs.CodeGen.JobsILPostProcessor, zzzUnity.Burst.CodeGen.BurstILPostProcessor
running Unity.Jobs.CodeGen.JobsILPostProcessor
running zzzUnity.Burst.CodeGen.BurstILPostProcessor
[337/391    0s] ILPostProcess Library/Bee/artifacts/1300b0aE.dag/post-processed/UnityEditor.UI.dll (+pdb)
Processing assembly Library/Bee/artifacts/1300b0aE.dag/UnityEditor.UI.dll, with 150 defines and 284 references
processors: Unity.Jobs.CodeGen.JobsILPostProcessor, zzzUnity.Burst.CodeGen.BurstILPostProcessor
running Unity.Jobs.CodeGen.JobsILPostProcessor
running zzzUnity.Burst.CodeGen.BurstILPostProcessor
[338/391    0s] ILPostProcess Library/Bee/artifacts/1300b0aE.dag/post-processed/PofudukFilo.Runtime.dll (+pdb)
Processing assembly Library/Bee/artifacts/1300b0aE.dag/PofudukFilo.Runtime.dll, with 150 defines and 254 references
processors: Unity.Jobs.CodeGen.JobsILPostProcessor, zzzUnity.Burst.CodeGen.BurstILPostProcessor
running Unity.Jobs.CodeGen.JobsILPostProcessor
running zzzUnity.Burst.CodeGen.BurstILPostProcessor
[339/391    0s] ILPostProcess Library/Bee/artifacts/1300b0aE.dag/post-processed/Unity.TextMeshPro.Editor.dll (+pdb)
Processing assembly Library/Bee/artifacts/1300b0aE.dag/Unity.TextMeshPro.Editor.dll, with 147 defines and 286 references
processors: Unity.Jobs.CodeGen.JobsILPostProcessor, zzzUnity.Burst.CodeGen.BurstILPostProcessor
running Unity.Jobs.CodeGen.JobsILPostProcessor
running zzzUnity.Burst.CodeGen.BurstILPostProcessor
[340/391    0s] ILPostProcess Library/Bee/artifacts/1300b0aE.dag/post-processed/Unity.Mathematics.Editor.dll (+pdb)
Processing assembly Library/Bee/artifacts/1300b0aE.dag/Unity.Mathematics.Editor.dll, with 147 defines and 286 references
processors: Unity.Jobs.CodeGen.JobsILPostProcessor, zzzUnity.Burst.CodeGen.BurstILPostProcessor
running Unity.Jobs.CodeGen.JobsILPostProcessor
running zzzUnity.Burst.CodeGen.BurstILPostProcessor
[341/391    0s] ILPostProcess Library/Bee/artifacts/1300b0aE.dag/post-processed/GoogleMobileAds.Editor.dll (+pdb)
Processing assembly Library/Bee/artifacts/1300b0aE.dag/GoogleMobileAds.Editor.dll, with 147 defines and 285 references
processors: Unity.Jobs.CodeGen.JobsILPostProcessor, zzzUnity.Burst.CodeGen.BurstILPostProcessor
running Unity.Jobs.CodeGen.JobsILPostProcessor
running zzzUnity.Burst.CodeGen.BurstILPostProcessor
[342/391    0s] ILPostProcess Library/Bee/artifacts/1300b0aE.dag/post-processed/Unity.PerformanceTesting.Editor.dll (+pdb)
Processing assembly Library/Bee/artifacts/1300b0aE.dag/Unity.PerformanceTesting.Editor.dll, with 148 defines and 272 references
processors: Unity.Jobs.CodeGen.JobsILPostProcessor, zzzUnity.Burst.CodeGen.BurstILPostProcessor
running Unity.Jobs.CodeGen.JobsILPostProcessor
running zzzUnity.Burst.CodeGen.BurstILPostProcessor
[343/391    0s] CopyFiles Library/ScriptAssemblies/Unity.InputSystem.TestFramework.dll
[344/391    0s] CopyFiles Library/ScriptAssemblies/Unity.Mathematics.dll
[345/391    0s] CopyFiles Library/ScriptAssemblies/Unity.Collections.dll
[346/391    0s] CopyFiles Library/ScriptAssemblies/Unity.Burst.dll
[347/391    0s] CopyFiles Library/ScriptAssemblies/UnityEngine.UI.dll
[348/391    0s] CopyFiles Library/ScriptAssemblies/Unity.TextMeshPro.dll
[349/391    0s] CopyFiles Library/ScriptAssemblies/Unity.PerformanceTesting.dll
[350/391    0s] CopyFiles Library/ScriptAssemblies/Unity.InputSystem.dll
[351/391    0s] CopyFiles Library/ScriptAssemblies/Unity.InputSystem.ForUI.dll
[352/391    0s] CopyFiles Library/ScriptAssemblies/Unity.InternalAPIEngineBridge.004.dll
[353/391    0s] CopyFiles Library/ScriptAssemblies/PofudukFilo.Runtime.dll
[354/391    0s] CopyFiles Library/ScriptAssemblies/UnityEditor.UI.Analytics.dll
[355/391    0s] CopyFiles Library/ScriptAssemblies/UnityEditor.UI.pdb
[356/391    0s] CopyFiles Library/ScriptAssemblies/UnityEditor.UI.Analytics.pdb
[357/391    0s] CopyFiles Library/ScriptAssemblies/Unity.TextMeshPro.Editor.pdb
[358/391    0s] CopyFiles Library/ScriptAssemblies/PofudukFilo.Runtime.pdb
[359/391    0s] CopyFiles Library/ScriptAssemblies/UnityEditor.UI.dll
[360/391    0s] CopyFiles Library/ScriptAssemblies/PofudukFilo.Tests.EditMode.pdb
[361/391    0s] ILPostProcess Library/Bee/artifacts/1300b0aE.dag/post-processed/Unity.Burst.Editor.dll (+pdb)
Processing assembly Library/Bee/artifacts/1300b0aE.dag/Unity.Burst.Editor.dll, with 147 defines and 286 references
processors: Unity.Jobs.CodeGen.JobsILPostProcessor, zzzUnity.Burst.CodeGen.BurstILPostProcessor
running Unity.Jobs.CodeGen.JobsILPostProcessor
running zzzUnity.Burst.CodeGen.BurstILPostProcessor
[362/391    0s] CopyFiles Library/ScriptAssemblies/Unity.InputSystem.pdb
[363/391    0s] CopyFiles Library/ScriptAssemblies/Unity.Collections.Editor.dll
[364/391    0s] CopyFiles Library/ScriptAssemblies/Unity.TextMeshPro.pdb
[365/391    0s] CopyFiles Library/ScriptAssemblies/GoogleMobileAds.Editor.dll
[366/391    0s] CopyFiles Library/ScriptAssemblies/GoogleMobileAds.Editor.pdb
[367/391    0s] CopyFiles Library/ScriptAssemblies/Unity.TextMeshPro.Editor.dll
[368/391    0s] CopyFiles Library/ScriptAssemblies/Unity.Mathematics.Editor.dll
[369/391    0s] CopyFiles Library/ScriptAssemblies/Unity.Mathematics.Editor.pdb
[370/391    0s] CopyFiles Library/ScriptAssemblies/Unity.Burst.Editor.pdb
[371/391    0s] CopyFiles Library/ScriptAssemblies/Unity.Burst.Editor.dll
[372/391    0s] CopyFiles Library/ScriptAssemblies/UnityEngine.UI.pdb
[373/391    0s] CopyFiles Library/ScriptAssemblies/Unity.PerformanceTesting.pdb
[374/391    0s] CopyFiles Library/ScriptAssemblies/Unity.InputSystem.ForUI.pdb
[375/391    0s] CopyFiles Library/ScriptAssemblies/Unity.Collections.Editor.pdb
[376/391    0s] CopyFiles Library/ScriptAssemblies/Unity.Burst.pdb
[377/391    0s] CopyFiles Library/ScriptAssemblies/Unity.InternalAPIEngineBridge.004.pdb
[378/391    0s] CopyFiles Library/ScriptAssemblies/Unity.Mathematics.pdb
[379/391    0s] CopyFiles Library/ScriptAssemblies/Unity.Collections.pdb
[380/391    0s] CopyFiles Library/ScriptAssemblies/PofudukFilo.Tests.EditMode.dll
[381/391    0s] CopyFiles Library/ScriptAssemblies/Unity.PerformanceTesting.Editor.pdb
[382/391    0s] CopyFiles Library/ScriptAssemblies/Unity.PerformanceTesting.Editor.dll
[383/391    0s] CopyFiles Library/ScriptAssemblies/Unity.InputSystem.TestFramework.pdb
[384/391    0s] ILPostProcess Library/Bee/artifacts/1300b0aE.dag/post-processed/Unity.InputSystem.DocCodeSamples.dll (+pdb)
Processing assembly Library/Bee/artifacts/1300b0aE.dag/Unity.InputSystem.DocCodeSamples.dll, with 147 defines and 272 references
processors: Unity.Jobs.CodeGen.JobsILPostProcessor, zzzUnity.Burst.CodeGen.BurstILPostProcessor
running Unity.Jobs.CodeGen.JobsILPostProcessor
running zzzUnity.Burst.CodeGen.BurstILPostProcessor
[385/391    0s] CopyFiles Library/ScriptAssemblies/Unity.InputSystem.DocCodeSamples.pdb
[386/391    0s] CopyFiles Library/ScriptAssemblies/Unity.InputSystem.DocCodeSamples.dll
[387/391    0s] Csc Library/Bee/artifacts/1300b0aE.dag/PofudukFilo.Editor.dll (+2 others)
Assets/_Project/Scripts/Editor/SetupUtil.cs(47,20): warning CS0618: 'EditorUtility.InstanceIDToObject(int)' is obsolete: 'InstanceIDToObject(int) is obsolete. Use EditorUtility.EntityIdToObject instead.'
[388/391    0s] ILPostProcess Library/Bee/artifacts/1300b0aE.dag/post-processed/PofudukFilo.Editor.dll (+pdb)
Processing assembly Library/Bee/artifacts/1300b0aE.dag/PofudukFilo.Editor.dll, with 147 defines and 286 references
processors: Unity.Jobs.CodeGen.JobsILPostProcessor, zzzUnity.Burst.CodeGen.BurstILPostProcessor
running Unity.Jobs.CodeGen.JobsILPostProcessor
running zzzUnity.Burst.CodeGen.BurstILPostProcessor
[389/391    0s] CopyFiles Library/ScriptAssemblies/PofudukFilo.Editor.pdb
[390/391    0s] CopyFiles Library/ScriptAssemblies/PofudukFilo.Editor.dll
*** Tundra build success (15.70 seconds), 113 items updated, 391 evaluated
Assets/_Project/Scripts/Core/AdMobAds.cs(38,13): warning CS0618: 'MobileAds.RaiseAdEventsOnUnityMainThread' is obsolete: 'Use MobileAdsEventExecutor.ExecuteInUpdate() instead.'
Assets/_Project/Scripts/Editor/SetupUtil.cs(47,20): warning CS0618: 'EditorUtility.InstanceIDToObject(int)' is obsolete: 'InstanceIDToObject(int) is obsolete. Use EditorUtility.EntityIdToObject instead.'
Total cache size 8760656
Total cache size after purge 8760656, took 00:00:00.0173157
AssetDatabase: script compilation time: 16.987319s
Begin MonoManager ReloadAssembly
- Loaded All Assemblies, in  0.626 seconds
Start importing ProjectSettings/ProjectSettings.asset using Guid(00000000000000004000000000000000) (LibraryAssetImporter) -> (artifact id: '3b41258b89ce78f90e6b579917937770') in 0.016900212 seconds
Start importing ProjectSettings/EditorBuildSettings.asset using Guid(0000000000000000b000000000000000) (LibraryAssetImporter) -> (artifact id: '1923232d45cb936aef47cec131f33975') in 0.000785076 seconds
Start importing Packages/com.google.external-dependency-manager using Guid(a1e64f65111dd7dcf4c841152afd6aed) (DefaultImporter) -> (artifact id: 'f82d272778194034cff36292993a1781') in 0.000451911 seconds
Start importing Assets/_Project using Guid(cc738def46d99e371b86b24913fe9d86) (DefaultImporter) -> (artifact id: '9a3a40e812fa2ed015a26cc416ce729c') in 0.007977514 seconds
Start importing Packages/com.google.ads.mobile using Guid(fc5a904d733e279842660b78e3e67973) (DefaultImporter) -> (artifact id: 'b02ae2712784c1abbde344b8525ce339') in 0.000435707 seconds
Start importing Assets/_Project/Shaders using Guid(d3a32af637eb1476fb1386465abf997f) (DefaultImporter) -> (artifact id: '418e6e5b5ac237f700777918417dac94') in 0.000914938 seconds
Start importing Packages/com.google.ads.mobile/Plugins using Guid(541dad78aea344fca3a7ed86207da8ef) (DefaultImporter) -> (artifact id: '81e1962c1020eef2f0624ac439e60fd7') in 0.000415667 seconds
Start importing Packages/com.google.ads.mobile/GoogleMobileAds using Guid(8477fda4149141e98f5c0b6fcd0ef572) (DefaultImporter) -> (artifact id: 'a4b5ad1370990f03fa302a997957bcab') in 0.000381657 seconds
Start importing Packages/com.google.external-dependency-manager/ExternalDependencyManager using Guid(46f5870ddbde4a6091f50656dcd5573e) (DefaultImporter) -> (artifact id: '8c8866cc7d3d296690599ed79988d933') in 0.00040473 seconds
Start importing Assets/_Project/Fonts using Guid(2c11496b1a29b9eeaa610033ee87000e) (DefaultImporter) -> (artifact id: 'ecae2a4179a5c6352733196f24895670') in 0.000915168 seconds
Start importing Assets/_Project/Scripts using Guid(2c2755156d75f52d4987d22861cbc5b4) (DefaultImporter) -> (artifact id: '019f98be51eb3b7dce78df4fb436a63e') in 0.000879596 seconds
Start importing Assets/_Project/Tests using Guid(ada0f7b31f5754239880c64b0ee1b9c8) (DefaultImporter) -> (artifact id: '5e71894c5cc9ed1250fbacfb8b451afc') in 0.000930501 seconds
Start importing Assets/_Project/Scripts/Weapons using Guid(70a183d8b394f31c396ec27dee95f1d8) (DefaultImporter) -> (artifact id: '7a86eac640c8f6d6425cd3f2c355b678') in 0.000756303 seconds
Start importing Assets/_Project/Scripts/Editor using Guid(90be5c45f88628662bbd7626e5167fc1) (DefaultImporter) -> (artifact id: '5c2ebad7fb66cb35fa9d5688f40cb2bb') in 0.000738507 seconds
Start importing Assets/_Project/Scripts/Bullets using Guid(c0c7182deea05ea5495bc954332c6b27) (DefaultImporter) -> (artifact id: '6266b23a88548ce6e11615028685b86a') in 0.000890282 seconds
Start importing Assets/_Project/Scripts/UI using Guid(2427e423fea503a8fa2a81e9274bfa48) (DefaultImporter) -> (artifact id: 'd8d878c497acdbd44b5c36abd7ad62db') in 0.000928669 seconds
Start importing Assets/_Project/Scripts/Pooling using Guid(f5778db2abece1990b98392e1bab2c57) (DefaultImporter) -> (artifact id: '56b2c04e2d5860bd8bdcff1bd5e20f95') in 0.000901758 seconds
Start importing Assets/_Project/Scripts/Progression using Guid(16cc6c33257e7e0a8bc515b6efde9e97) (DefaultImporter) -> (artifact id: 'a6b84c698892894c57f8329a0b090367') in 0.00089596 seconds
Start importing Assets/_Project/Scripts/Meta using Guid(c6795c99d9964f7d39b24dc78a084e98) (DefaultImporter) -> (artifact id: 'cfe7612677dbda875dbe326e8042c134') in 0.00095668 seconds
Start importing Assets/_Project/Tests/EditMode using Guid(37cf17f4192e28658808e728932e646d) (DefaultImporter) -> (artifact id: '6a370d19f2db2d4c8ebe0dcd4f36bb9a') in 0.000914248 seconds
Start importing Packages/com.google.ads.mobile/Plugins/Android using Guid(d8a7bfba241b4cb3b9f02269baf8857a) (DefaultImporter) -> (artifact id: '6c547bc0aec63f4161305e55aac3837f') in 0.000424921 seconds
Start importing Packages/com.google.ads.mobile/GoogleMobileAds/Editor using Guid(d84f0ba3e4e34e5faed73162b541eeb4) (DefaultImporter) -> (artifact id: '834425c510b07f2476cb3549c6cd957e') in 0.000398502 seconds
Start importing Assets/_Project/Scripts/Player using Guid(49e0d9317d5c7c29ea75e7116d7f2a37) (DefaultImporter) -> (artifact id: '10d3e453ff26f5c5d8a11caad1ba648c') in 0.000733158 seconds
Start importing Assets/_Project/Scripts/Enemies using Guid(9aea3740f036058f18202b9450e2f33a) (DefaultImporter) -> (artifact id: '14c70b75688ce5d87d660ed0df45fbbf') in 0.000740199 seconds
Start importing Packages/com.google.ads.mobile/Plugins/iOS using Guid(fae5c299386e4420a9687f9378ab7393) (DefaultImporter) -> (artifact id: '7d950aad29dd17b33b0107f649203e49') in 0.000359253 seconds
Start importing Assets/_Project/Scripts/Feel using Guid(4b2d4e91c7ec161c79084ad4727d7e61) (DefaultImporter) -> (artifact id: 'e49e079cf4ca997077854bc5c04835cf') in 0.000950031 seconds
Start importing Assets/_Project/Scripts/Audio using Guid(dd41561b0c40ca999b228a0763c9abed) (DefaultImporter) -> (artifact id: 'f44da614dcf5c1529e869b54a0eaee7e') in 0.000890442 seconds
Start importing Assets/_Project/Scripts/Core using Guid(2ee3fe63f51bf1409ac8374436707f14) (DefaultImporter) -> (artifact id: '6e8b7799945fe1406bd0b770dd931692') in 0.001017911 seconds
Start importing Packages/com.google.external-dependency-manager/ExternalDependencyManager/Editor using Guid(1f23cd25474841f6ad7555705b4807e9) (DefaultImporter) -> (artifact id: 'f5588c2c7126b75609846a4c9b8626ee') in 0.000381657 seconds
Start importing Packages/com.google.ads.mobile/GoogleMobileAds/Editor/Resources using Guid(110780d945e04427a1f2798b5946d775) (DefaultImporter) -> (artifact id: 'a8bd12da2143d213a795d5ef37331690') in 0.000413904 seconds
Start importing Packages/com.google.ads.mobile/Plugins/iOS/NativeTemplates using Guid(a59919d0fed24042973018cc9c269a0b) (DefaultImporter) -> (artifact id: 'c53a91878a099e1ab366823e3cd2ba3a') in 0.000381978 seconds
Start importing Packages/com.google.external-dependency-manager/ExternalDependencyManager/Editor/1.2.189 using Guid(c5f86d429b064f02b6689a74df6871bf) (DefaultImporter) -> (artifact id: 'df9cce7b0081dc0618087090ab5cb1cf') in 0.000392373 seconds
Start importing Packages/com.google.ads.mobile/GoogleMobileAds/Editor/Resources/PlaceholderAds using Guid(040d36684f144c4cba6eeca7b51bd1e0) (DefaultImporter) -> (artifact id: 'b63dbd43d01c48bb331fae488a5f480d') in 0.000379594 seconds
Start importing Packages/com.google.ads.mobile/GoogleMobileAds/Editor/Resources/Ump using Guid(8c2fad1ee6464e1aa4f5d4b47f6242fe) (DefaultImporter) -> (artifact id: '002f41bd2cab26ee6f6b1e8ab9035796') in 0.000382417 seconds
Start importing Packages/com.google.ads.mobile/GoogleMobileAds/Editor/Resources/PlaceholderAds/AdInspector using Guid(415732547048424ea1f5bbdac4ff0bd3) (DefaultImporter) -> (artifact id: '95e08eb296f5229f866ff6f4c51f0e28') in 0.000380145 seconds
Start importing Packages/com.google.ads.mobile/GoogleMobileAds/Editor/Resources/PlaceholderAds/AdImages using Guid(e11448f71f6a484d8e2bbf96ed9adac8) (DefaultImporter) -> (artifact id: '11ba705c188c11a1ff4d86e36d491571') in 0.000366845 seconds
Start importing Packages/com.google.ads.mobile/GoogleMobileAds/Editor/Resources/PlaceholderAds/Rewarded using Guid(9220924e2ff14d4f87a22ce791b354c0) (DefaultImporter) -> (artifact id: '7923957e7b9cb511776712d8be8db12a') in 0.00036365 seconds
Start importing Packages/com.google.ads.mobile/GoogleMobileAds/Editor/Resources/PlaceholderAds/AppOpen using Guid(a5a1401e022e4a1ca64d8d630505274b) (DefaultImporter) -> (artifact id: '3ca706c9302aa260a3dc9de848ada021') in 0.000338112 seconds
Start importing Packages/com.google.ads.mobile/GoogleMobileAds/Editor/Resources/PlaceholderAds/Interstitials using Guid(26964d218457489b8be87288b2cace01) (DefaultImporter) -> (artifact id: '311032f88c82c851b59bbead98227247') in 0.000381997 seconds
Start importing Packages/com.google.ads.mobile/GoogleMobileAds/Editor/Resources/PlaceholderAds/Banners using Guid(8e28a6fd340945b8a301bcc00c2fbc98) (DefaultImporter) -> (artifact id: '09221a81b1cc29ea1cdacde17f36ec6a') in 0.000339103 seconds
Start importing Assets/_Project/Tests/EditMode/PofudukFilo.Tests.EditMode.asmdef using Guid(29cecb4a461e674b2be58f98498c6625) (AssemblyDefinitionImporter) -> (artifact id: 'c8e6f205da5ccb40ade95572dda7f3b1') in 0.001358668 seconds
Start importing Assets/_Project/Scripts/Editor/PofudukFilo.Editor.asmdef using Guid(2aed60d748961c5d3990fa23894dc3fd) (AssemblyDefinitionImporter) -> (artifact id: '2747178c5ce041d597a86620b6dcbaa4') in 0.001076939 seconds
Start importing Packages/com.google.ads.mobile/GoogleMobileAds/Editor/GoogleMobileAds.Editor.asmdef using Guid(cbb42e4cfd9484f52972c8f05e1c3252) (AssemblyDefinitionImporter) -> (artifact id: '5e624a66b8487533c937aa3a4cbdcd14') in 0.000699769 seconds
Start importing Assets/_Project/Scripts/PofudukFilo.Runtime.asmdef using Guid(5e96d5e265876b10b8af62c4a393f0ee) (AssemblyDefinitionImporter) -> (artifact id: '0456a4cc2eb37c80ea38b9c2ee638ec7') in 0.001094105 seconds
Refreshing native plugins compatible for Editor in 0.55 ms, found 0 plugins.
Native extension for LinuxStandalone target not found
Native extension for Android target not found
Refreshing native plugins compatible for Editor in 0.57 ms, found 0 plugins.
ScheduleIndexationOnStartup MainProcess:True IndexOnStartup:True
Mono: successfully reloaded assembly
- Finished resetting the current domain, in  2.778 seconds
Domain Reload Profiling: 3402ms
	BeginReloadAssembly (172ms)
		ExecutionOrderSort (0ms)
		DisableScriptedObjects (16ms)
		BackupInstance (0ms)
		ReleaseScriptingObjects (0ms)
		CreateAndSetChildDomain (49ms)
	RebuildCommonClasses (58ms)
	RebuildNativeTypeToScriptingClass (14ms)
	initialDomainReloadingComplete (44ms)
	LoadAllAssembliesAndSetupDomain (336ms)
		LoadAssemblies (295ms)
		RebuildTransferFunctionScriptingTraits (0ms)
		AnalyzeDomain (114ms)
			TypeCache.Refresh (91ms)
				TypeCache.ScanAssembly (81ms)
			BuildScriptInfoCaches (16ms)
			ResolveRequiredComponents (5ms)
	FinalizeReload (2778ms)
		ReleaseScriptCaches (0ms)
		RebuildScriptCaches (0ms)
		SetupLoadedEditorAssemblies (2560ms)
			LogAssemblyErrors (0ms)
			InitializePlatformSupportModulesInManaged (39ms)
			SetLoadedEditorAssemblies (4ms)
			BeforeProcessingInitializeOnLoad (147ms)
			ProcessInitializeOnLoadAttributes (2282ms)
			ProcessInitializeOnLoadMethodAttributes (77ms)
			AfterProcessingInitializeOnLoad (11ms)
			EditorAssembliesLoaded (0ms)
		ExecutionOrderSort2 (0ms)
		AwakeInstancesAfterBackupRestoration (81ms)
Start importing Packages/com.google.ads.mobile/GoogleMobileAds/LICENSE using Guid(dced4676809d4fd080dc99cc6b32b2ab) (DefaultImporter) -> (artifact id: '01cdaa521bc2b959c0feb6af10d19591') in 0.000920707 seconds
Start importing Packages/com.google.external-dependency-manager/ExternalDependencyManager/Editor/Google.VersionHandler.pdb using Guid(10d04401b9154c1ca83926078b2b905e) (DefaultImporter) -> (artifact id: '4fbc1504b866e752e344727ec13c946c') in 0.000534394 seconds
Start importing Packages/com.google.external-dependency-manager/ExternalDependencyManager/Editor/1.2.189/Google.PackageManagerResolver.pdb using Guid(80fd864b74e84a15ac40a3ae9631c266) (DefaultImporter) -> (artifact id: '8a6a48c29e06a8855f9fc83ed9402254') in 0.000506021 seconds
Start importing Packages/com.google.external-dependency-manager/ExternalDependencyManager/Editor/1.2.189/Google.JarResolver.pdb using Guid(b45ed330748d41a1acd6b6b4fe52f99f) (DefaultImporter) -> (artifact id: '541c132e2ff8ac3f124b33dc0aa6a779') in 0.000462206 seconds
Start importing Packages/com.google.external-dependency-manager/ExternalDependencyManager/Editor/1.2.189/Google.IOSResolver.pdb using Guid(e406438e550a42fe8b43eb9a9cad55ff) (DefaultImporter) -> (artifact id: '1503808215ea9a72a222633e6b67093e') in 0.000461586 seconds
Start importing Packages/com.google.external-dependency-manager/ExternalDependencyManager/Editor/1.2.189/Google.VersionHandlerImpl.pdb using Guid(8f5c6b31e930472a8ede1a0f9c59a0c7) (DefaultImporter) -> (artifact id: '1a9230dde56b701c773157d2a8efca44') in 0.000499982 seconds
Start importing Packages/com.google.ads.mobile/GoogleMobileAds/Editor/Resources/PlaceholderAds/AdImages/AdInspectorHome.png using Guid(d271d6a1aed6848559ecad6252e333b1) (TextureImporter) -> (artifact id: 'dd4e75f064f451cb27e1db56ed9f527d') in 0.054861913 seconds
Start importing Packages/com.google.ads.mobile/GoogleMobileAds/Editor/Resources/PlaceholderAds/AdImages/480x320.png using Guid(d30303c99ba3f4b9b9924da34e6d742d) (TextureImporter) -> (artifact id: 'ed37b753a80fa248a66889cab3b056f6') in 0.01226529 seconds
Start importing Packages/com.google.ads.mobile/GoogleMobileAds/Editor/Resources/PlaceholderAds/AdImages/468x60.png using Guid(74358f5fb13a549aabac4a5a7ac76739) (TextureImporter) -> (artifact id: '9a2452fb765c08040ee23a16d69e6b7d') in 0.003802345 seconds
Start importing Packages/com.google.ads.mobile/GoogleMobileAds/Editor/Resources/PlaceholderAds/AdImages/320x480.png using Guid(77d9c04b43d404f44ab60d7159b279bb) (TextureImporter) -> (artifact id: '256f2dc4a30e590ed2e66ba54565b5d3') in 0.011974439 seconds
Start importing Packages/com.google.ads.mobile/GoogleMobileAds/Editor/Resources/PlaceholderAds/AdImages/300x250.png using Guid(898f886a39d714db5b90d2c36676c894) (TextureImporter) -> (artifact id: '799f3fd12338d52c67c383d5dcdb0281') in 0.009533555 seconds
Start importing Packages/com.google.ads.mobile/GoogleMobileAds/Editor/Resources/PlaceholderAds/AdImages/320x100.png using Guid(1a2723ddf964e4565a408007ab387283) (TextureImporter) -> (artifact id: 'c10243c07c6c04b261bb6119c477c9d7') in 0.007843495 seconds
Start importing Packages/com.google.ads.mobile/GoogleMobileAds/Editor/Resources/PlaceholderAds/AdImages/320x50.png using Guid(5a6531d4c9c484d679a2d6f9e6fefed5) (TextureImporter) -> (artifact id: '0164524623c18bd0a69617ba8e7612eb') in 0.002919264 seconds
Start importing Packages/com.google.ads.mobile/GoogleMobileAds/Editor/Resources/PlaceholderAds/AdImages/768x1024.png using Guid(8a53f9c63a5e94b14a98698a7b07365b) (TextureImporter) -> (artifact id: 'e1698a74403fdba8db35f8a36c752b56') in 0.056454647 seconds
Start importing Packages/com.google.ads.mobile/GoogleMobileAds/Editor/Resources/Ump/ConsentForm.png using Guid(cb0d255b8cd434556a80e3ae50b24b9c) (TextureImporter) -> (artifact id: '1b6c0403fbadc1f772b9006428601373') in 0.094402549 seconds
Start importing Packages/com.google.ads.mobile/GoogleMobileAds/Editor/Resources/PlaceholderAds/AdImages/1024x768.png using Guid(4c69db43dbd474a2987be5807129b4cc) (TextureImporter) -> (artifact id: '321639859e48a61887e1c1c4675e649c') in 0.058780291 seconds
Start importing Packages/com.google.ads.mobile/GoogleMobileAds/Editor/Resources/PlaceholderAds/AdImages/728x90.png using Guid(cfead63ff9d9d48e2b4ba3c2dee7cea9) (TextureImporter) -> (artifact id: '0795a09717010d679b6014b919bc6b97') in 0.009179549 seconds
Start importing Assets/_Project/Shaders/SpriteWhiteFlash.shader using Guid(d4a5c65df033ba054a4f801cb27967c8) (ShaderImporter)Launched and connected shader compiler UnityShaderCompiler after 0.01 seconds
 -> (artifact id: '545d3ecdcb2f1d3678c6ffd682acd374') in 0.060173178 seconds
Start importing Assets/_Project/Shaders/InstancedSprite.shader using Guid(9b444998ed1cc43e187fa86c6a876fef) (ShaderImporter) -> (artifact id: '69544d633ad836c6c595fa370bea51e2') in 0.012630923 seconds
Start importing Assets/_Project/Fonts/PaytoneOne.ttf using Guid(5c924f1816ae922c9a17d25b0c910470) (TrueTypeFontImporter) -> (artifact id: '55a22a269c015f62e5bf9ff83d2e6cf2') in 0.030343195 seconds
Start importing Packages/com.google.ads.mobile/README.md using Guid(7116baadf3e542399d530046786beb96) (TextScriptImporter) -> (artifact id: '10b3ddd204df2c40f7086e1c97c01969') in 0.001303375 seconds
Start importing Packages/com.google.ads.mobile/GoogleMobileAds/Editor/GoogleMobileAdsSKAdNetworkItems.xml using Guid(b18ecf64be00344e7b039c69e9af56bf) (TextScriptImporter) -> (artifact id: 'c020cfedb935d4aa504d81b411ba0458') in 0.000946245 seconds
Start importing Assets/_Project/Fonts/PaytoneOne-OFL.txt using Guid(d2f7c06f7d5f034cdb810b7fd69c4941) (TextScriptImporter) -> (artifact id: '56a1a4ad6ced4e937c6436d081f76534') in 0.13578578 seconds
Start importing Packages/com.google.ads.mobile/package.json using Guid(3394fce7993e47d8a7336833f7326252) (PackageManifestImporter) -> (artifact id: '93ba7914432aa8c59c48798a9bbbc9bf') in 0.00173806 seconds
Start importing Packages/com.google.ads.mobile/GoogleMobileAds/Editor/gma_settings_editor_localization_data.json using Guid(83a3846a658ae46219b050c8451aabfe) (TextScriptImporter) -> (artifact id: '283045fffdd997b611a9fb61a99aa5e5') in 0.00098996 seconds
Start importing Packages/com.google.ads.mobile/GoogleMobileAds/CHANGELOG.md using Guid(161c4904cd2045a1bf046453a58a9d7b) (TextScriptImporter) -> (artifact id: 'dddd0386a5f2bbb2a83a0be96779893f') in 0.001038351 seconds
Start importing Packages/com.google.ads.mobile/GoogleMobileAds/link.xml using Guid(d6461f9591d240498f49453b73a48552) (TextScriptImporter) -> (artifact id: '597cfb1fe57da0ebcc2d554b0f44080d') in 0.000899235 seconds
Start importing Packages/com.google.external-dependency-manager/LICENSE.md using Guid(f61a1c8e753b496bb696e77d7eedfb95) (TextScriptImporter) -> (artifact id: '698d4bdee8819e871cee96032cba56c4') in 0.00090283 seconds
Start importing Packages/com.google.ads.mobile/GoogleMobileAds/Editor/GoogleUmpDependencies.xml using Guid(f7225ce7103aa4556994e2c2be08cd37) (TextScriptImporter) -> (artifact id: 'ef113e013d6a15b9987940bea38898e1') in 0.000829692 seconds
Start importing Packages/com.google.external-dependency-manager/ExternalDependencyManager/Editor/external-dependency-manager_version-1.2.189_manifest.txt using Guid(98fd6d15964d47bfa8a2d90e75bfb538) (TextScriptImporter) -> (artifact id: 'ccd8541afe014dfbfb9bb6cdb180f1fb') in 0.00085581 seconds
Start importing Packages/com.google.ads.mobile/GoogleMobileAds/GoogleMobileAds_version-11.5.0_manifest.txt using Guid(3a1de1d1bf6041c2bf40eb1b53bcf16e) (TextScriptImporter) -> (artifact id: 'bfff87aec75f283af2a28e79249585c3') in 0.000864514 seconds
Start importing Assets/_Project/README.md using Guid(1b3d08758966db86e97ee17ab2439100) (TextScriptImporter) -> (artifact id: 'dae6f941fc61899c71fc3352bbf0c1e5') in 0.002321176 seconds
Start importing Packages/com.google.external-dependency-manager/package.json using Guid(9bed450d5c03481d87e61b61431cf00a) (PackageManifestImporter) -> (artifact id: '80bc31f5ee95168ff8bc8012eff0aff2') in 0.00084174 seconds
Start importing Packages/com.google.external-dependency-manager/README.md using Guid(cbbebcaa6ecb4b9582dce440a386de75) (TextScriptImporter) -> (artifact id: '920529c4c0199683bf38c82c48d87bd3') in 0.000862851 seconds
Start importing Packages/com.google.ads.mobile/GoogleMobileAds/Editor/GoogleMobileAdsDependencies.xml using Guid(2c9357ed17521401bb7b6733145ebcd9) (TextScriptImporter) -> (artifact id: 'e93cf7ffa15f6556a6f81a0315f280c3') in 0.000804935 seconds
Start importing Packages/com.google.ads.mobile/LICENSE.md using Guid(fc41f6dc6b8440f8877d9374a6d56957) (TextScriptImporter) -> (artifact id: 'c95a6a37d7735a51de4c6fb62b28bb0f') in 0.000807088 seconds
Start importing Packages/com.google.external-dependency-manager/CHANGELOG.md using Guid(dd6a29a412594aadb37d9698db325eca) (TextScriptImporter) -> (artifact id: 'fb76e80708cd8e18383fd1d4b12a0000') in 0.000895459 seconds
Start importing Packages/com.google.ads.mobile/CHANGELOG.md using Guid(0eee29df3d9d43e6b60f5c5bec06affa) (TextScriptImporter) -> (artifact id: '6217777efdddae79830c9e545eb08372') in 0.000847629 seconds
Start importing Packages/com.google.ads.mobile/GoogleMobileAds/Editor/Resources/PlaceholderAds/AppOpen/1024x768.prefab using Guid(30454d768d0994255b52eafa89dad8e2) (PrefabImporter) -> (artifact id: '502f8ea53764df6930199f252268a9cf') in 0.018939229 seconds
Start importing Packages/com.google.ads.mobile/GoogleMobileAds/Editor/Resources/PlaceholderAds/Banners/LEADERBOARD.prefab using Guid(60a76727b740d485fa446352e56931c5) (PrefabImporter) -> (artifact id: '71c7ff71db3f7eddd1a6ab81fa1d83b8') in 0.002378431 seconds
Start importing Packages/com.google.ads.mobile/GoogleMobileAds/Editor/Resources/PlaceholderAds/Banners/FULL_BANNER.prefab using Guid(a01bd5a6d0f504aecb61dad504950abd) (PrefabImporter) -> (artifact id: '52b393c18581210ef6fe4b81f6461f2e') in 0.002090414 seconds
Start importing Packages/com.google.ads.mobile/GoogleMobileAds/Editor/Resources/PlaceholderAds/AdInspector/768x1024.prefab using Guid(d09dfea4c722a4e239e771200d3639cc) (PrefabImporter) -> (artifact id: 'b49a2a4bec1ccd69690c89bf66a64e06') in 0.002499341 seconds
Start importing Packages/com.google.ads.mobile/GoogleMobileAds/Editor/Resources/Ump/ConsentForm.prefab using Guid(32087445d9e7f4577ae9170a6b11f114) (PrefabImporter) -> (artifact id: '812aaa8d5c506730132cfb4ff00e45b9') in 0.003044851 seconds
Start importing Packages/com.google.ads.mobile/GoogleMobileAds/Editor/Resources/PlaceholderAds/Banners/ADAPTIVE.prefab using Guid(b2a3ea2f1837847d9981501e0eeca085) (PrefabImporter) -> (artifact id: '267ba47b9df10fb8024c164eb4d57fd4') in 0.0023979 seconds
Start importing Packages/com.google.ads.mobile/GoogleMobileAds/Editor/Resources/PlaceholderAds/Banners/BANNER.prefab using Guid(b2a8ac187bcca47a286cb00c8094da36) (PrefabImporter) -> (artifact id: '775588361a9fa5c0919775bdf734cdd6') in 0.00218926 seconds
Start importing Packages/com.google.ads.mobile/GoogleMobileAds/Editor/Resources/PlaceholderAds/Interstitials/1024x768.prefab using Guid(53084846ca7a14a878485a5db71fda00) (PrefabImporter) -> (artifact id: '49db170904a394e49bde135255641572') in 0.00222944 seconds
Start importing Packages/com.google.ads.mobile/GoogleMobileAds/Editor/Resources/PlaceholderAds/Banners/SMART_BANNER.prefab using Guid(15069cdc38e2b41f7836116419a9187c) (PrefabImporter) -> (artifact id: 'caf602bb3fe23fe33e148435c26e9479') in 0.001938058 seconds
Start importing Packages/com.google.ads.mobile/GoogleMobileAds/Editor/Resources/PlaceholderAds/Banners/CENTER.prefab using Guid(452d0eeb28d68420d95c05a6712689be) (PrefabImporter) -> (artifact id: '09777212bf16c5776ffc3dc1eb6cfd36') in 0.001873131 seconds
Start importing Packages/com.google.ads.mobile/GoogleMobileAds/Editor/Resources/PlaceholderAds/Banners/LARGE_BANNER.prefab using Guid(2758392ec5c0c413886eaf50350c125e) (PrefabImporter) -> (artifact id: '631688821000521daefd25a4dd634a82') in 0.002706589 seconds
Start importing Packages/com.google.ads.mobile/GoogleMobileAds/Editor/Resources/PlaceholderAds/Banners/MEDIUM_RECTANGLE.prefab using Guid(da3156337d5ca4d529cf72f8b467823b) (PrefabImporter) -> (artifact id: 'df35170e04117679a137db09afda3794') in 0.001849475 seconds
Start importing Packages/com.google.ads.mobile/GoogleMobileAds/Editor/Resources/PlaceholderAds/Rewarded/1024x768.prefab using Guid(ac0a546bb4fb349229fc5824b288ec00) (PrefabImporter) -> (artifact id: '1aea2b70979e18d0226e5eb5dad8bf2c') in 0.002284402 seconds
Start importing Packages/com.google.ads.mobile/GoogleMobileAds/Editor/Resources/PlaceholderAds/AppOpen/768x1024.prefab using Guid(7d86e5c9e525f4fadbbea7ee54246b94) (PrefabImporter) -> (artifact id: '7e64d9e7f04d1a8096a6cac3a0cc3873') in 0.002267857 seconds
Start importing Packages/com.google.ads.mobile/GoogleMobileAds/Editor/Resources/PlaceholderAds/Rewarded/768x1024.prefab using Guid(4e3dd9a9607da46da8125b4b59a18db2) (PrefabImporter) -> (artifact id: '7a1be8617e62ee5d77f51538bba793f9') in 0.00462753 seconds
Start importing Packages/com.google.ads.mobile/GoogleMobileAds/Editor/Resources/PlaceholderAds/Interstitials/768x1024.prefab using Guid(9e579ef4793d34e79be6a216c0b67d78) (PrefabImporter) -> (artifact id: 'b05610d328c50f2a8d56ba896c4a71a8') in 0.00344233 seconds
Start importing Packages/com.unity.inputsystem/InputSystem/Editor/UITKAssetEditor/PackageResources/BindingPanelRowTemplate.uxml using Guid(449c8e5ca27af8e4a9db710c8be5e4df) (ScriptedImporter) -> (artifact id: 'd92ce9d7f78af3c2408ec45db4092803') in 0.651721093 seconds
Refreshing native plugins compatible for Editor in 0.48 ms, found 0 plugins.
Preloading 0 native plugins for Editor in 0.00 ms.
Asset Pipeline Refresh (id=3342a7e1c1f43fed785cb72ee1b0e548): Total: 47.054 seconds - Initiated by InitialRefreshV2(ForceSynchronousImport)
	Summary:
		Imports: total=469 (actual=99, local cache=370, cache server=0)
		Asset DB Process Time: managed=13 ms, native=4791 ms
		Asset DB Callback time: managed=279 ms, native=14761 ms
		Scripting: domain reloads=1, domain reload time=627 ms, compile time=26562 ms, other=18 ms
		Project Asset Count: scripts=364, non-scripts=337
		Asset File Changes: new=155, changed=252, moved=0, deleted=153
		Scan Filter Count: 1
	InvokeCustomDependenciesCallbacks: 0.006ms
	InvokePackagesCallback: 14726.031ms
	ApplyChangesToAssetFolders: 0.315ms
	Scan: 398.766ms
	OnSourceAssetsModified: 1.604ms
	CategorizeAssetsWithTransientArtifact: 10.107ms
	ProcessAssetsWithTransientArtifactChanges: 30.654ms
	UnregisterDeletedAssets: 0.023ms
	CategorizeAssets: 12.875ms
	ImportOutOfDateAssets: 4185.137ms (-23781.609ms without children)
		ImportManagerImport: 1400.657ms (34.234ms without children)
			ImportInProcess: 1365.804ms
			UpdateCategorizedAssets: 0.619ms
		CompileScripts: 26561.825ms
		ReloadNativeAssets: 0.001ms
		UnloadImportedAssets: 0.456ms
		ReloadImportedAssets: 2.977ms
		EnsureUptoDateAssetsAreRegisteredWithGuidPM: 0.292ms
		InitializingProgressBar: 0.007ms
		PostProcessAllAssetNotificationsAddChangedAssets: 0.000ms
		OnDemandSchedulerStart: 0.531ms
	PostProcessAllAssets: 457.615ms
	Hotreload: 1.287ms
	GatherAllCurrentPrimaryArtifactRevisions: 0.040ms
	UnloadStreamsBegin: 0.793ms
	PersistCurrentRevisions: 1.055ms
	UnloadStreamsEnd: 0.001ms
	GenerateScriptTypeHashes: 3.216ms
	Untracked: 27227.990ms

Application.AssetDatabase Initial Refresh End
Scanning for USB devices : 0.155ms
Initializing Unity extensions:
UpdateMenuTitleForLanguage: 10
[MODES] ModeService[none].Initialize
[MODES] ModeService[none].LoadModes
[MODES] Loading mode Default (0) for mode-current-id-project
Unloading 103 Unused Serialized files (Serialized files now loaded: 0)
Unloading 1911 unused Assets / (506.7 KB). Loaded Objects now: 2441.
Memory consumption went from 110.6 MB to 110.1 MB.
Total: 72.068779 ms (FindLiveObjects: 0.196331 ms CreateObjectMapping: 0.050975 ms MarkObjects: 70.748971 ms  DeleteObjects: 1.071581 ms)

Unloading 0 Unused Serialized files (Serialized files now loaded: 0)
Unloading 0 unused Assets / (0 B). Loaded Objects now: 2441.
Memory consumption went from 108.5 MB to 108.5 MB.
Total: 7.434428 ms (FindLiveObjects: 0.116322 ms CreateObjectMapping: 0.040861 ms MarkObjects: 7.268812 ms  DeleteObjects: 0.007511 ms)

DisplayProgressbar: Pofuduk Filo
Start importing Assets/_Project/Generated using Guid(5139290d66e4ae9c0a133273f290c9ae) (DefaultImporter) -> (artifact id: '38ee190c641999e3a6c07c4b7100520f') in 0.001042868 seconds
Refreshing native plugins compatible for Editor in 0.57 ms, found 0 plugins.
Preloading 0 native plugins for Editor in 0.00 ms.
Asset Pipeline Refresh (id=4a6d5365d9eb1baf49a54a8297917220): Total: 0.071 seconds - Initiated by StopAssetImportingV2(NoUpdateAssetOptions)
Start importing Assets/_Project/Generated/Art using Guid(25522dea097d0d53bba445b1f0deb811) (DefaultImporter) -> (artifact id: '016d8769c2066c61600bd22994348ae6') in 0.001109747 seconds
Refreshing native plugins compatible for Editor in 0.53 ms, found 0 plugins.
Preloading 0 native plugins for Editor in 0.00 ms.
Asset Pipeline Refresh (id=f5ebcdc956a1226f388643b84bb15c46): Total: 0.010 seconds - Initiated by StopAssetImportingV2(NoUpdateAssetOptions)
Start importing Assets/_Project/Generated/Art/bunny.png using Guid(ef0239edbbd8b7691ba66939a7e04a7e) (TextureImporter) -> (artifact id: '0037ca8a2b162bcd9be3efcc544c113c') in 0.095274533 seconds
Refreshing native plugins compatible for Editor in 0.60 ms, found 0 plugins.
Preloading 0 native plugins for Editor in 0.00 ms.
Asset Pipeline Refresh (id=97c64d145c6f1c645b05a6fb17126f00): Total: 0.147 seconds - Initiated by StopAssetImportingV2(NoUpdateAssetOptions)
Start importing Assets/_Project/Generated/Art/bunny.png using Guid(ef0239edbbd8b7691ba66939a7e04a7e) (TextureImporter) -> (artifact id: '277a004e875c18ddd98ab62104c40b33') in 0.008504967 seconds
Refreshing native plugins compatible for Editor in 0.53 ms, found 0 plugins.
Preloading 0 native plugins for Editor in 0.00 ms.
Asset Pipeline Refresh (id=bf27cc5a12d25e3078e2a656dfabae8d): Total: 0.021 seconds - Initiated by StopAssetImportingV2(NoUpdateAssetOptions)
Start importing Assets/_Project/Generated/Art/chick.png using Guid(170d63fa5d3f3451bb74f3710310e656) (TextureImporter) -> (artifact id: '26460e95ea39e383c869cdf885c221f5') in 0.091105429 seconds
Refreshing native plugins compatible for Editor in 0.63 ms, found 0 plugins.
Preloading 0 native plugins for Editor in 0.00 ms.
Asset Pipeline Refresh (id=37dc339df5d71058fbd44ed044947067): Total: 0.146 seconds - Initiated by StopAssetImportingV2(NoUpdateAssetOptions)
Start importing Assets/_Project/Generated/Art/chick.png using Guid(170d63fa5d3f3451bb74f3710310e656) (TextureImporter) -> (artifact id: '4d162ebaf5b0c1e03e0ae2df86384b5d') in 0.008384729 seconds
Refreshing native plugins compatible for Editor in 0.55 ms, found 0 plugins.
Preloading 0 native plugins for Editor in 0.00 ms.
Asset Pipeline Refresh (id=2cf82db16fe2043c2b9a1899d51946e8): Total: 0.023 seconds - Initiated by StopAssetImportingV2(NoUpdateAssetOptions)
Start importing Assets/_Project/Generated/Art/chick_elite.png using Guid(5a394f260ccc33946b8224b1f98f4630) (TextureImporter) -> (artifact id: '8b3755294829a62753d5275880aac33f') in 0.099218309 seconds
Refreshing native plugins compatible for Editor in 0.56 ms, found 0 plugins.
Preloading 0 native plugins for Editor in 0.00 ms.
Asset Pipeline Refresh (id=43ee1799d479352b585f909348b605a7): Total: 0.146 seconds - Initiated by StopAssetImportingV2(NoUpdateAssetOptions)
Start importing Assets/_Project/Generated/Art/chick_elite.png using Guid(5a394f260ccc33946b8224b1f98f4630) (TextureImporter) -> (artifact id: '8f4083d1821dd934c5f0afa2dd043399') in 0.008518497 seconds
Refreshing native plugins compatible for Editor in 0.54 ms, found 0 plugins.
Preloading 0 native plugins for Editor in 0.00 ms.
Asset Pipeline Refresh (id=50b9bc645cd2e66f8abbbb9b8a64b436): Total: 0.021 seconds - Initiated by StopAssetImportingV2(NoUpdateAssetOptions)
Start importing Assets/_Project/Generated/Art/jelly_bear.png using Guid(2a1e68d9f42ea67feb5870d21c981d03) (TextureImporter) -> (artifact id: 'b30f29e38a1935b783f9980035377c83') in 0.092795393 seconds
Refreshing native plugins compatible for Editor in 0.59 ms, found 0 plugins.
Preloading 0 native plugins for Editor in 0.00 ms.
Asset Pipeline Refresh (id=3590c866a76e4767b9d2ee51368a210d): Total: 0.146 seconds - Initiated by StopAssetImportingV2(NoUpdateAssetOptions)
Start importing Assets/_Project/Generated/Art/jelly_bear.png using Guid(2a1e68d9f42ea67feb5870d21c981d03) (TextureImporter) -> (artifact id: 'e312eb5a35daeb1d2a6d5512ed5d7a10') in 0.007529499 seconds
Refreshing native plugins compatible for Editor in 0.41 ms, found 0 plugins.
Preloading 0 native plugins for Editor in 0.00 ms.
Asset Pipeline Refresh (id=c37af21efaf737a15a78791ef8da3c4b): Total: 0.022 seconds - Initiated by StopAssetImportingV2(NoUpdateAssetOptions)
Start importing Assets/_Project/Generated/Art/jelly_king.png using Guid(8e6fedbc9c36e2313850c64b5206f94a) (TextureImporter) -> (artifact id: 'a56918cb56ab2a8aee7172a6545f13a4') in 0.076097511 seconds
Refreshing native plugins compatible for Editor in 0.50 ms, found 0 plugins.
Preloading 0 native plugins for Editor in 0.00 ms.
Asset Pipeline Refresh (id=efe81dc8912e216898c663e9c52e55ba): Total: 0.133 seconds - Initiated by StopAssetImportingV2(NoUpdateAssetOptions)
Start importing Assets/_Project/Generated/Art/jelly_king.png using Guid(8e6fedbc9c36e2313850c64b5206f94a) (TextureImporter) -> (artifact id: 'f3e1d015d754917ca6e32766e844f550') in 0.006970619 seconds
Refreshing native plugins compatible for Editor in 0.43 ms, found 0 plugins.
Preloading 0 native plugins for Editor in 0.00 ms.
Asset Pipeline Refresh (id=73631fecf679550e5b551f0c66c32322): Total: 0.018 seconds - Initiated by StopAssetImportingV2(NoUpdateAssetOptions)
Start importing Assets/_Project/Generated/Art/cookie_robot.png using Guid(595905add67e33322bff0fd6b3a1a4dd) (TextureImporter) -> (artifact id: 'ea771297353524e8dd6b2bb0c8bfb288') in 0.131258378 seconds
Refreshing native plugins compatible for Editor in 0.67 ms, found 0 plugins.
Preloading 0 native plugins for Editor in 0.00 ms.
Asset Pipeline Refresh (id=4eddec801581b6e9f8b110ea12849373): Total: 0.188 seconds - Initiated by StopAssetImportingV2(NoUpdateAssetOptions)
Start importing Assets/_Project/Generated/Art/cookie_robot.png using Guid(595905add67e33322bff0fd6b3a1a4dd) (TextureImporter) -> (artifact id: 'd28f2c46245c786b8fd8b29cfb6aa8f9') in 0.007785299 seconds
Refreshing native plugins compatible for Editor in 0.63 ms, found 0 plugins.
Preloading 0 native plugins for Editor in 0.00 ms.
Asset Pipeline Refresh (id=b452c653d1c8877cfa0294edc8afa9ef): Total: 0.027 seconds - Initiated by StopAssetImportingV2(NoUpdateAssetOptions)
Start importing Assets/_Project/Generated/Art/cookie_mech.png using Guid(206ca6046d8a675dca34b294fd2361dd) (TextureImporter) -> (artifact id: '42835ca5af09a876f335285fb7c3a6db') in 0.178721085 seconds
Refreshing native plugins compatible for Editor in 2.57 ms, found 0 plugins.
Preloading 0 native plugins for Editor in 0.00 ms.
Asset Pipeline Refresh (id=3182777436df10126b1be6971462083f): Total: 0.288 seconds - Initiated by StopAssetImportingV2(NoUpdateAssetOptions)
Start importing Assets/_Project/Generated/Art/cookie_mech.png using Guid(206ca6046d8a675dca34b294fd2361dd) (TextureImporter) -> (artifact id: 'fdc823b1040e0905b927e9a9470ee4e7') in 0.112720946 seconds
Refreshing native plugins compatible for Editor in 0.50 ms, found 0 plugins.
Preloading 0 native plugins for Editor in 0.00 ms.
Asset Pipeline Refresh (id=80eca75787055d1429bf5b9c3e2f008f): Total: 0.283 seconds - Initiated by StopAssetImportingV2(NoUpdateAssetOptions)
Start importing Assets/_Project/Generated/Art/ice_cream.png using Guid(cb00193e77c6dcbc1a50a71b3aadbf64) (TextureImporter) -> (artifact id: 'c99498ed1bb1a1ace28f9f727628ea43') in 0.0948953 seconds
Refreshing native plugins compatible for Editor in 0.50 ms, found 0 plugins.
Preloading 0 native plugins for Editor in 0.00 ms.
Asset Pipeline Refresh (id=12bb1bdcf1a3c25ccbb0566bdea89c23): Total: 0.137 seconds - Initiated by StopAssetImportingV2(NoUpdateAssetOptions)
Start importing Assets/_Project/Generated/Art/ice_cream.png using Guid(cb00193e77c6dcbc1a50a71b3aadbf64) (TextureImporter) -> (artifact id: '7076caafbf3038393416305888b9edac') in 0.031185942 seconds
Refreshing native plugins compatible for Editor in 0.63 ms, found 0 plugins.
Preloading 0 native plugins for Editor in 0.00 ms.
Asset Pipeline Refresh (id=d2cc01892e73f702a8424f9a6ac745e6): Total: 0.127 seconds - Initiated by StopAssetImportingV2(NoUpdateAssetOptions)
Start importing Assets/_Project/Generated/Art/gum_balloon.png using Guid(d0f315de8c68f184da179f59de46e304) (TextureImporter) -> (artifact id: '2128faf2a9375e51f2db50aac5f07c7c') in 0.079723725 seconds
Refreshing native plugins compatible for Editor in 0.47 ms, found 0 plugins.
Preloading 0 native plugins for Editor in 0.00 ms.
Asset Pipeline Refresh (id=576b0a371a9ab8eecbe300135cd3b964): Total: 0.118 seconds - Initiated by StopAssetImportingV2(NoUpdateAssetOptions)
Start importing Assets/_Project/Generated/Art/gum_balloon.png using Guid(d0f315de8c68f184da179f59de46e304) (TextureImporter) -> (artifact id: '9159784196f9908915d2350bf54f0b93') in 0.006114989 seconds
Refreshing native plugins compatible for Editor in 0.41 ms, found 0 plugins.
Preloading 0 native plugins for Editor in 0.00 ms.
Asset Pipeline Refresh (id=20cf84b6fa553c364b38f436a2c6ae41): Total: 0.020 seconds - Initiated by StopAssetImportingV2(NoUpdateAssetOptions)
Start importing Assets/_Project/Generated/Art/donut_ufo.png using Guid(e0df8c14ccd0e702cba01098ee885270) (TextureImporter) -> (artifact id: 'db5ad582ba26d058dfd56cca923e62d4') in 0.082356934 seconds
Refreshing native plugins compatible for Editor in 0.46 ms, found 0 plugins.
Preloading 0 native plugins for Editor in 0.00 ms.
Asset Pipeline Refresh (id=9852301080853c1d6acf610527c6f5b7): Total: 0.120 seconds - Initiated by StopAssetImportingV2(NoUpdateAssetOptions)
Start importing Assets/_Project/Generated/Art/donut_ufo.png using Guid(e0df8c14ccd0e702cba01098ee885270) (TextureImporter) -> (artifact id: '1b680b3d008376a9101a930352b5a648') in 0.005840391 seconds
Refreshing native plugins compatible for Editor in 0.43 ms, found 0 plugins.
Preloading 0 native plugins for Editor in 0.00 ms.
Asset Pipeline Refresh (id=43cb925daf6f866a68a4de394346cdaf): Total: 0.017 seconds - Initiated by StopAssetImportingV2(NoUpdateAssetOptions)
Start importing Assets/_Project/Generated/Art/candy_bee.png using Guid(c5993a82a1f8c9845bdfc8fdb95e07a1) (TextureImporter) -> (artifact id: '2a3176e0352a44d1996fab31694ee494') in 0.079465582 seconds
Refreshing native plugins compatible for Editor in 0.46 ms, found 0 plugins.
Preloading 0 native plugins for Editor in 0.00 ms.
Asset Pipeline Refresh (id=0f6fd2e207845628c9e6eba3d680f77a): Total: 0.116 seconds - Initiated by StopAssetImportingV2(NoUpdateAssetOptions)
Start importing Assets/_Project/Generated/Art/candy_bee.png using Guid(c5993a82a1f8c9845bdfc8fdb95e07a1) (TextureImporter) -> (artifact id: '357ce43fd2a17c44a679a1b53bb271fb') in 0.006090313 seconds
Refreshing native plugins compatible for Editor in 0.41 ms, found 0 plugins.
Preloading 0 native plugins for Editor in 0.00 ms.
Asset Pipeline Refresh (id=7af0bbb26fbdcf3149e00c734dca4e65): Total: 0.016 seconds - Initiated by StopAssetImportingV2(NoUpdateAssetOptions)
Start importing Assets/_Project/Generated/Art/marshmallow.png using Guid(ade15ad78e695b94cb0340e7ad951f41) (TextureImporter) -> (artifact id: 'f1c9a8d2a7ce20f642b4eab5dcb625e6') in 0.078890438 seconds
Refreshing native plugins compatible for Editor in 0.48 ms, found 0 plugins.
Preloading 0 native plugins for Editor in 0.00 ms.
Asset Pipeline Refresh (id=056c7f1405a1014aeb958cbf450f9656): Total: 0.117 seconds - Initiated by StopAssetImportingV2(NoUpdateAssetOptions)
Start importing Assets/_Project/Generated/Art/marshmallow.png using Guid(ade15ad78e695b94cb0340e7ad951f41) (TextureImporter) -> (artifact id: 'a1a782756ccedf6bcdcad2408fed0f19') in 0.005813081 seconds
Refreshing native plugins compatible for Editor in 0.42 ms, found 0 plugins.
Preloading 0 native plugins for Editor in 0.00 ms.
Asset Pipeline Refresh (id=7abdbf43e8cc371eeb62b7b4611e0b69): Total: 0.017 seconds - Initiated by StopAssetImportingV2(NoUpdateAssetOptions)
Start importing Assets/_Project/Generated/Art/queen_hen.png using Guid(07fcbcae381db6ca48752d77c778ce68) (TextureImporter) -> (artifact id: '9f5bcb8b24c2fe7b3f2f20be9f9774e0') in 0.081426694 seconds
Refreshing native plugins compatible for Editor in 0.47 ms, found 0 plugins.
Preloading 0 native plugins for Editor in 0.00 ms.
Asset Pipeline Refresh (id=9326a9e0dd6c799538267aecdcb8b51e): Total: 0.119 seconds - Initiated by StopAssetImportingV2(NoUpdateAssetOptions)
Start importing Assets/_Project/Generated/Art/queen_hen.png using Guid(07fcbcae381db6ca48752d77c778ce68) (TextureImporter) -> (artifact id: 'bcff130f2576c33cb5e4b424954a47bf') in 0.006492579 seconds
Refreshing native plugins compatible for Editor in 0.42 ms, found 0 plugins.
Preloading 0 native plugins for Editor in 0.00 ms.
Asset Pipeline Refresh (id=a96570f2b30b7c86ca3047a3055bba71): Total: 0.019 seconds - Initiated by StopAssetImportingV2(NoUpdateAssetOptions)
Start importing Assets/_Project/Generated/Art/cat.png using Guid(53a118d611189ddb9a575423e244f1f3) (TextureImporter) -> (artifact id: 'bf90bc95e3bd8ade5c64855b29f7ef1f') in 0.023827186 seconds
Refreshing native plugins compatible for Editor in 0.47 ms, found 0 plugins.
Preloading 0 native plugins for Editor in 0.00 ms.
Asset Pipeline Refresh (id=108de7431d387debab591c8994524a15): Total: 0.060 seconds - Initiated by StopAssetImportingV2(NoUpdateAssetOptions)
Start importing Assets/_Project/Generated/Art/cat.png using Guid(53a118d611189ddb9a575423e244f1f3) (TextureImporter) -> (artifact id: '4223bf1745ff7479b519f9d160407eba') in 0.003496592 seconds
Refreshing native plugins compatible for Editor in 0.42 ms, found 0 plugins.
Preloading 0 native plugins for Editor in 0.00 ms.
Asset Pipeline Refresh (id=9df0736f2d27c19179fb1d254562cfa1): Total: 0.015 seconds - Initiated by StopAssetImportingV2(NoUpdateAssetOptions)
Start importing Assets/_Project/Generated/Art/pilot_chick.png using Guid(f32dba732920181219630146a82aee9c) (TextureImporter) -> (artifact id: '18367a5848a7de9a9aa5a7cf79c5fca3') in 0.079622725 seconds
Refreshing native plugins compatible for Editor in 0.47 ms, found 0 plugins.
Preloading 0 native plugins for Editor in 0.00 ms.
Asset Pipeline Refresh (id=edfe35fec066d082790812565247c8f6): Total: 0.116 seconds - Initiated by StopAssetImportingV2(NoUpdateAssetOptions)
Start importing Assets/_Project/Generated/Art/pilot_chick.png using Guid(f32dba732920181219630146a82aee9c) (TextureImporter) -> (artifact id: 'c0513884cb63e05b465dfd4a7ebee105') in 0.005858378 seconds
Refreshing native plugins compatible for Editor in 0.42 ms, found 0 plugins.
Preloading 0 native plugins for Editor in 0.00 ms.
Asset Pipeline Refresh (id=ddeb957587350cc07ae5cdd6206a72e2): Total: 0.017 seconds - Initiated by StopAssetImportingV2(NoUpdateAssetOptions)
Start importing Assets/_Project/Generated/Art/pilot_cat.png using Guid(30037c8c2178b3539b03f5177df10386) (TextureImporter) -> (artifact id: 'c1122d0ca79ffbf3c22365939884589f') in 0.080150418 seconds
Refreshing native plugins compatible for Editor in 0.48 ms, found 0 plugins.
Preloading 0 native plugins for Editor in 0.00 ms.
Asset Pipeline Refresh (id=a7221444ac8bb3274b7dc30d6d93f868): Total: 0.126 seconds - Initiated by StopAssetImportingV2(NoUpdateAssetOptions)
Start importing Assets/_Project/Generated/Art/pilot_cat.png using Guid(30037c8c2178b3539b03f5177df10386) (TextureImporter) -> (artifact id: 'a2b27a4b680cc36c0dde8cafbb44d649') in 0.00650029 seconds
Refreshing native plugins compatible for Editor in 0.44 ms, found 0 plugins.
Preloading 0 native plugins for Editor in 0.00 ms.
Asset Pipeline Refresh (id=474f86764b05c4e6c9251b5437f2f410): Total: 0.018 seconds - Initiated by StopAssetImportingV2(NoUpdateAssetOptions)
Start importing Assets/_Project/Generated/Art/pilot_hamster.png using Guid(de4d6d43e0447af6a83dd89d133c1c0e) (TextureImporter) -> (artifact id: 'abc09615c1152bab6d9102163d5a16ee') in 0.081599209 seconds
Refreshing native plugins compatible for Editor in 0.47 ms, found 0 plugins.
Preloading 0 native plugins for Editor in 0.00 ms.
Asset Pipeline Refresh (id=ea943a1b2e54e1fb5acaf12ba794a88e): Total: 0.120 seconds - Initiated by StopAssetImportingV2(NoUpdateAssetOptions)
Start importing Assets/_Project/Generated/Art/pilot_hamster.png using Guid(de4d6d43e0447af6a83dd89d133c1c0e) (TextureImporter) -> (artifact id: '19759ee92e7b36244b3e20324dbe47a9') in 0.006390278 seconds
Refreshing native plugins compatible for Editor in 0.43 ms, found 0 plugins.
Preloading 0 native plugins for Editor in 0.00 ms.
Asset Pipeline Refresh (id=c56d7dce6f7fce9e7878d6a38c6d49f7): Total: 0.018 seconds - Initiated by StopAssetImportingV2(NoUpdateAssetOptions)
Start importing Assets/_Project/Generated/Art/pilot_fox.png using Guid(da35f397f39cd6034b179d350fa2c0cb) (TextureImporter) -> (artifact id: '4dc183b807c3246714f02dd8cd76fb7c') in 0.081145316 seconds
Refreshing native plugins compatible for Editor in 0.48 ms, found 0 plugins.
Preloading 0 native plugins for Editor in 0.00 ms.
Asset Pipeline Refresh (id=c34abc63f6062423b911fec62f9a6bb9): Total: 0.130 seconds - Initiated by StopAssetImportingV2(NoUpdateAssetOptions)
Start importing Assets/_Project/Generated/Art/pilot_fox.png using Guid(da35f397f39cd6034b179d350fa2c0cb) (TextureImporter) -> (artifact id: 'b3a5de28e57cb2dea860ca420ece80f2') in 0.006376567 seconds
Refreshing native plugins compatible for Editor in 0.44 ms, found 0 plugins.
Preloading 0 native plugins for Editor in 0.00 ms.
Asset Pipeline Refresh (id=6d8bbe94a1438624a8b46cb79059e830): Total: 0.018 seconds - Initiated by StopAssetImportingV2(NoUpdateAssetOptions)
Start importing Assets/_Project/Generated/Art/pilot_mystery.png using Guid(8b69827ff57d7759193c17022b2d6de3) (TextureImporter) -> (artifact id: '5c61e358403f39baf6544819ebcd1886') in 0.078207053 seconds
Refreshing native plugins compatible for Editor in 0.46 ms, found 0 plugins.
Preloading 0 native plugins for Editor in 0.00 ms.
Asset Pipeline Refresh (id=32e14e88d5c438fdca2b7cc7053de687): Total: 0.123 seconds - Initiated by StopAssetImportingV2(NoUpdateAssetOptions)
Start importing Assets/_Project/Generated/Art/pilot_mystery.png using Guid(8b69827ff57d7759193c17022b2d6de3) (TextureImporter) -> (artifact id: '93c6c2636d7c4e348088d276dfb2cca8') in 0.006559198 seconds
Refreshing native plugins compatible for Editor in 0.41 ms, found 0 plugins.
Preloading 0 native plugins for Editor in 0.00 ms.
Asset Pipeline Refresh (id=affabd898840c5bbca89cca529a4aaae): Total: 0.018 seconds - Initiated by StopAssetImportingV2(NoUpdateAssetOptions)
Start importing Assets/_Project/Generated/Art/pilot_bunny.png using Guid(f482d4fcc7ba8249999579ec5b72bb53) (TextureImporter) -> (artifact id: '775327d433518b39dc792c20bf896244') in 0.081590466 seconds
Refreshing native plugins compatible for Editor in 0.44 ms, found 0 plugins.
Preloading 0 native plugins for Editor in 0.00 ms.
Asset Pipeline Refresh (id=d1e7213984450b246969f963ff995fad): Total: 0.129 seconds - Initiated by StopAssetImportingV2(NoUpdateAssetOptions)
Start importing Assets/_Project/Generated/Art/pilot_bunny.png using Guid(f482d4fcc7ba8249999579ec5b72bb53) (TextureImporter) -> (artifact id: '2c4ba10ac6b67249b37ead732eef914c') in 0.006269638 seconds
Refreshing native plugins compatible for Editor in 0.41 ms, found 0 plugins.
Preloading 0 native plugins for Editor in 0.00 ms.
Asset Pipeline Refresh (id=dfd45f070ebca1e2f9fdb490f7664dc6): Total: 0.017 seconds - Initiated by StopAssetImportingV2(NoUpdateAssetOptions)
Start importing Assets/_Project/Generated/Art/ship_chick.png using Guid(d6bf7424dac24f59aa8041887f0219d6) (TextureImporter) -> (artifact id: 'db39774f1fa79ecde7a67d052d24b9a1') in 0.084473097 seconds
Refreshing native plugins compatible for Editor in 0.45 ms, found 0 plugins.
Preloading 0 native plugins for Editor in 0.00 ms.
Asset Pipeline Refresh (id=bb220701c55f5d424bafeac0e85fcd8e): Total: 0.129 seconds - Initiated by StopAssetImportingV2(NoUpdateAssetOptions)
Start importing Assets/_Project/Generated/Art/ship_chick.png using Guid(d6bf7424dac24f59aa8041887f0219d6) (TextureImporter) -> (artifact id: 'f0196f57269c2377978ed3959b5fab4b') in 0.00641904 seconds
Refreshing native plugins compatible for Editor in 0.43 ms, found 0 plugins.
Preloading 0 native plugins for Editor in 0.00 ms.
Asset Pipeline Refresh (id=9e6b451a62451174d933e02710ad2850): Total: 0.018 seconds - Initiated by StopAssetImportingV2(NoUpdateAssetOptions)
Start importing Assets/_Project/Generated/Art/ship_cat.png using Guid(ff4f53c99fd519f69a13a874d4368583) (TextureImporter) -> (artifact id: 'a42f63151ae86ff16f313930da343d08') in 0.084521338 seconds
Refreshing native plugins compatible for Editor in 0.45 ms, found 0 plugins.
Preloading 0 native plugins for Editor in 0.00 ms.
Asset Pipeline Refresh (id=5baf9fb06a0126eeab57578f2332cc30): Total: 0.132 seconds - Initiated by StopAssetImportingV2(NoUpdateAssetOptions)
Start importing Assets/_Project/Generated/Art/ship_cat.png using Guid(ff4f53c99fd519f69a13a874d4368583) (TextureImporter) -> (artifact id: 'f78ca4ce0b589410aea58e1245a7153a') in 0.006485319 seconds
Refreshing native plugins compatible for Editor in 0.40 ms, found 0 plugins.
Preloading 0 native plugins for Editor in 0.00 ms.
Asset Pipeline Refresh (id=c94226a9d70864ab5bdb9dda1bde612e): Total: 0.017 seconds - Initiated by StopAssetImportingV2(NoUpdateAssetOptions)
Start importing Assets/_Project/Generated/Art/ship_hamster.png using Guid(2e59be1a11d843b79a2662f0eda4f6e0) (TextureImporter) -> (artifact id: '56a6c1e38d614f8948c09dcd9042317c') in 0.080754315 seconds
Refreshing native plugins compatible for Editor in 0.47 ms, found 0 plugins.
Preloading 0 native plugins for Editor in 0.00 ms.
Asset Pipeline Refresh (id=47a86d3fa1dc55c2397dc501cb651146): Total: 0.127 seconds - Initiated by StopAssetImportingV2(NoUpdateAssetOptions)
Start importing Assets/_Project/Generated/Art/ship_hamster.png using Guid(2e59be1a11d843b79a2662f0eda4f6e0) (TextureImporter) -> (artifact id: 'cff696c3aed29a97dfac81cb4968960a') in 0.006424388 seconds
Refreshing native plugins compatible for Editor in 0.40 ms, found 0 plugins.
Preloading 0 native plugins for Editor in 0.00 ms.
Asset Pipeline Refresh (id=a16d17d35a2a1ca10ac7d997e9ab57f2): Total: 0.017 seconds - Initiated by StopAssetImportingV2(NoUpdateAssetOptions)
Start importing Assets/_Project/Generated/Art/ship_fox.png using Guid(6e46d97e249e4f84ab610eeb3b843688) (TextureImporter) -> (artifact id: '59c301d248181e4711b989cfab97d965') in 0.082361882 seconds
Refreshing native plugins compatible for Editor in 0.46 ms, found 0 plugins.
Preloading 0 native plugins for Editor in 0.00 ms.
Asset Pipeline Refresh (id=d07b5d48c20e48b60a87965de249dd74): Total: 0.128 seconds - Initiated by StopAssetImportingV2(NoUpdateAssetOptions)
Start importing Assets/_Project/Generated/Art/ship_fox.png using Guid(6e46d97e249e4f84ab610eeb3b843688) (TextureImporter) -> (artifact id: '4f1ae80fda1a6c4ac1002392cd11f503') in 0.059510806 seconds
Refreshing native plugins compatible for Editor in 0.47 ms, found 0 plugins.
Preloading 0 native plugins for Editor in 0.00 ms.
Asset Pipeline Refresh (id=b8160c4ebd999118883cb7b65f9ba426): Total: 0.077 seconds - Initiated by StopAssetImportingV2(NoUpdateAssetOptions)
Start importing Assets/_Project/Generated/Art/ship_mystery.png using Guid(348a8ecdbf00c976598c93d0024fb897) (TextureImporter) -> (artifact id: 'a99310614623e7e8f12118d0992954d5') in 0.08279203 seconds
Refreshing native plugins compatible for Editor in 0.44 ms, found 0 plugins.
Preloading 0 native plugins for Editor in 0.00 ms.
Asset Pipeline Refresh (id=2e1e8b0e6deb4a7679faa14a08566128): Total: 0.130 seconds - Initiated by StopAssetImportingV2(NoUpdateAssetOptions)
Start importing Assets/_Project/Generated/Art/ship_mystery.png using Guid(348a8ecdbf00c976598c93d0024fb897) (TextureImporter) -> (artifact id: '9d818a7220b530a1ab56a82514e81512') in 0.006639127 seconds
Refreshing native plugins compatible for Editor in 0.41 ms, found 0 plugins.
Preloading 0 native plugins for Editor in 0.00 ms.
Asset Pipeline Refresh (id=06fadc4cd2401adc1aa08c72575ef229): Total: 0.018 seconds - Initiated by StopAssetImportingV2(NoUpdateAssetOptions)
Start importing Assets/_Project/Generated/Art/pilot_penguin.png using Guid(ee90b64e0ca60035a843fb3e0c2bad2e) (TextureImporter) -> (artifact id: '183cf67edc1dc5e94ae6a89100ebdfe3') in 0.078875316 seconds
Refreshing native plugins compatible for Editor in 0.45 ms, found 0 plugins.
Preloading 0 native plugins for Editor in 0.00 ms.
Asset Pipeline Refresh (id=c03f24e5e64c44e088cb344127048332): Total: 0.125 seconds - Initiated by StopAssetImportingV2(NoUpdateAssetOptions)
Start importing Assets/_Project/Generated/Art/pilot_penguin.png using Guid(ee90b64e0ca60035a843fb3e0c2bad2e) (TextureImporter) -> (artifact id: '1eea5cf4b513f0c6cd092f9b5675dc7b') in 0.006003053 seconds
Refreshing native plugins compatible for Editor in 0.42 ms, found 0 plugins.
Preloading 0 native plugins for Editor in 0.00 ms.
Asset Pipeline Refresh (id=8c5d5efb6cbaad015896e024f0a8d8f4): Total: 0.018 seconds - Initiated by StopAssetImportingV2(NoUpdateAssetOptions)
Start importing Assets/_Project/Generated/Art/pilot_lamb.png using Guid(dd39c7a7a8fdefa63a77a8c34a9c05b6) (TextureImporter) -> (artifact id: 'c3cc2dd6f934d97ceecf58a083506e46') in 0.076836658 seconds
Refreshing native plugins compatible for Editor in 0.49 ms, found 0 plugins.
Preloading 0 native plugins for Editor in 0.00 ms.
Asset Pipeline Refresh (id=86d5c25f8cec2b962bb9ae602af6a1be): Total: 0.124 seconds - Initiated by StopAssetImportingV2(NoUpdateAssetOptions)
Start importing Assets/_Project/Generated/Art/pilot_lamb.png using Guid(dd39c7a7a8fdefa63a77a8c34a9c05b6) (TextureImporter) -> (artifact id: '7011a3d80478654c698df6938e244fa4') in 0.006639308 seconds
Refreshing native plugins compatible for Editor in 0.43 ms, found 0 plugins.
Preloading 0 native plugins for Editor in 0.00 ms.
Asset Pipeline Refresh (id=02d6e0441214d63cc8e0dec9b5588c7c): Total: 0.018 seconds - Initiated by StopAssetImportingV2(NoUpdateAssetOptions)
Start importing Assets/_Project/Generated/Art/ship_penguin.png using Guid(e463b135729e3b8e6a7b61f0ff993c56) (TextureImporter) -> (artifact id: '57ae403a9e5c946f2e9a47645fe2d2ed') in 0.07897263 seconds
Refreshing native plugins compatible for Editor in 0.52 ms, found 0 plugins.
Preloading 0 native plugins for Editor in 0.00 ms.
Asset Pipeline Refresh (id=f4a70efe54c4d6899a57a72287c1f0b5): Total: 0.124 seconds - Initiated by StopAssetImportingV2(NoUpdateAssetOptions)
Start importing Assets/_Project/Generated/Art/ship_penguin.png using Guid(e463b135729e3b8e6a7b61f0ff993c56) (TextureImporter) -> (artifact id: '539fae99111348a3b2b90611f44325fc') in 0.006387153 seconds
Refreshing native plugins compatible for Editor in 0.44 ms, found 0 plugins.
Preloading 0 native plugins for Editor in 0.00 ms.
Asset Pipeline Refresh (id=0c41eea91f22ae912aa8310a3e5ddf25): Total: 0.017 seconds - Initiated by StopAssetImportingV2(NoUpdateAssetOptions)
Start importing Assets/_Project/Generated/Art/ship_lamb.png using Guid(d36304cfbff1e4fc3a392bd93286f3bf) (TextureImporter) -> (artifact id: 'e33d0f67e26927487cb11092f0a6a036') in 0.082373008 seconds
Refreshing native plugins compatible for Editor in 0.47 ms, found 0 plugins.
Preloading 0 native plugins for Editor in 0.00 ms.
Asset Pipeline Refresh (id=7a853360d5e2d39b2999f10b2818160b): Total: 0.131 seconds - Initiated by StopAssetImportingV2(NoUpdateAssetOptions)
Start importing Assets/_Project/Generated/Art/ship_lamb.png using Guid(d36304cfbff1e4fc3a392bd93286f3bf) (TextureImporter) -> (artifact id: '3b628ec0057e96d25c3f4ce0be67b7d9') in 0.00676268 seconds
Refreshing native plugins compatible for Editor in 0.44 ms, found 0 plugins.
Preloading 0 native plugins for Editor in 0.00 ms.
Asset Pipeline Refresh (id=e97f573c62f56fb8cbb768ec49dbc640): Total: 0.019 seconds - Initiated by StopAssetImportingV2(NoUpdateAssetOptions)
Start importing Assets/_Project/Generated/Art/fish.png using Guid(4e2d332772a1e8d35b2c83135bd87a3c) (TextureImporter) -> (artifact id: '932431cb090195bf5c5b616ea3f3226c') in 0.024372075 seconds
Refreshing native plugins compatible for Editor in 0.46 ms, found 0 plugins.
Preloading 0 native plugins for Editor in 0.00 ms.
Asset Pipeline Refresh (id=7d3cfef2f2bbdf26fa6f1259b5b041a6): Total: 0.072 seconds - Initiated by StopAssetImportingV2(NoUpdateAssetOptions)
Start importing Assets/_Project/Generated/Art/fish.png using Guid(4e2d332772a1e8d35b2c83135bd87a3c) (TextureImporter) -> (artifact id: '00e8322b3b480aeef372bf47b2f9335f') in 0.003437233 seconds
Refreshing native plugins compatible for Editor in 0.43 ms, found 0 plugins.
Preloading 0 native plugins for Editor in 0.00 ms.
Asset Pipeline Refresh (id=ebd94ec73d2ccaebdac1b362aa45c511): Total: 0.014 seconds - Initiated by StopAssetImportingV2(NoUpdateAssetOptions)
Start importing Assets/_Project/Generated/Art/shark.png using Guid(2629250b8c775d3d28c8ff3b62911f08) (TextureImporter) -> (artifact id: '8688961c24e6eac2d934280464312ce3') in 0.023258091 seconds
Refreshing native plugins compatible for Editor in 0.44 ms, found 0 plugins.
Preloading 0 native plugins for Editor in 0.00 ms.
Asset Pipeline Refresh (id=8da4414a5a2070cdbba17d39ec917eb9): Total: 0.070 seconds - Initiated by StopAssetImportingV2(NoUpdateAssetOptions)
Start importing Assets/_Project/Generated/Art/shark.png using Guid(2629250b8c775d3d28c8ff3b62911f08) (TextureImporter) -> (artifact id: 'ce73c357f8c1dbb2e4eb6d400c344853') in 0.003491554 seconds
Refreshing native plugins compatible for Editor in 0.43 ms, found 0 plugins.
Preloading 0 native plugins for Editor in 0.00 ms.
Asset Pipeline Refresh (id=46089bff71af908aaadad99334fbd383): Total: 0.014 seconds - Initiated by StopAssetImportingV2(NoUpdateAssetOptions)
Start importing Assets/_Project/Generated/Art/yarn.png using Guid(c5d78e2b0a1020aa6b8a62c6560941bc) (TextureImporter) -> (artifact id: 'b2e81992fdf000bc9ef30923a54a086d') in 0.02418021 seconds
Refreshing native plugins compatible for Editor in 0.46 ms, found 0 plugins.
Preloading 0 native plugins for Editor in 0.00 ms.
Asset Pipeline Refresh (id=6c617ea3b3f12508f927e69dfa64696b): Total: 0.070 seconds - Initiated by StopAssetImportingV2(NoUpdateAssetOptions)
Start importing Assets/_Project/Generated/Art/yarn.png using Guid(c5d78e2b0a1020aa6b8a62c6560941bc) (TextureImporter) -> (artifact id: '47a9badd36607709afa3a2650514d5c1') in 0.003568248 seconds
Refreshing native plugins compatible for Editor in 0.44 ms, found 0 plugins.
Preloading 0 native plugins for Editor in 0.00 ms.
Asset Pipeline Refresh (id=fed29ca5930564da9bf270a0cc8cb8d5): Total: 0.015 seconds - Initiated by StopAssetImportingV2(NoUpdateAssetOptions)
Start importing Assets/_Project/Generated/Art/icon_ad.png using Guid(a18980f06ae937d51af262bfce92d268) (TextureImporter) -> (artifact id: '0e9459929dd514c8f25e4b6b8cdaa2a2') in 0.023697563 seconds
Refreshing native plugins compatible for Editor in 0.49 ms, found 0 plugins.
Preloading 0 native plugins for Editor in 0.00 ms.
Asset Pipeline Refresh (id=b79beadc6c889ec0d93fe76c770c3f92): Total: 0.071 seconds - Initiated by StopAssetImportingV2(NoUpdateAssetOptions)
Start importing Assets/_Project/Generated/Art/icon_ad.png using Guid(a18980f06ae937d51af262bfce92d268) (TextureImporter) -> (artifact id: 'a8a0a41190ab2cea4318e43c5a56a349') in 0.00345542 seconds
Refreshing native plugins compatible for Editor in 0.44 ms, found 0 plugins.
Preloading 0 native plugins for Editor in 0.00 ms.
Asset Pipeline Refresh (id=7f29185d43bd94969b5848112aa50242): Total: 0.015 seconds - Initiated by StopAssetImportingV2(NoUpdateAssetOptions)
Start importing Assets/_Project/Generated/Art/icon_gift.png using Guid(9b0336d98f4485a73b5c2eb67c48e1ab) (TextureImporter) -> (artifact id: '25371e64b18281c44a0feb3f00cef087') in 0.075293257 seconds
Refreshing native plugins compatible for Editor in 0.47 ms, found 0 plugins.
Preloading 0 native plugins for Editor in 0.00 ms.
Asset Pipeline Refresh (id=5cd8c7e36717bb68f83f90bf5586f75b): Total: 0.123 seconds - Initiated by StopAssetImportingV2(NoUpdateAssetOptions)
Start importing Assets/_Project/Generated/Art/icon_gift.png using Guid(9b0336d98f4485a73b5c2eb67c48e1ab) (TextureImporter) -> (artifact id: 'cf5d4cb9be1d1c0ac99380630039abe8') in 0.006579468 seconds
Refreshing native plugins compatible for Editor in 0.45 ms, found 0 plugins.
Preloading 0 native plugins for Editor in 0.00 ms.
Asset Pipeline Refresh (id=086bcb58551151fe7b1899f526c4b4cf): Total: 0.018 seconds - Initiated by StopAssetImportingV2(NoUpdateAssetOptions)
Start importing Assets/_Project/Generated/Art/chest_closed.png using Guid(e73fbfb2e0910a4298e33bfd0b38d9dc) (TextureImporter) -> (artifact id: '8610c729241be2fffc94ee6991a2ec80') in 0.022825529 seconds
Refreshing native plugins compatible for Editor in 0.44 ms, found 0 plugins.
Preloading 0 native plugins for Editor in 0.00 ms.
Asset Pipeline Refresh (id=e79f909383ff54d1fa9c04b543141ea7): Total: 0.063 seconds - Initiated by StopAssetImportingV2(NoUpdateAssetOptions)
Start importing Assets/_Project/Generated/Art/chest_closed.png using Guid(e73fbfb2e0910a4298e33bfd0b38d9dc) (TextureImporter) -> (artifact id: '5e4b994db94c39f2215ebb7d7437d950') in 0.003378325 seconds
Refreshing native plugins compatible for Editor in 0.41 ms, found 0 plugins.
Preloading 0 native plugins for Editor in 0.00 ms.
Asset Pipeline Refresh (id=bf8f929ceb71cae7e9cbd0d580bdef60): Total: 0.014 seconds - Initiated by StopAssetImportingV2(NoUpdateAssetOptions)
Start importing Assets/_Project/Generated/Art/chest_open.png using Guid(6d0a85fa6a9cb14f69d301b3433425b2) (TextureImporter) -> (artifact id: '65db0c3017a48e271bd84c0741ee5a01') in 0.024329101 seconds
Refreshing native plugins compatible for Editor in 0.47 ms, found 0 plugins.
Preloading 0 native plugins for Editor in 0.00 ms.
Asset Pipeline Refresh (id=89806614befaa1b6397d851dfe56aa86): Total: 0.072 seconds - Initiated by StopAssetImportingV2(NoUpdateAssetOptions)
Start importing Assets/_Project/Generated/Art/chest_open.png using Guid(6d0a85fa6a9cb14f69d301b3433425b2) (TextureImporter) -> (artifact id: '09bbe4b566e6526359f988aa7e7c5e76') in 0.003473888 seconds
Refreshing native plugins compatible for Editor in 0.45 ms, found 0 plugins.
Preloading 0 native plugins for Editor in 0.00 ms.
Asset Pipeline Refresh (id=afc6b15e324119ed89072af9dccbef26): Total: 0.015 seconds - Initiated by StopAssetImportingV2(NoUpdateAssetOptions)
Start importing Assets/_Project/Generated/Art/icon_home.png using Guid(e4ed0d61078f3980aa19bca902d2264b) (TextureImporter) -> (artifact id: '0084d1198372bce66f540f3ff90ce3b2') in 0.024696507 seconds
Refreshing native plugins compatible for Editor in 0.47 ms, found 0 plugins.
Preloading 0 native plugins for Editor in 0.00 ms.
Asset Pipeline Refresh (id=c47b0d42edb9713b79c019578a42f30d): Total: 0.070 seconds - Initiated by StopAssetImportingV2(NoUpdateAssetOptions)
Start importing Assets/_Project/Generated/Art/icon_home.png using Guid(e4ed0d61078f3980aa19bca902d2264b) (TextureImporter) -> (artifact id: '83cd17b14f0a0ed199e23c7a8c2a4dc4') in 0.003244948 seconds
Refreshing native plugins compatible for Editor in 0.41 ms, found 0 plugins.
Preloading 0 native plugins for Editor in 0.00 ms.
Asset Pipeline Refresh (id=87600fd7b8c6ad201aa67b3d35c10633): Total: 0.014 seconds - Initiated by StopAssetImportingV2(NoUpdateAssetOptions)
Start importing Assets/_Project/Generated/Art/kit_btn_yellow.png using Guid(7312da63d9a45536b9a5e588cb5edbf4) (TextureImporter) -> (artifact id: '00b355e98254d5e1fb33d68fe9ac5acd') in 0.021334915 seconds
Refreshing native plugins compatible for Editor in 0.49 ms, found 0 plugins.
Preloading 0 native plugins for Editor in 0.00 ms.
Asset Pipeline Refresh (id=5e1d64012d07e89dab36e73ac22ee430): Total: 0.070 seconds - Initiated by StopAssetImportingV2(NoUpdateAssetOptions)
Start importing Assets/_Project/Generated/Art/kit_btn_yellow.png using Guid(7312da63d9a45536b9a5e588cb5edbf4) (TextureImporter) -> (artifact id: 'bca99bfcfa878c1448259e7849230e25') in 0.003737519 seconds
Refreshing native plugins compatible for Editor in 0.42 ms, found 0 plugins.
Preloading 0 native plugins for Editor in 0.00 ms.
Asset Pipeline Refresh (id=51e4ef67e37b85ce78f05af8bdbf738e): Total: 0.015 seconds - Initiated by StopAssetImportingV2(NoUpdateAssetOptions)
Start importing Assets/_Project/Generated/Art/kit_btn_pink.png using Guid(47b42377746db6fcea8926c712c51c96) (TextureImporter) -> (artifact id: '7795d2a46df24779b872149581913a46') in 0.022804998 seconds
Refreshing native plugins compatible for Editor in 4.18 ms, found 0 plugins.
Preloading 0 native plugins for Editor in 0.00 ms.
Asset Pipeline Refresh (id=683dd4c86a5f50d1089bac57c83c9861): Total: 0.103 seconds - Initiated by StopAssetImportingV2(NoUpdateAssetOptions)
Start importing Assets/_Project/Generated/Art/kit_btn_pink.png using Guid(47b42377746db6fcea8926c712c51c96) (TextureImporter) -> (artifact id: '165855689acf13fac1d2502455b0564f') in 0.003844988 seconds
Refreshing native plugins compatible for Editor in 0.43 ms, found 0 plugins.
Preloading 0 native plugins for Editor in 0.00 ms.
Asset Pipeline Refresh (id=74d45fa35b0a211c5831520204f5e1e1): Total: 0.025 seconds - Initiated by StopAssetImportingV2(NoUpdateAssetOptions)
Start importing Assets/_Project/Generated/Art/kit_btn_blue.png using Guid(cbd9a0e397100aa15b2c022cde1e3623) (TextureImporter) -> (artifact id: '08ca695db4a65f07215995a624d9cc89') in 0.021724174 seconds
Refreshing native plugins compatible for Editor in 0.50 ms, found 0 plugins.
Preloading 0 native plugins for Editor in 0.00 ms.
Asset Pipeline Refresh (id=06d7ee85dc41f5249914ca688a4bdeba): Total: 0.060 seconds - Initiated by StopAssetImportingV2(NoUpdateAssetOptions)
Start importing Assets/_Project/Generated/Art/kit_btn_blue.png using Guid(cbd9a0e397100aa15b2c022cde1e3623) (TextureImporter) -> (artifact id: '81394268e1549d77d43d690806fc6b5b') in 0.003992728 seconds
Refreshing native plugins compatible for Editor in 0.43 ms, found 0 plugins.
Preloading 0 native plugins for Editor in 0.00 ms.
Asset Pipeline Refresh (id=e45f722871a667d5fa2f3600b2c52520): Total: 0.016 seconds - Initiated by StopAssetImportingV2(NoUpdateAssetOptions)
Start importing Assets/_Project/Generated/Art/kit_btn_purple.png using Guid(5b93e92ad0e41287ea5fa80e97ad6d1b) (TextureImporter) -> (artifact id: 'b3e7faacc870c5bfe1f0de2c9e617839') in 0.021847758 seconds
Refreshing native plugins compatible for Editor in 0.46 ms, found 0 plugins.
Preloading 0 native plugins for Editor in 0.00 ms.
Asset Pipeline Refresh (id=76e06d2e61565f093a3d3672460c1602): Total: 0.058 seconds - Initiated by StopAssetImportingV2(NoUpdateAssetOptions)
Start importing Assets/_Project/Generated/Art/kit_btn_purple.png using Guid(5b93e92ad0e41287ea5fa80e97ad6d1b) (TextureImporter) -> (artifact id: '086ab0710c773e735c02836c7bee5ab2') in 0.003600626 seconds
Refreshing native plugins compatible for Editor in 0.43 ms, found 0 plugins.
Preloading 0 native plugins for Editor in 0.00 ms.
Asset Pipeline Refresh (id=5932b2f9e841817609cd41437a3c4f41): Total: 0.014 seconds - Initiated by StopAssetImportingV2(NoUpdateAssetOptions)
Start importing Assets/_Project/Generated/Art/kit_btn_orange.png using Guid(bc004253f2543903caa484560127c40b) (TextureImporter) -> (artifact id: '3e7c4a0b1b024c5f3cfe01fda1702f05') in 0.022140702 seconds
Refreshing native plugins compatible for Editor in 0.45 ms, found 0 plugins.
Preloading 0 native plugins for Editor in 0.00 ms.
Asset Pipeline Refresh (id=a8e1b75a73d8b6f0c9db7582476985bf): Total: 0.057 seconds - Initiated by StopAssetImportingV2(NoUpdateAssetOptions)
Start importing Assets/_Project/Generated/Art/kit_btn_orange.png using Guid(bc004253f2543903caa484560127c40b) (TextureImporter) -> (artifact id: '8125341af05eba2a478c8292f43b559a') in 0.003822716 seconds
Refreshing native plugins compatible for Editor in 0.43 ms, found 0 plugins.
Preloading 0 native plugins for Editor in 0.00 ms.
Asset Pipeline Refresh (id=bddf76f79591ab890b13a5b8987fd5f3): Total: 0.015 seconds - Initiated by StopAssetImportingV2(NoUpdateAssetOptions)
Start importing Assets/_Project/Generated/Art/kit_btn_green.png using Guid(907c45bfbd114eae19d43955189ba594) (TextureImporter) -> (artifact id: '42304e62fcd14685223c9f63b9af2a64') in 0.022299498 seconds
Refreshing native plugins compatible for Editor in 0.45 ms, found 0 plugins.
Preloading 0 native plugins for Editor in 0.00 ms.
Asset Pipeline Refresh (id=c235b6413b2fbcedeb1d9f11174f3fd8): Total: 0.058 seconds - Initiated by StopAssetImportingV2(NoUpdateAssetOptions)
Start importing Assets/_Project/Generated/Art/kit_btn_green.png using Guid(907c45bfbd114eae19d43955189ba594) (TextureImporter) -> (artifact id: '3435a613903145047e65bcc5737969f3') in 0.003755155 seconds
Refreshing native plugins compatible for Editor in 0.41 ms, found 0 plugins.
Preloading 0 native plugins for Editor in 0.00 ms.
Asset Pipeline Refresh (id=122f19cf15e7297ddbf0d7ccc4cc0800): Total: 0.015 seconds - Initiated by StopAssetImportingV2(NoUpdateAssetOptions)
Start importing Assets/_Project/Generated/Art/kit_btn_lavender.png using Guid(0a1e07514abbb4aec8419df0fd3d1163) (TextureImporter) -> (artifact id: '3b35ad4c011791b3cb8317b024ad7c11') in 0.022211127 seconds
Refreshing native plugins compatible for Editor in 0.45 ms, found 0 plugins.
Preloading 0 native plugins for Editor in 0.00 ms.
Asset Pipeline Refresh (id=c594ef4acf05fd31fbf5164d781e65c6): Total: 0.059 seconds - Initiated by StopAssetImportingV2(NoUpdateAssetOptions)
Start importing Assets/_Project/Generated/Art/kit_btn_lavender.png using Guid(0a1e07514abbb4aec8419df0fd3d1163) (TextureImporter) -> (artifact id: '81913151c4b248f3755d2ced513b8d73') in 0.003721104 seconds
Refreshing native plugins compatible for Editor in 0.42 ms, found 0 plugins.
Preloading 0 native plugins for Editor in 0.00 ms.
Asset Pipeline Refresh (id=9a65a83148c65bd14bd98d38f1c0f774): Total: 0.015 seconds - Initiated by StopAssetImportingV2(NoUpdateAssetOptions)
Start importing Assets/_Project/Generated/Art/kit_btn_violet.png using Guid(8af7d748a7a1ed30aac2a83d50fac369) (TextureImporter) -> (artifact id: 'aae5c71743be797ed459a1cad5d1a32f') in 0.02122295 seconds
Refreshing native plugins compatible for Editor in 0.52 ms, found 0 plugins.
Preloading 0 native plugins for Editor in 0.00 ms.
Asset Pipeline Refresh (id=55203d9ffdadd2a0c8c4448864e937bf): Total: 0.061 seconds - Initiated by StopAssetImportingV2(NoUpdateAssetOptions)
Start importing Assets/_Project/Generated/Art/kit_btn_violet.png using Guid(8af7d748a7a1ed30aac2a83d50fac369) (TextureImporter) -> (artifact id: 'd1af29feee9bfa0b69a4c07b6d5d47d9') in 0.003872189 seconds
Refreshing native plugins compatible for Editor in 0.44 ms, found 0 plugins.
Preloading 0 native plugins for Editor in 0.00 ms.
Asset Pipeline Refresh (id=0df3b973a6486a897b9743afc2e25156): Total: 0.016 seconds - Initiated by StopAssetImportingV2(NoUpdateAssetOptions)
Start importing Assets/_Project/Generated/Art/kit_pill.png using Guid(c3fcf7e7f68c3dfa6ad1b08420dd32f6) (TextureImporter) -> (artifact id: 'e5c60e05d4c12e3eb9501796e14d5b8a') in 0.024299998 seconds
Refreshing native plugins compatible for Editor in 0.46 ms, found 0 plugins.
Preloading 0 native plugins for Editor in 0.00 ms.
Asset Pipeline Refresh (id=5f9f5afeed4c40ed59412fec48b084fb): Total: 0.060 seconds - Initiated by StopAssetImportingV2(NoUpdateAssetOptions)
Start importing Assets/_Project/Generated/Art/kit_pill.png using Guid(c3fcf7e7f68c3dfa6ad1b08420dd32f6) (TextureImporter) -> (artifact id: '4f9d8e6a5334ec24f05c9b725dd00237') in 0.004022111 seconds
Refreshing native plugins compatible for Editor in 0.41 ms, found 0 plugins.
Preloading 0 native plugins for Editor in 0.00 ms.
Asset Pipeline Refresh (id=5bd7d4821e1c360f1b0524aad426f5c9): Total: 0.016 seconds - Initiated by StopAssetImportingV2(NoUpdateAssetOptions)
Start importing Assets/_Project/Generated/Art/kit_panel.png using Guid(c8cc5214791402c98ad9b0413aa40213) (TextureImporter) -> (artifact id: 'e79bb8ee3470082e3f81e04120818027') in 0.023334855 seconds
Refreshing native plugins compatible for Editor in 0.45 ms, found 0 plugins.
Preloading 0 native plugins for Editor in 0.00 ms.
Asset Pipeline Refresh (id=7a1ae0e580f7cb0caae501889d8665bb): Total: 0.060 seconds - Initiated by StopAssetImportingV2(NoUpdateAssetOptions)
Start importing Assets/_Project/Generated/Art/kit_panel.png using Guid(c8cc5214791402c98ad9b0413aa40213) (TextureImporter) -> (artifact id: '1293ebcf86378ed1def758521fdb3910') in 0.003708356 seconds
Refreshing native plugins compatible for Editor in 0.43 ms, found 0 plugins.
Preloading 0 native plugins for Editor in 0.00 ms.
Asset Pipeline Refresh (id=a530c599716cb17a88e0691ca3e4c2f4): Total: 0.015 seconds - Initiated by StopAssetImportingV2(NoUpdateAssetOptions)
Start importing Assets/_Project/Generated/Art/kit_dot_red.png using Guid(321b192f47cd1cb7bbd2970ec0ac0eeb) (TextureImporter) -> (artifact id: 'a43a233dfb47ec4d6bbca5d954d910e9') in 0.008708309 seconds
Refreshing native plugins compatible for Editor in 0.46 ms, found 0 plugins.
Preloading 0 native plugins for Editor in 0.00 ms.
Asset Pipeline Refresh (id=a5c6781c26a20d4b6bbdbed9d62d3e52): Total: 0.044 seconds - Initiated by StopAssetImportingV2(NoUpdateAssetOptions)
Start importing Assets/_Project/Generated/Art/kit_dot_red.png using Guid(321b192f47cd1cb7bbd2970ec0ac0eeb) (TextureImporter) -> (artifact id: '943ba369cc1213e2a850d00eab9c0c06') in 0.002543997 seconds
Refreshing native plugins compatible for Editor in 0.45 ms, found 0 plugins.
Preloading 0 native plugins for Editor in 0.00 ms.
Asset Pipeline Refresh (id=7d9fe690a35b99c70b40558df5c0b886): Total: 0.014 seconds - Initiated by StopAssetImportingV2(NoUpdateAssetOptions)
Start importing Assets/_Project/Generated/Art/kit_dot_gold.png using Guid(563ce14bd2675e5cbbc46e85618265e3) (TextureImporter) -> (artifact id: 'f45e388478d76abd2cae8bc12b1bd9cd') in 0.00956453 seconds
Refreshing native plugins compatible for Editor in 0.49 ms, found 0 plugins.
Preloading 0 native plugins for Editor in 0.00 ms.
Asset Pipeline Refresh (id=251c11c73e48ba299918248ff101bd77): Total: 0.046 seconds - Initiated by StopAssetImportingV2(NoUpdateAssetOptions)
Start importing Assets/_Project/Generated/Art/kit_dot_gold.png using Guid(563ce14bd2675e5cbbc46e85618265e3) (TextureImporter) -> (artifact id: '1ae39b0532be4692d6a3fe5463485ac0') in 0.002581973 seconds
Refreshing native plugins compatible for Editor in 0.44 ms, found 0 plugins.
Preloading 0 native plugins for Editor in 0.00 ms.
Asset Pipeline Refresh (id=33b316fe5257657e983a9a58da47e17c): Total: 0.014 seconds - Initiated by StopAssetImportingV2(NoUpdateAssetOptions)
Start importing Assets/_Project/Generated/Art/kit_bar_ink.png using Guid(060ee8fe26700a3d7ad29edfc11e7382) (TextureImporter) -> (artifact id: '0cfc9df927ffee769957a943baf36ac3') in 0.006030313 seconds
Refreshing native plugins compatible for Editor in 0.45 ms, found 0 plugins.
Preloading 0 native plugins for Editor in 0.00 ms.
Asset Pipeline Refresh (id=a998220bbe31a6364b88c57d20ca4f04): Total: 0.041 seconds - Initiated by StopAssetImportingV2(NoUpdateAssetOptions)
Start importing Assets/_Project/Generated/Art/kit_bar_ink.png using Guid(060ee8fe26700a3d7ad29edfc11e7382) (TextureImporter) -> (artifact id: '7916665de2154032cbd92199b8debd30') in 0.002226636 seconds
Refreshing native plugins compatible for Editor in 0.44 ms, found 0 plugins.
Preloading 0 native plugins for Editor in 0.00 ms.
Asset Pipeline Refresh (id=fddb40838667478f391f28686eb0b4d1): Total: 0.013 seconds - Initiated by StopAssetImportingV2(NoUpdateAssetOptions)
Start importing Assets/_Project/Generated/Art/kit_bar_gold.png using Guid(aa13a5129dc27642bb78d3696b73ad4e) (TextureImporter) -> (artifact id: '995ef78b835fdb87088594443e083ed4') in 0.005628757 seconds
Refreshing native plugins compatible for Editor in 0.44 ms, found 0 plugins.
Preloading 0 native plugins for Editor in 0.00 ms.
Asset Pipeline Refresh (id=6ed9df4144a71e90c9629937e98cbc64): Total: 0.040 seconds - Initiated by StopAssetImportingV2(NoUpdateAssetOptions)
Start importing Assets/_Project/Generated/Art/kit_bar_gold.png using Guid(aa13a5129dc27642bb78d3696b73ad4e) (TextureImporter) -> (artifact id: 'f8774502496c6b88e5ec98a57bb91b1d') in 0.00222906 seconds
Refreshing native plugins compatible for Editor in 0.44 ms, found 0 plugins.
Preloading 0 native plugins for Editor in 0.00 ms.
Asset Pipeline Refresh (id=2cc92bed7bec681b18eb2237f4bb45d3): Total: 0.013 seconds - Initiated by StopAssetImportingV2(NoUpdateAssetOptions)
Start importing Assets/_Project/Generated/Art/kit_bar_green.png using Guid(2ea1cf98aff8cbbf2b827fe363dd4e59) (TextureImporter) -> (artifact id: '87fb4546b4cf1760ed52821e86d238cb') in 0.005584721 seconds
Refreshing native plugins compatible for Editor in 0.44 ms, found 0 plugins.
Preloading 0 native plugins for Editor in 0.00 ms.
Asset Pipeline Refresh (id=26ee6acf35d6a73e6bd7944642117f7d): Total: 0.040 seconds - Initiated by StopAssetImportingV2(NoUpdateAssetOptions)
Start importing Assets/_Project/Generated/Art/kit_bar_green.png using Guid(2ea1cf98aff8cbbf2b827fe363dd4e59) (TextureImporter) -> (artifact id: 'f8d8b80ff40c821ce11421dc46e2a5ea') in 0.002219505 seconds
Refreshing native plugins compatible for Editor in 0.44 ms, found 0 plugins.
Preloading 0 native plugins for Editor in 0.00 ms.
Asset Pipeline Refresh (id=3411ce692ccdb617aa57dcb3df27c19f): Total: 0.013 seconds - Initiated by StopAssetImportingV2(NoUpdateAssetOptions)
Start importing Assets/_Project/Generated/Art/kit_platform.png using Guid(3f20a763415a5eb0d8842d52357dfd20) (TextureImporter) -> (artifact id: 'a6408a7b494c309ec2ec06dc31ea44dc') in 0.088043247 seconds
Refreshing native plugins compatible for Editor in 0.47 ms, found 0 plugins.
Preloading 0 native plugins for Editor in 0.00 ms.
Asset Pipeline Refresh (id=1602454eaf4ffb2c08e5a957f2a73098): Total: 0.130 seconds - Initiated by StopAssetImportingV2(NoUpdateAssetOptions)
Start importing Assets/_Project/Generated/Art/kit_platform.png using Guid(3f20a763415a5eb0d8842d52357dfd20) (TextureImporter) -> (artifact id: 'c721377d6a6c63cfaac3c461fb8cabb5') in 0.005978756 seconds
Refreshing native plugins compatible for Editor in 0.42 ms, found 0 plugins.
Preloading 0 native plugins for Editor in 0.00 ms.
Asset Pipeline Refresh (id=aefe9e160264763b4afd1f0c36d7c5ff): Total: 0.017 seconds - Initiated by StopAssetImportingV2(NoUpdateAssetOptions)
Start importing Assets/_Project/Generated/Art/kit_spot.png using Guid(66e91692a80387961956944956b81eb4) (TextureImporter) -> (artifact id: 'fd1489f8032356ae88be1379538f493b') in 0.087244051 seconds
Refreshing native plugins compatible for Editor in 0.48 ms, found 0 plugins.
Preloading 0 native plugins for Editor in 0.00 ms.
Asset Pipeline Refresh (id=1deb65e61ff2206cd8dbab91cf7a74e5): Total: 0.134 seconds - Initiated by StopAssetImportingV2(NoUpdateAssetOptions)
Start importing Assets/_Project/Generated/Art/kit_spot.png using Guid(66e91692a80387961956944956b81eb4) (TextureImporter) -> (artifact id: 'b50ae0f77333e8d5dbb0d6661ee866c4') in 0.005356032 seconds
Refreshing native plugins compatible for Editor in 0.42 ms, found 0 plugins.
Preloading 0 native plugins for Editor in 0.00 ms.
Asset Pipeline Refresh (id=76d2c783d6107cad79278542c668ce20): Total: 0.017 seconds - Initiated by StopAssetImportingV2(NoUpdateAssetOptions)
Start importing Assets/_Project/Generated/Art/kit_backdrop.png using Guid(c80d04c4a3f39412e8376ceb919d89d5) (TextureImporter) -> (artifact id: 'b7713f443cd3b0b1091b509cf18e4b7f') in 0.20041933 seconds
Refreshing native plugins compatible for Editor in 0.49 ms, found 0 plugins.
Preloading 0 native plugins for Editor in 0.00 ms.
Asset Pipeline Refresh (id=696a61711abfecf759fab12fed0f0d96): Total: 0.247 seconds - Initiated by StopAssetImportingV2(NoUpdateAssetOptions)
Start importing Assets/_Project/Generated/Art/kit_backdrop.png using Guid(c80d04c4a3f39412e8376ceb919d89d5) (TextureImporter) -> (artifact id: 'a8c6fbb05eeaa83fa197722b3757fe73') in 0.019679798 seconds
Refreshing native plugins compatible for Editor in 0.44 ms, found 0 plugins.
Preloading 0 native plugins for Editor in 0.00 ms.
Asset Pipeline Refresh (id=a41a74aa868ad564fab599e6d724125c): Total: 0.032 seconds - Initiated by StopAssetImportingV2(NoUpdateAssetOptions)
Start importing Assets/_Project/Generated/Art/kit_tabbar.png using Guid(ba68dfa7d347471ddb653bfeea7bcccd) (TextureImporter) -> (artifact id: '8e183493259d6eb83c4c2ce125a32e00') in 0.009213799 seconds
Refreshing native plugins compatible for Editor in 0.48 ms, found 0 plugins.
Preloading 0 native plugins for Editor in 0.00 ms.
Asset Pipeline Refresh (id=24ab29a41baf53834b5464d457afe84f): Total: 0.055 seconds - Initiated by StopAssetImportingV2(NoUpdateAssetOptions)
Start importing Assets/_Project/Generated/Art/kit_tabbar.png using Guid(ba68dfa7d347471ddb653bfeea7bcccd) (TextureImporter) -> (artifact id: '2b7a33ae1e8ae812fc38ba94cab6db36') in 0.003130678 seconds
Refreshing native plugins compatible for Editor in 0.44 ms, found 0 plugins.
Preloading 0 native plugins for Editor in 0.00 ms.
Asset Pipeline Refresh (id=d42aec0a881670ff896c2880a45b98f7): Total: 0.015 seconds - Initiated by StopAssetImportingV2(NoUpdateAssetOptions)
Start importing Assets/_Project/Generated/Art/kit_power.png using Guid(a90880bb5daf5c5779f3c05e38d57803) (TextureImporter) -> (artifact id: '05d875dd0670f4d89a74f0fa7c7c6e4d') in 0.01045993 seconds
Refreshing native plugins compatible for Editor in 0.47 ms, found 0 plugins.
Preloading 0 native plugins for Editor in 0.00 ms.
Asset Pipeline Refresh (id=957047fc03f5d35978e3d4118e21c2b1): Total: 0.057 seconds - Initiated by StopAssetImportingV2(NoUpdateAssetOptions)
Start importing Assets/_Project/Generated/Art/kit_power.png using Guid(a90880bb5daf5c5779f3c05e38d57803) (TextureImporter) -> (artifact id: 'df0cf84abaf7dd55a814a8ee9726b3e1') in 0.002425862 seconds
Refreshing native plugins compatible for Editor in 0.43 ms, found 0 plugins.
Preloading 0 native plugins for Editor in 0.00 ms.
Asset Pipeline Refresh (id=9580f562c6c0d38b68f6fafcf6121b1f): Total: 0.014 seconds - Initiated by StopAssetImportingV2(NoUpdateAssetOptions)
Start importing Assets/_Project/Generated/Art/b_feather.png using Guid(1d5d1fe84573a4208a38bec88e8a421c) (TextureImporter) -> (artifact id: '07596d6e43c87acb267df640e729fa27') in 0.008902578 seconds
Refreshing native plugins compatible for Editor in 0.43 ms, found 0 plugins.
Preloading 0 native plugins for Editor in 0.00 ms.
Asset Pipeline Refresh (id=7f8217435e96a164faf8c56cdcd2a2bf): Total: 0.052 seconds - Initiated by StopAssetImportingV2(NoUpdateAssetOptions)
Start importing Assets/_Project/Generated/Art/b_feather.png using Guid(1d5d1fe84573a4208a38bec88e8a421c) (TextureImporter) -> (artifact id: '543022364b9b440bb0695cd4c5d7eef1') in 0.002405001 seconds
Refreshing native plugins compatible for Editor in 0.43 ms, found 0 plugins.
Preloading 0 native plugins for Editor in 0.00 ms.
Asset Pipeline Refresh (id=64e50ffde12bf6d2bb9d3fef845dac08): Total: 0.014 seconds - Initiated by StopAssetImportingV2(NoUpdateAssetOptions)
Start importing Assets/_Project/Generated/Art/b_feather_giant.png using Guid(b7a11cfd818b3552c8fd7d1ba33ff100) (TextureImporter) -> (artifact id: 'bcdc56c2c8cbb89df7d791930d16e8ee') in 0.010336456 seconds
Refreshing native plugins compatible for Editor in 0.46 ms, found 0 plugins.
Preloading 0 native plugins for Editor in 0.00 ms.
Asset Pipeline Refresh (id=e4e8ad21fb71bb00c8bfb0833a585682): Total: 0.056 seconds - Initiated by StopAssetImportingV2(NoUpdateAssetOptions)
Start importing Assets/_Project/Generated/Art/b_feather_giant.png using Guid(b7a11cfd818b3552c8fd7d1ba33ff100) (TextureImporter) -> (artifact id: '580d19f333e0c03aa80b29c505d2845f') in 0.002487833 seconds
Refreshing native plugins compatible for Editor in 0.46 ms, found 0 plugins.
Preloading 0 native plugins for Editor in 0.00 ms.
Asset Pipeline Refresh (id=c3569eb2c9fc76951bef98c84a7152ad): Total: 0.015 seconds - Initiated by StopAssetImportingV2(NoUpdateAssetOptions)
Start importing Assets/_Project/Generated/Art/b_chick.png using Guid(bf5f9bea2232f3c7f821e32615efdbbb) (TextureImporter) -> (artifact id: '6678c2edbbaba4f519b736bff344f7f3') in 0.009453065 seconds
Refreshing native plugins compatible for Editor in 0.48 ms, found 0 plugins.
Preloading 0 native plugins for Editor in 0.00 ms.
Asset Pipeline Refresh (id=cd6634290c2ed654e922182c7fdcc2df): Total: 0.055 seconds - Initiated by StopAssetImportingV2(NoUpdateAssetOptions)
Start importing Assets/_Project/Generated/Art/b_chick.png using Guid(bf5f9bea2232f3c7f821e32615efdbbb) (TextureImporter) -> (artifact id: '99a2bd9fe9619fecca158b5f680f8c64') in 0.002530897 seconds
Refreshing native plugins compatible for Editor in 0.43 ms, found 0 plugins.
Preloading 0 native plugins for Editor in 0.00 ms.
Asset Pipeline Refresh (id=bffc6e00a9054c6fb84d9351e8441baf): Total: 0.015 seconds - Initiated by StopAssetImportingV2(NoUpdateAssetOptions)
Start importing Assets/_Project/Generated/Art/b_star.png using Guid(fab96c622fb46dbec92a378670a19930) (TextureImporter) -> (artifact id: '7f4817fbfcc205f614f5f4ca31193d53') in 0.010192102 seconds
Refreshing native plugins compatible for Editor in 0.48 ms, found 0 plugins.
Preloading 0 native plugins for Editor in 0.00 ms.
Asset Pipeline Refresh (id=a21d26bfd70d36afab4423405af12586): Total: 0.054 seconds - Initiated by StopAssetImportingV2(NoUpdateAssetOptions)
Start importing Assets/_Project/Generated/Art/b_star.png using Guid(fab96c622fb46dbec92a378670a19930) (TextureImporter) -> (artifact id: '6c3269905044b036682ef05a18338142') in 0.002444599 seconds
Refreshing native plugins compatible for Editor in 0.41 ms, found 0 plugins.
Preloading 0 native plugins for Editor in 0.00 ms.
Asset Pipeline Refresh (id=3cf5e399a4402adb0950ecae42ed8cfc): Total: 0.014 seconds - Initiated by StopAssetImportingV2(NoUpdateAssetOptions)
Start importing Assets/_Project/Generated/Art/b_meteor.png using Guid(6979452761c487f1a8151f70c5d027ad) (TextureImporter) -> (artifact id: '22afa3715ec49e2b6e09cbf51cfcb63c') in 0.009379486 seconds
Refreshing native plugins compatible for Editor in 0.48 ms, found 0 plugins.
Preloading 0 native plugins for Editor in 0.00 ms.
Asset Pipeline Refresh (id=e50219fa4e510ef7d8d95057545e3dcc): Total: 0.054 seconds - Initiated by StopAssetImportingV2(NoUpdateAssetOptions)
Start importing Assets/_Project/Generated/Art/b_meteor.png using Guid(6979452761c487f1a8151f70c5d027ad) (TextureImporter) -> (artifact id: '933768392ef05376fb4e98d7c490ba0f') in 0.002460643 seconds
Refreshing native plugins compatible for Editor in 0.42 ms, found 0 plugins.
Preloading 0 native plugins for Editor in 0.00 ms.
Asset Pipeline Refresh (id=30cee73a684d708dbaf3c3e08fa9c31e): Total: 0.015 seconds - Initiated by StopAssetImportingV2(NoUpdateAssetOptions)
Start importing Assets/_Project/Generated/Art/b_enemy.png using Guid(093402c7ac62060daa4e02eae3bc71bb) (TextureImporter) -> (artifact id: '8280c919e519ccf0b56a11e669f577f6') in 0.01021086 seconds
Refreshing native plugins compatible for Editor in 0.46 ms, found 0 plugins.
Preloading 0 native plugins for Editor in 0.00 ms.
Asset Pipeline Refresh (id=06c22e8c040372b48b3dafa77c4ae044): Total: 0.056 seconds - Initiated by StopAssetImportingV2(NoUpdateAssetOptions)
Start importing Assets/_Project/Generated/Art/b_enemy.png using Guid(093402c7ac62060daa4e02eae3bc71bb) (TextureImporter) -> (artifact id: '01f3a2c8c0b11f4f41801ec53916120b') in 0.002518149 seconds
Refreshing native plugins compatible for Editor in 0.41 ms, found 0 plugins.
Preloading 0 native plugins for Editor in 0.00 ms.
Asset Pipeline Refresh (id=6f2908513575e3d90a96b8ebf296793c): Total: 0.014 seconds - Initiated by StopAssetImportingV2(NoUpdateAssetOptions)
Start importing Assets/_Project/Generated/Art/b_enemy_big.png using Guid(9a51226195507f63a84d103873242b1e) (TextureImporter) -> (artifact id: '37315f54cd091ad61e9c08ca4dc04cb7') in 0.01000896 seconds
Refreshing native plugins compatible for Editor in 0.46 ms, found 0 plugins.
Preloading 0 native plugins for Editor in 0.00 ms.
Asset Pipeline Refresh (id=1bcfe27dd6f40b5b9ada49cb23ae7238): Total: 0.054 seconds - Initiated by StopAssetImportingV2(NoUpdateAssetOptions)
Start importing Assets/_Project/Generated/Art/b_enemy_big.png using Guid(9a51226195507f63a84d103873242b1e) (TextureImporter) -> (artifact id: '280240e919c6bf48a025ad2a0dac7416') in 0.002419683 seconds
Refreshing native plugins compatible for Editor in 0.42 ms, found 0 plugins.
Preloading 0 native plugins for Editor in 0.00 ms.
Asset Pipeline Refresh (id=7dfb349fd4453440c9666f8915c7032d): Total: 0.013 seconds - Initiated by StopAssetImportingV2(NoUpdateAssetOptions)
Start importing Assets/_Project/Generated/Art/b_boss_special.png using Guid(703c79164cb4eb5ca81da96737c7f196) (TextureImporter) -> (artifact id: '3cf29895bf468f5a8b0ad6c5754803d1') in 0.009782344 seconds
Refreshing native plugins compatible for Editor in 0.46 ms, found 0 plugins.
Preloading 0 native plugins for Editor in 0.00 ms.
Asset Pipeline Refresh (id=ecf40ba0beacbca19b9f8bd27c23390b): Total: 0.055 seconds - Initiated by StopAssetImportingV2(NoUpdateAssetOptions)
Start importing Assets/_Project/Generated/Art/b_boss_special.png using Guid(703c79164cb4eb5ca81da96737c7f196) (TextureImporter) -> (artifact id: 'ca3af1a2e2e83adddefc423137318a8d') in 0.002445071 seconds
Refreshing native plugins compatible for Editor in 0.44 ms, found 0 plugins.
Preloading 0 native plugins for Editor in 0.00 ms.
Asset Pipeline Refresh (id=c015bc4d9dcd683ee9cf87d50ba82ded): Total: 0.014 seconds - Initiated by StopAssetImportingV2(NoUpdateAssetOptions)
Start importing Assets/_Project/Generated/Art/b_egg.png using Guid(fe0a1e65d0937d106b3224ad2674f7a7) (TextureImporter) -> (artifact id: '4494e6d62371576e2c64c6fa28e834dc') in 0.010665485 seconds
Refreshing native plugins compatible for Editor in 0.47 ms, found 0 plugins.
Preloading 0 native plugins for Editor in 0.00 ms.
Asset Pipeline Refresh (id=a1672c12e7c356997b3e1f25c1af532d): Total: 0.056 seconds - Initiated by StopAssetImportingV2(NoUpdateAssetOptions)
Start importing Assets/_Project/Generated/Art/b_egg.png using Guid(fe0a1e65d0937d106b3224ad2674f7a7) (TextureImporter) -> (artifact id: 'c386d8727e484c70383733595a783375') in 0.002413944 seconds
Refreshing native plugins compatible for Editor in 0.42 ms, found 0 plugins.
Preloading 0 native plugins for Editor in 0.00 ms.
Asset Pipeline Refresh (id=d2502a684c0d71389b3706d0a779eff7): Total: 0.014 seconds - Initiated by StopAssetImportingV2(NoUpdateAssetOptions)
Start importing Assets/_Project/Generated/Art/b_gold_egg.png using Guid(743ee450b531ba8ffa1c51f3b587456d) (TextureImporter) -> (artifact id: 'f04406da85066858bec330d8d80dcf02') in 0.011069475 seconds
Refreshing native plugins compatible for Editor in 0.46 ms, found 0 plugins.
Preloading 0 native plugins for Editor in 0.00 ms.
Asset Pipeline Refresh (id=d0de274a31303e40996ae659f428d80e): Total: 0.057 seconds - Initiated by StopAssetImportingV2(NoUpdateAssetOptions)
Start importing Assets/_Project/Generated/Art/b_gold_egg.png using Guid(743ee450b531ba8ffa1c51f3b587456d) (TextureImporter) -> (artifact id: '9b43d1ce1a8a3b9c9a13b05c8a91c49d') in 0.002510607 seconds
Refreshing native plugins compatible for Editor in 0.43 ms, found 0 plugins.
Preloading 0 native plugins for Editor in 0.00 ms.
Asset Pipeline Refresh (id=5173270bbce9173c5898f92f4bbed6fe): Total: 0.014 seconds - Initiated by StopAssetImportingV2(NoUpdateAssetOptions)
Start importing Assets/_Project/Generated/Art/b_stinger.png using Guid(370f158b53612f5958800b8e05bf1ead) (TextureImporter) -> (artifact id: '0e7c1d8ca28a3196fc08a5123fc3cdc3') in 0.00961862 seconds
Refreshing native plugins compatible for Editor in 0.45 ms, found 0 plugins.
Preloading 0 native plugins for Editor in 0.00 ms.
Asset Pipeline Refresh (id=71a540dec3ab248e1937ed081a320355): Total: 0.055 seconds - Initiated by StopAssetImportingV2(NoUpdateAssetOptions)
Start importing Assets/_Project/Generated/Art/b_stinger.png using Guid(370f158b53612f5958800b8e05bf1ead) (TextureImporter) -> (artifact id: '37417feac8096e2244a1a56683f4057a') in 0.00264052 seconds
Refreshing native plugins compatible for Editor in 0.45 ms, found 0 plugins.
Preloading 0 native plugins for Editor in 0.00 ms.
Asset Pipeline Refresh (id=dec601626cd34fca7a63102b708ee31f): Total: 0.015 seconds - Initiated by StopAssetImportingV2(NoUpdateAssetOptions)
Start importing Assets/_Project/Generated/Art/b_crumb.png using Guid(acc56b6e1ed8687c9b55daae8ea57a2f) (TextureImporter) -> (artifact id: '66f741f75b07ba8479e4304e95d35e31') in 0.010939502 seconds
Refreshing native plugins compatible for Editor in 0.47 ms, found 0 plugins.
Preloading 0 native plugins for Editor in 0.00 ms.
Asset Pipeline Refresh (id=a7813a6aac069b55995fb35dc45838d1): Total: 0.056 seconds - Initiated by StopAssetImportingV2(NoUpdateAssetOptions)
Start importing Assets/_Project/Generated/Art/b_crumb.png using Guid(acc56b6e1ed8687c9b55daae8ea57a2f) (TextureImporter) -> (artifact id: '832d49c54201aec7ffe357ed82a76fd4') in 0.002379884 seconds
Refreshing native plugins compatible for Editor in 0.43 ms, found 0 plugins.
Preloading 0 native plugins for Editor in 0.00 ms.
Asset Pipeline Refresh (id=ec28f13ed9c4970608460deab6284f7f): Total: 0.014 seconds - Initiated by StopAssetImportingV2(NoUpdateAssetOptions)
Start importing Assets/_Project/Generated/Art/b_gum.png using Guid(30fb4e0e84ce551a48ad5ca8351c586e) (TextureImporter) -> (artifact id: 'd4f6e512dd85cec0f95595b0f5f35e98') in 0.012044873 seconds
Refreshing native plugins compatible for Editor in 0.46 ms, found 0 plugins.
Preloading 0 native plugins for Editor in 0.00 ms.
Asset Pipeline Refresh (id=7266c5328a9f56d2ab116d98a86d1914): Total: 0.057 seconds - Initiated by StopAssetImportingV2(NoUpdateAssetOptions)
Start importing Assets/_Project/Generated/Art/b_gum.png using Guid(30fb4e0e84ce551a48ad5ca8351c586e) (TextureImporter) -> (artifact id: 'aaa3ce0445a0db731835a4b49a09afc1') in 0.002497668 seconds
Refreshing native plugins compatible for Editor in 0.41 ms, found 0 plugins.
Preloading 0 native plugins for Editor in 0.00 ms.
Asset Pipeline Refresh (id=75b77cce749fd76b996e0ca1c0fb7f26): Total: 0.014 seconds - Initiated by StopAssetImportingV2(NoUpdateAssetOptions)
Start importing Assets/_Project/Generated/Art/b_jelly.png using Guid(961f6f401cd16c5bba2d0c2ff968785f) (TextureImporter) -> (artifact id: '509e6aa54aec26857aed457e104ef865') in 0.010879333 seconds
Refreshing native plugins compatible for Editor in 0.46 ms, found 0 plugins.
Preloading 0 native plugins for Editor in 0.00 ms.
Asset Pipeline Refresh (id=ffc594642e964e3cfb8a3473673693ef): Total: 0.057 seconds - Initiated by StopAssetImportingV2(NoUpdateAssetOptions)
Start importing Assets/_Project/Generated/Art/b_jelly.png using Guid(961f6f401cd16c5bba2d0c2ff968785f) (TextureImporter) -> (artifact id: 'b168b9a3ea8a67b8289b66b858d4a241') in 0.002586189 seconds
Refreshing native plugins compatible for Editor in 0.43 ms, found 0 plugins.
Preloading 0 native plugins for Editor in 0.00 ms.
Asset Pipeline Refresh (id=24aa17c6b208511a18413b8b8bdecc52): Total: 0.015 seconds - Initiated by StopAssetImportingV2(NoUpdateAssetOptions)
Start importing Assets/_Project/Generated/Art/b_jelly_small.png using Guid(736e97b762b912664ae4c183ca1b4028) (TextureImporter) -> (artifact id: '0ebc2756eab19f2c9ee19f76e31d98bd') in 0.012064192 seconds
Refreshing native plugins compatible for Editor in 0.47 ms, found 0 plugins.
Preloading 0 native plugins for Editor in 0.00 ms.
Asset Pipeline Refresh (id=587b8f637d2ea6c5098efd686f0a1f12): Total: 0.057 seconds - Initiated by StopAssetImportingV2(NoUpdateAssetOptions)
Start importing Assets/_Project/Generated/Art/b_jelly_small.png using Guid(736e97b762b912664ae4c183ca1b4028) (TextureImporter) -> (artifact id: '2183cba95709da28762b77730d435aa1') in 0.00249178 seconds
Refreshing native plugins compatible for Editor in 0.42 ms, found 0 plugins.
Preloading 0 native plugins for Editor in 0.00 ms.
Asset Pipeline Refresh (id=5cf72204b52d06bf5bec44401ea83058): Total: 0.014 seconds - Initiated by StopAssetImportingV2(NoUpdateAssetOptions)
Start importing Assets/_Project/Generated/Art/b_scoop.png using Guid(784ba40278975fddc9ca2a0471101e8e) (TextureImporter) -> (artifact id: 'c8e887cd95cab986041b90ef8ba5d174') in 0.010837521 seconds
Refreshing native plugins compatible for Editor in 0.44 ms, found 0 plugins.
Preloading 0 native plugins for Editor in 0.00 ms.
Asset Pipeline Refresh (id=00e7a7d9965153bef9084aeb5e7cdae5): Total: 0.056 seconds - Initiated by StopAssetImportingV2(NoUpdateAssetOptions)
Start importing Assets/_Project/Generated/Art/b_scoop.png using Guid(784ba40278975fddc9ca2a0471101e8e) (TextureImporter) -> (artifact id: 'a4755c7c5c2c8cc284f53c2355b4c700') in 0.00238405 seconds
Refreshing native plugins compatible for Editor in 0.41 ms, found 0 plugins.
Preloading 0 native plugins for Editor in 0.00 ms.
Asset Pipeline Refresh (id=a19cef12230dbaae6884f63d1c3f9181): Total: 0.014 seconds - Initiated by StopAssetImportingV2(NoUpdateAssetOptions)
Start importing Assets/_Project/Generated/Art/b_puff.png using Guid(e1226cc686ad81b12840f526b4ddfe99) (TextureImporter) -> (artifact id: 'fd4b1d2a3041f5bb6aec871cb53be911') in 0.010418639 seconds
Refreshing native plugins compatible for Editor in 0.45 ms, found 0 plugins.
Preloading 0 native plugins for Editor in 0.00 ms.
Asset Pipeline Refresh (id=abac464c4c382791cbfe39380cf71746): Total: 0.056 seconds - Initiated by StopAssetImportingV2(NoUpdateAssetOptions)
Start importing Assets/_Project/Generated/Art/b_puff.png using Guid(e1226cc686ad81b12840f526b4ddfe99) (TextureImporter) -> (artifact id: 'c93095a57991fa71f4a5059bd4fad200') in 0.002413804 seconds
Refreshing native plugins compatible for Editor in 0.42 ms, found 0 plugins.
Preloading 0 native plugins for Editor in 0.00 ms.
Asset Pipeline Refresh (id=344fda32dd87943eb8e243640c24ace8): Total: 0.014 seconds - Initiated by StopAssetImportingV2(NoUpdateAssetOptions)
Start importing Assets/_Project/Generated/Art/fx_laser_beam.png using Guid(363fae30447a03e33bc339fb9e6cc817) (TextureImporter) -> (artifact id: 'efaf4926050225c13a97f2e9d35c4278') in 0.027142258 seconds
Refreshing native plugins compatible for Editor in 0.45 ms, found 0 plugins.
Preloading 0 native plugins for Editor in 0.00 ms.
Asset Pipeline Refresh (id=05259a5262bd81e92b81a48bcda36efa): Total: 0.072 seconds - Initiated by StopAssetImportingV2(NoUpdateAssetOptions)
Start importing Assets/_Project/Generated/Art/fx_laser_beam.png using Guid(363fae30447a03e33bc339fb9e6cc817) (TextureImporter) -> (artifact id: '0e4652278636d59ecfbd3ab77a695c25') in 0.002753639 seconds
Refreshing native plugins compatible for Editor in 0.42 ms, found 0 plugins.
Preloading 0 native plugins for Editor in 0.00 ms.
Asset Pipeline Refresh (id=aef12bcf54e21407fb5746d33d89bfe5): Total: 0.015 seconds - Initiated by StopAssetImportingV2(NoUpdateAssetOptions)
Start importing Assets/_Project/Generated/Art/fx_laser_warn.png using Guid(01f78dc175251dd2bbfd850f904928b5) (TextureImporter) -> (artifact id: 'aafc8937296c423d47e2c6506c062927') in 0.00817699 seconds
Refreshing native plugins compatible for Editor in 0.45 ms, found 0 plugins.
Preloading 0 native plugins for Editor in 0.00 ms.
Asset Pipeline Refresh (id=6904d7484a9f9932baf5a051f13a76a5): Total: 0.054 seconds - Initiated by StopAssetImportingV2(NoUpdateAssetOptions)
Start importing Assets/_Project/Generated/Art/fx_laser_warn.png using Guid(01f78dc175251dd2bbfd850f904928b5) (TextureImporter) -> (artifact id: '7c9f75f41cb7d3defc19fc13e507d2f8') in 0.002282169 seconds
Refreshing native plugins compatible for Editor in 0.39 ms, found 0 plugins.
Preloading 0 native plugins for Editor in 0.00 ms.
Asset Pipeline Refresh (id=19a76fb1d1090a3f39c6ba185ec6c5de): Total: 0.014 seconds - Initiated by StopAssetImportingV2(NoUpdateAssetOptions)
Start importing Assets/_Project/Generated/Art/p_gem_blue.png using Guid(fe0a67e30b69bc777aa50cba422baca7) (TextureImporter) -> (artifact id: '6618dea038945cfacc033cc0750445a0') in 0.009670147 seconds
Refreshing native plugins compatible for Editor in 0.47 ms, found 0 plugins.
Preloading 0 native plugins for Editor in 0.00 ms.
Asset Pipeline Refresh (id=62eac7331ee9c5077b6ca2ec678c6d9a): Total: 0.055 seconds - Initiated by StopAssetImportingV2(NoUpdateAssetOptions)
Start importing Assets/_Project/Generated/Art/p_gem_blue.png using Guid(fe0a67e30b69bc777aa50cba422baca7) (TextureImporter) -> (artifact id: 'c9532cdc8dab2f00a3d65f9f02302239') in 0.002610406 seconds
Refreshing native plugins compatible for Editor in 0.45 ms, found 0 plugins.
Preloading 0 native plugins for Editor in 0.00 ms.
Asset Pipeline Refresh (id=b02a9b935f4d02b19b4decba869487df): Total: 0.015 seconds - Initiated by StopAssetImportingV2(NoUpdateAssetOptions)
Start importing Assets/_Project/Generated/Art/p_gem_green.png using Guid(aed1e92daf5011aaf84aa407b4615547) (TextureImporter) -> (artifact id: '039a48b3f9591ac2791578833f646dd2') in 0.010448933 seconds
Refreshing native plugins compatible for Editor in 0.46 ms, found 0 plugins.
Preloading 0 native plugins for Editor in 0.00 ms.
Asset Pipeline Refresh (id=52e3b13f8cd88c69e89408be93288bf6): Total: 0.075 seconds - Initiated by StopAssetImportingV2(NoUpdateAssetOptions)
Start importing Assets/_Project/Generated/Art/p_gem_green.png using Guid(aed1e92daf5011aaf84aa407b4615547) (TextureImporter) -> (artifact id: '0c150e5dc9b2ad4e0f95ea718232b94b') in 0.002601792 seconds
Refreshing native plugins compatible for Editor in 0.87 ms, found 0 plugins.
Preloading 0 native plugins for Editor in 0.00 ms.
Asset Pipeline Refresh (id=b874d513d3c068858acf880359eca130): Total: 0.025 seconds - Initiated by StopAssetImportingV2(NoUpdateAssetOptions)
Start importing Assets/_Project/Generated/Art/p_gem_pink.png using Guid(4ad809fc4b366c945b5618bf4efb4667) (TextureImporter) -> (artifact id: '4d219e029ad168662fd4dd77491b8d8d') in 0.010649191 seconds
Refreshing native plugins compatible for Editor in 0.47 ms, found 0 plugins.
Preloading 0 native plugins for Editor in 0.00 ms.
Asset Pipeline Refresh (id=2f71b5afa299c924fb572e03f6e77380): Total: 0.048 seconds - Initiated by StopAssetImportingV2(NoUpdateAssetOptions)
Start importing Assets/_Project/Generated/Art/p_gem_pink.png using Guid(4ad809fc4b366c945b5618bf4efb4667) (TextureImporter) -> (artifact id: '55cb01d30c0c6c23c683cd81e57729b6') in 0.002566611 seconds
Refreshing native plugins compatible for Editor in 0.48 ms, found 0 plugins.
Preloading 0 native plugins for Editor in 0.00 ms.
Asset Pipeline Refresh (id=3ad686e3cbcdb941586355e36bf60e97): Total: 0.015 seconds - Initiated by StopAssetImportingV2(NoUpdateAssetOptions)
Start importing Assets/_Project/Generated/Art/p_coin.png using Guid(0af7f04e88aac9174919127baef466e6) (TextureImporter) -> (artifact id: 'a656b7fa6af11978bf018990b143f016') in 0.010309446 seconds
Refreshing native plugins compatible for Editor in 0.44 ms, found 0 plugins.
Preloading 0 native plugins for Editor in 0.00 ms.
Asset Pipeline Refresh (id=a3dc709528b1a31e8aced46601d85c82): Total: 0.046 seconds - Initiated by StopAssetImportingV2(NoUpdateAssetOptions)
Start importing Assets/_Project/Generated/Art/p_coin.png using Guid(0af7f04e88aac9174919127baef466e6) (TextureImporter) -> (artifact id: '4002321156720516eb17961aa845adc1') in 0.002353844 seconds
Refreshing native plugins compatible for Editor in 0.41 ms, found 0 plugins.
Preloading 0 native plugins for Editor in 0.00 ms.
Asset Pipeline Refresh (id=148af56507ee1663687e94061865d634): Total: 0.014 seconds - Initiated by StopAssetImportingV2(NoUpdateAssetOptions)
Start importing Assets/_Project/Generated/Art/p_magnet.png using Guid(5ee3813466c9becd3945dc3c69ab7034) (TextureImporter) -> (artifact id: '7bb7af1b0fe5d6ac570f061f2a47e601') in 0.00915359 seconds
Refreshing native plugins compatible for Editor in 0.43 ms, found 0 plugins.
Preloading 0 native plugins for Editor in 0.00 ms.
Asset Pipeline Refresh (id=6331980b424f4756cb5fd6c15c6052d2): Total: 0.044 seconds - Initiated by StopAssetImportingV2(NoUpdateAssetOptions)
Start importing Assets/_Project/Generated/Art/p_magnet.png using Guid(5ee3813466c9becd3945dc3c69ab7034) (TextureImporter) -> (artifact id: '4bf6e915591bcfbfdec20563dc43b282') in 0.002371151 seconds
Refreshing native plugins compatible for Editor in 0.44 ms, found 0 plugins.
Preloading 0 native plugins for Editor in 0.00 ms.
Asset Pipeline Refresh (id=77387ee802faa1f48bf5770344059ef3): Total: 0.050 seconds - Initiated by StopAssetImportingV2(NoUpdateAssetOptions)
Start importing Assets/_Project/Generated/Art/p_heart.png using Guid(4b73e4861e62c883bb7eb4b6e86a1d8d) (TextureImporter) -> (artifact id: '88ba68e337df93337910cdfe48de46f1') in 0.011157435 seconds
Refreshing native plugins compatible for Editor in 0.43 ms, found 0 plugins.
Preloading 0 native plugins for Editor in 0.00 ms.
Asset Pipeline Refresh (id=4f67cc219cd1ff29ab7d95e9ff18f8be): Total: 0.046 seconds - Initiated by StopAssetImportingV2(NoUpdateAssetOptions)
Start importing Assets/_Project/Generated/Art/p_heart.png using Guid(4b73e4861e62c883bb7eb4b6e86a1d8d) (TextureImporter) -> (artifact id: 'd4284853848993cfdbdea316d8050f8b') in 0.002311262 seconds
Refreshing native plugins compatible for Editor in 0.40 ms, found 0 plugins.
Preloading 0 native plugins for Editor in 0.00 ms.
Asset Pipeline Refresh (id=81349a1abc33ff0bcac2f490f92be899): Total: 0.014 seconds - Initiated by StopAssetImportingV2(NoUpdateAssetOptions)
Start importing Assets/_Project/Generated/Art/p_bomb.png using Guid(52ac0d3e81a065331bbfe8bfbdc02616) (TextureImporter) -> (artifact id: 'aaf436bf29756100668a859c907babbc') in 0.009394018 seconds
Refreshing native plugins compatible for Editor in 0.44 ms, found 0 plugins.
Preloading 0 native plugins for Editor in 0.00 ms.
Asset Pipeline Refresh (id=3318f6f01117cbbceb3f3323892b06ce): Total: 0.043 seconds - Initiated by StopAssetImportingV2(NoUpdateAssetOptions)
Start importing Assets/_Project/Generated/Art/p_bomb.png using Guid(52ac0d3e81a065331bbfe8bfbdc02616) (TextureImporter) -> (artifact id: '2e52eb7eda04b2a4c30a8bd60d608717') in 0.002548714 seconds
Refreshing native plugins compatible for Editor in 0.42 ms, found 0 plugins.
Preloading 0 native plugins for Editor in 0.00 ms.
Asset Pipeline Refresh (id=590ac95aad688f3f293c3677712b3a9a): Total: 0.014 seconds - Initiated by StopAssetImportingV2(NoUpdateAssetOptions)
Start importing Assets/_Project/Generated/Art/p_coin_big.png using Guid(995cdd8b96b4ece64b7076d81e67f72f) (TextureImporter) -> (artifact id: 'ae039da3d1ac95e4f5851cdb9d1b2283') in 0.011419053 seconds
Refreshing native plugins compatible for Editor in 0.49 ms, found 0 plugins.
Preloading 0 native plugins for Editor in 0.00 ms.
Asset Pipeline Refresh (id=a3498d4abc61158b29af8bd0a3d49740): Total: 0.049 seconds - Initiated by StopAssetImportingV2(NoUpdateAssetOptions)
Start importing Assets/_Project/Generated/Art/p_coin_big.png using Guid(995cdd8b96b4ece64b7076d81e67f72f) (TextureImporter) -> (artifact id: '83831c58ad9cc9aa113b494a54dfd1a4') in 0.002547262 seconds
Refreshing native plugins compatible for Editor in 0.42 ms, found 0 plugins.
Preloading 0 native plugins for Editor in 0.00 ms.
Asset Pipeline Refresh (id=8a9d386130af907799b9f8f026fcc383): Total: 0.015 seconds - Initiated by StopAssetImportingV2(NoUpdateAssetOptions)
Start importing Assets/_Project/Generated/Art/p_gold_bar.png using Guid(0d3c372998887db92a52b8c6ca258cdc) (TextureImporter) -> (artifact id: 'd6698e5d942cbd0e40654829418ef541') in 0.00962475 seconds
Refreshing native plugins compatible for Editor in 0.44 ms, found 0 plugins.
Preloading 0 native plugins for Editor in 0.00 ms.
Asset Pipeline Refresh (id=68569a1cafe2d16eea7a883d182da5c5): Total: 0.045 seconds - Initiated by StopAssetImportingV2(NoUpdateAssetOptions)
Start importing Assets/_Project/Generated/Art/p_gold_bar.png using Guid(0d3c372998887db92a52b8c6ca258cdc) (TextureImporter) -> (artifact id: '527512ac07f8a6ff17c910c7c5c8feae') in 0.002583496 seconds
Refreshing native plugins compatible for Editor in 0.41 ms, found 0 plugins.
Preloading 0 native plugins for Editor in 0.00 ms.
Asset Pipeline Refresh (id=6491de6bbda60850c899b62192515ea5): Total: 0.014 seconds - Initiated by StopAssetImportingV2(NoUpdateAssetOptions)
Start importing Assets/_Project/Generated/Art/b_spark.png using Guid(495356298fb6fa7a0a822e90eeb16cd0) (TextureImporter) -> (artifact id: '3cfcee7441b9940a1e7819efc5c35f14') in 0.010281785 seconds
Refreshing native plugins compatible for Editor in 0.43 ms, found 0 plugins.
Preloading 0 native plugins for Editor in 0.00 ms.
Asset Pipeline Refresh (id=75644b6b2db089a698d83227841f70f4): Total: 0.044 seconds - Initiated by StopAssetImportingV2(NoUpdateAssetOptions)
Start importing Assets/_Project/Generated/Art/b_spark.png using Guid(495356298fb6fa7a0a822e90eeb16cd0) (TextureImporter) -> (artifact id: 'b34d30c15f071a07260dc9da57a90762') in 0.002380044 seconds
Refreshing native plugins compatible for Editor in 0.40 ms, found 0 plugins.
Preloading 0 native plugins for Editor in 0.00 ms.
Asset Pipeline Refresh (id=dd810163476d616b1b2306d46b481dab): Total: 0.013 seconds - Initiated by StopAssetImportingV2(NoUpdateAssetOptions)
Start importing Assets/_Project/Generated/Art/b_ice.png using Guid(3792212aa6b21bc318c1d8cbd8ac4472) (TextureImporter) -> (artifact id: 'e3aca79a2feaf36f358815bd0c3b906f') in 0.017494424 seconds
Refreshing native plugins compatible for Editor in 0.68 ms, found 0 plugins.
Preloading 0 native plugins for Editor in 0.00 ms.
Asset Pipeline Refresh (id=7a62e241335b171a88adac57ed66bd47): Total: 0.086 seconds - Initiated by StopAssetImportingV2(NoUpdateAssetOptions)
Start importing Assets/_Project/Generated/Art/b_ice.png using Guid(3792212aa6b21bc318c1d8cbd8ac4472) (TextureImporter) -> (artifact id: '5004cd78a2940238d6805910f56410c0') in 0.005416842 seconds
Refreshing native plugins compatible for Editor in 0.56 ms, found 0 plugins.
Preloading 0 native plugins for Editor in 0.00 ms.
Asset Pipeline Refresh (id=dc0bc9a0da4695895bb655b5a21c3604): Total: 0.035 seconds - Initiated by StopAssetImportingV2(NoUpdateAssetOptions)
Start importing Assets/_Project/Generated/Art/b_yarn.png using Guid(3573b5f544af527bb9101bd16be0d339) (TextureImporter) -> (artifact id: 'cc0bfebe2537b2b09a2cad0db2fcefc1') in 0.027808377 seconds
Refreshing native plugins compatible for Editor in 0.47 ms, found 0 plugins.
Preloading 0 native plugins for Editor in 0.00 ms.
Asset Pipeline Refresh (id=d225a55181d753d8cb80d1817fdfe236): Total: 0.069 seconds - Initiated by StopAssetImportingV2(NoUpdateAssetOptions)
Start importing Assets/_Project/Generated/Art/b_yarn.png using Guid(3573b5f544af527bb9101bd16be0d339) (TextureImporter) -> (artifact id: '64c973db2fdbd2ab3ee86c42967a6f4f') in 0.056869374 seconds
Refreshing native plugins compatible for Editor in 0.44 ms, found 0 plugins.
Preloading 0 native plugins for Editor in 0.00 ms.
Asset Pipeline Refresh (id=593e3d23bdcc91c29907d86c08d30e28): Total: 0.069 seconds - Initiated by StopAssetImportingV2(NoUpdateAssetOptions)
Start importing Assets/_Project/Generated/Art/egg.png using Guid(6e790957168907a47b7b74866e647491) (TextureImporter) -> (artifact id: 'ece749c3220d7db48cda427d422d1e94') in 0.008490396 seconds
Refreshing native plugins compatible for Editor in 0.47 ms, found 0 plugins.
Preloading 0 native plugins for Editor in 0.00 ms.
Asset Pipeline Refresh (id=e5aac6f579f84217cabe759649c6186a): Total: 0.045 seconds - Initiated by StopAssetImportingV2(NoUpdateAssetOptions)
Start importing Assets/_Project/Generated/Art/egg.png using Guid(6e790957168907a47b7b74866e647491) (TextureImporter) -> (artifact id: '9960106dee06a370688e2fb5c0d3d46b') in 0.118553676 seconds
Refreshing native plugins compatible for Editor in 0.47 ms, found 0 plugins.
Preloading 0 native plugins for Editor in 0.00 ms.
Asset Pipeline Refresh (id=ee72b54de131bed318026d5ab7c20168): Total: 0.131 seconds - Initiated by StopAssetImportingV2(NoUpdateAssetOptions)
Start importing Assets/_Project/Generated/Art/star.png using Guid(e04eb0cb9fcfa2715bc0e7c6dd803348) (TextureImporter) -> (artifact id: 'e9be5417f09629ba4a81f02f20cbb9a4') in 0.009754913 seconds
Refreshing native plugins compatible for Editor in 0.49 ms, found 0 plugins.
Preloading 0 native plugins for Editor in 0.00 ms.
Asset Pipeline Refresh (id=8720e9ea576c321ecacb540712b0400d): Total: 0.046 seconds - Initiated by StopAssetImportingV2(NoUpdateAssetOptions)
Start importing Assets/_Project/Generated/Art/star.png using Guid(e04eb0cb9fcfa2715bc0e7c6dd803348) (TextureImporter) -> (artifact id: 'd06035a29ea7c42f4e8985cc8f37fba7') in 0.036287455 seconds
Refreshing native plugins compatible for Editor in 0.45 ms, found 0 plugins.
Preloading 0 native plugins for Editor in 0.00 ms.
Asset Pipeline Refresh (id=acde4f5e0bb1681b9aaeecc893a1a8d5): Total: 0.085 seconds - Initiated by StopAssetImportingV2(NoUpdateAssetOptions)
Start importing Assets/_Project/Generated/Art/bubble.png using Guid(d30852cda33a0049193c01a956c4984f) (TextureImporter) -> (artifact id: 'e7b76e6de38544e574a50184f548d863') in 0.011445543 seconds
Refreshing native plugins compatible for Editor in 0.45 ms, found 0 plugins.
Preloading 0 native plugins for Editor in 0.00 ms.
Asset Pipeline Refresh (id=b39a34d50bc2be40cbec4d688610188a): Total: 0.046 seconds - Initiated by StopAssetImportingV2(NoUpdateAssetOptions)
Start importing Assets/_Project/Generated/Art/bubble.png using Guid(d30852cda33a0049193c01a956c4984f) (TextureImporter) -> (artifact id: '13282aa0a1e22e66c4caff13bcb20774') in 0.002541563 seconds
Refreshing native plugins compatible for Editor in 0.42 ms, found 0 plugins.
Preloading 0 native plugins for Editor in 0.00 ms.
Asset Pipeline Refresh (id=00815d5c2183596b8841554b9487dcf3): Total: 0.014 seconds - Initiated by StopAssetImportingV2(NoUpdateAssetOptions)
Start importing Assets/_Project/Generated/Art/circle.png using Guid(cb32ed91b39d283579fb3b0c52a0509d) (TextureImporter) -> (artifact id: 'f4c6e74dbc32731c8d8b2a8d86b35a0d') in 0.024467446 seconds
Refreshing native plugins compatible for Editor in 0.45 ms, found 0 plugins.
Preloading 0 native plugins for Editor in 0.00 ms.
Asset Pipeline Refresh (id=5f80c44aaabf0b1babf46230df5bd449): Total: 0.061 seconds - Initiated by StopAssetImportingV2(NoUpdateAssetOptions)
Start importing Assets/_Project/Generated/Art/circle.png using Guid(cb32ed91b39d283579fb3b0c52a0509d) (TextureImporter) -> (artifact id: '8155579e7ab1134a5cf26ae95a4a5e1d') in 0.003258758 seconds
Refreshing native plugins compatible for Editor in 0.41 ms, found 0 plugins.
Preloading 0 native plugins for Editor in 0.00 ms.
Asset Pipeline Refresh (id=4d38eea7d245ccde6b464fb2f70442af): Total: 0.016 seconds - Initiated by StopAssetImportingV2(NoUpdateAssetOptions)
Start importing Assets/_Project/Generated/Art/confetti.png using Guid(c92aabd2ce679b4648a0b2224b3110de) (TextureImporter) -> (artifact id: 'ae6be1a1238ba70e9d052f505047fefc') in 0.002608543 seconds
Refreshing native plugins compatible for Editor in 0.46 ms, found 0 plugins.
Preloading 0 native plugins for Editor in 0.00 ms.
Asset Pipeline Refresh (id=5500de93a5709e3b5a20355ae280058b): Total: 0.038 seconds - Initiated by StopAssetImportingV2(NoUpdateAssetOptions)
Start importing Assets/_Project/Generated/Art/confetti.png using Guid(c92aabd2ce679b4648a0b2224b3110de) (TextureImporter) -> (artifact id: '9c25054c8a1ef310ace882adf731f140') in 0.002185725 seconds
Refreshing native plugins compatible for Editor in 0.43 ms, found 0 plugins.
Preloading 0 native plugins for Editor in 0.00 ms.
Asset Pipeline Refresh (id=105aa60d0bcd62cbc9532e67813263a7): Total: 0.015 seconds - Initiated by StopAssetImportingV2(NoUpdateAssetOptions)
Start importing Assets/_Project/Generated/Art/ui_rounded.png using Guid(ae9474c6c9c3f8f7091efb5135e58922) (TextureImporter) -> (artifact id: '1051b50718702b86dea398d0ec6c7163') in 0.026218727 seconds
Refreshing native plugins compatible for Editor in 0.47 ms, found 0 plugins.
Preloading 0 native plugins for Editor in 0.00 ms.
Asset Pipeline Refresh (id=277f26ba043304497914d1158235a424): Total: 0.065 seconds - Initiated by StopAssetImportingV2(NoUpdateAssetOptions)
Start importing Assets/_Project/Generated/Art/ui_rounded.png using Guid(ae9474c6c9c3f8f7091efb5135e58922) (TextureImporter) -> (artifact id: '4da4cf8ac4d183b570f04307f0f20226') in 0.002766638 seconds
Refreshing native plugins compatible for Editor in 0.43 ms, found 0 plugins.
Preloading 0 native plugins for Editor in 0.00 ms.
Asset Pipeline Refresh (id=a0757e9754f3b3145a129cdea64c15a1): Total: 0.016 seconds - Initiated by StopAssetImportingV2(NoUpdateAssetOptions)
Start importing Assets/_Project/Generated/Art/ui_button.png using Guid(5f3d634152e8f4110b43a28508d5de5e) (TextureImporter) -> (artifact id: '8d4bfb02b85a0632a57195eb2350acdc') in 0.020449061 seconds
Refreshing native plugins compatible for Editor in 0.48 ms, found 0 plugins.
Preloading 0 native plugins for Editor in 0.00 ms.
Asset Pipeline Refresh (id=3b396e74cc305ba2e99373325a169bca): Total: 0.066 seconds - Initiated by StopAssetImportingV2(NoUpdateAssetOptions)
Start importing Assets/_Project/Generated/Art/ui_button.png using Guid(5f3d634152e8f4110b43a28508d5de5e) (TextureImporter) -> (artifact id: 'c89d8e12c2a2fa63c1611dddcbbc216b') in 0.003284046 seconds
Refreshing native plugins compatible for Editor in 0.43 ms, found 0 plugins.
Preloading 0 native plugins for Editor in 0.00 ms.
Asset Pipeline Refresh (id=8aee9dbc584e11d02afacd36ddf00482): Total: 0.015 seconds - Initiated by StopAssetImportingV2(NoUpdateAssetOptions)
Start importing Assets/_Project/Generated/Art/ui_edge_glow.png using Guid(337036e01d9cb1d8492521971f4844c3) (TextureImporter) -> (artifact id: '6ff6395a4786ff429a77440ef4300f10') in 0.028735473 seconds
Refreshing native plugins compatible for Editor in 0.48 ms, found 0 plugins.
Preloading 0 native plugins for Editor in 0.00 ms.
Asset Pipeline Refresh (id=4f887cf1978e9891e9ee058ccb68ba1e): Total: 0.074 seconds - Initiated by StopAssetImportingV2(NoUpdateAssetOptions)
Start importing Assets/_Project/Generated/Art/ui_edge_glow.png using Guid(337036e01d9cb1d8492521971f4844c3) (TextureImporter) -> (artifact id: '91249d3c2c030ad8db22cc1e9bea382f') in 0.002936319 seconds
Refreshing native plugins compatible for Editor in 0.44 ms, found 0 plugins.
Preloading 0 native plugins for Editor in 0.00 ms.
Asset Pipeline Refresh (id=b5f7e5010a1de2382bbb1f1e0e18f5f8): Total: 0.015 seconds - Initiated by StopAssetImportingV2(NoUpdateAssetOptions)
Start importing Assets/_Project/Generated/Art/studio_emblem.png using Guid(ca5039882968af3c795d70137eccd3fb) (TextureImporter) -> (artifact id: 'c604d1b344dd0f3089e35039e4001929') in 0.281191542 seconds
Refreshing native plugins compatible for Editor in 0.44 ms, found 0 plugins.
Preloading 0 native plugins for Editor in 0.00 ms.
Asset Pipeline Refresh (id=9c0039fafbdca48bc8e1ce7b2e6a7e6e): Total: 0.320 seconds - Initiated by StopAssetImportingV2(NoUpdateAssetOptions)
	Summary:
		Imports: total=1 (actual=1, local cache=0, cache server=0)
		Asset DB Process Time: managed=0 ms, native=287 ms
		Asset DB Callback time: managed=30 ms, native=1 ms
		Scripting: domain reloads=0, domain reload time=0 ms, compile time=0 ms, other=0 ms
		Project Asset Count: scripts=366, non-scripts=434
		Asset File Changes: new=1, changed=1, moved=0, deleted=0
		Scan Filter Count: 5
	InvokeCustomDependenciesCallbacks: 0.001ms
	InvokePackagesCallback: 0.000ms
	ApplyChangesToAssetFolders: 0.056ms
	Scan: 4.456ms
	OnSourceAssetsModified: 0.042ms
	CategorizeAssetsWithTransientArtifact: 0.004ms
	ProcessAssetsWithTransientArtifactChanges: 0.011ms
	CategorizeAssets: 0.361ms
	ImportOutOfDateAssets: 282.095ms (0.150ms without children)
		ImportManagerImport: 281.501ms (0.100ms without children)
			ImportInProcess: 281.389ms
			UpdateCategorizedAssets: 0.011ms
		ReloadNativeAssets: 0.000ms
		UnloadImportedAssets: 0.096ms
		ReloadImportedAssets: 0.000ms
		EnsureUptoDateAssetsAreRegisteredWithGuidPM: 0.070ms
		InitializingProgressBar: 0.014ms
		PostProcessAllAssetNotificationsAddChangedAssets: 0.000ms
		OnDemandSchedulerStart: 0.265ms
	PostProcessAllAssets: 31.117ms
	Hotreload: 0.759ms
	GatherAllCurrentPrimaryArtifactRevisions: 0.030ms
	UnloadStreamsBegin: 0.032ms
	PersistCurrentRevisions: 0.069ms
	UnloadStreamsEnd: 0.000ms
	Untracked: 0.893ms

Start importing Assets/_Project/Generated/Art/studio_emblem.png using Guid(ca5039882968af3c795d70137eccd3fb) (TextureImporter) -> (artifact id: '9a237f656a342a591cd243d7ef417954') in 0.013642175 seconds
Refreshing native plugins compatible for Editor in 0.42 ms, found 0 plugins.
Preloading 0 native plugins for Editor in 0.00 ms.
Asset Pipeline Refresh (id=775d3e661ca6105c281212634ea02de2): Total: 0.026 seconds - Initiated by StopAssetImportingV2(NoUpdateAssetOptions)
Start importing Assets/_Project/Generated/Art/ui_bar_track.png using Guid(fd422fc033fd0f31fbcd0a7bae599321) (TextureImporter) -> (artifact id: '1cf687aff1411be00a5a05413f9d4899') in 0.013985914 seconds
Refreshing native plugins compatible for Editor in 0.44 ms, found 0 plugins.
Preloading 0 native plugins for Editor in 0.00 ms.
Asset Pipeline Refresh (id=eaf907f8430ccea12b0aa1baef6e2557): Total: 0.059 seconds - Initiated by StopAssetImportingV2(NoUpdateAssetOptions)
Start importing Assets/_Project/Generated/Art/ui_bar_track.png using Guid(fd422fc033fd0f31fbcd0a7bae599321) (TextureImporter) -> (artifact id: '41e8605e62dc35c6b7d76eeb2c95f975') in 0.002489416 seconds
Refreshing native plugins compatible for Editor in 0.44 ms, found 0 plugins.
Preloading 0 native plugins for Editor in 0.00 ms.
Asset Pipeline Refresh (id=3cd2f33faa4b8b6e6ae7715f648856f0): Total: 0.014 seconds - Initiated by StopAssetImportingV2(NoUpdateAssetOptions)
Start importing Assets/_Project/Generated/Art/icon_research.png using Guid(43fdd4f50ab146b82844719b9be9dbc2) (TextureImporter) -> (artifact id: '3073d37eaf4a4004909d45ba9d50a20c') in 0.080970907 seconds
Refreshing native plugins compatible for Editor in 0.44 ms, found 0 plugins.
Preloading 0 native plugins for Editor in 0.00 ms.
Asset Pipeline Refresh (id=560583d1971fa26baa08a15b62882957): Total: 0.126 seconds - Initiated by StopAssetImportingV2(NoUpdateAssetOptions)
Start importing Assets/_Project/Generated/Art/icon_research.png using Guid(43fdd4f50ab146b82844719b9be9dbc2) (TextureImporter) -> (artifact id: 'f2985fd763c9ece4b9e68c515c4094c4') in 0.006487552 seconds
Refreshing native plugins compatible for Editor in 0.40 ms, found 0 plugins.
Preloading 0 native plugins for Editor in 0.00 ms.
Asset Pipeline Refresh (id=94cc93b675df53ddaa62ef80b40fa80e): Total: 0.018 seconds - Initiated by StopAssetImportingV2(NoUpdateAssetOptions)
Start importing Assets/_Project/Generated/Art/icon_stardust.png using Guid(dccd5dd1272f35c859dd6eea81be8328) (TextureImporter) -> (artifact id: 'f44e0712a195d2c1783262cdd378a096') in 0.025785032 seconds
Refreshing native plugins compatible for Editor in 0.46 ms, found 0 plugins.
Preloading 0 native plugins for Editor in 0.00 ms.
Asset Pipeline Refresh (id=62c78b13108db622ca7adfab04bf8dff): Total: 0.070 seconds - Initiated by StopAssetImportingV2(NoUpdateAssetOptions)
Start importing Assets/_Project/Generated/Art/icon_stardust.png using Guid(dccd5dd1272f35c859dd6eea81be8328) (TextureImporter) -> (artifact id: '7172f4b3a7ef50e3ac5f1cff4f6ec81c') in 0.002752156 seconds
Refreshing native plugins compatible for Editor in 0.41 ms, found 0 plugins.
Preloading 0 native plugins for Editor in 0.00 ms.
Asset Pipeline Refresh (id=8f7fc5e8724f10330a71aa6536c9f4d9): Total: 0.014 seconds - Initiated by StopAssetImportingV2(NoUpdateAssetOptions)
Start importing Assets/_Project/Generated/Art/menu_pedestal.png using Guid(dc7ff58227c59a4e3b086bc98e2ca5d0) (TextureImporter) -> (artifact id: '2ffd48752f24d31a132be5d0d512ae7f') in 0.151884682 seconds
Refreshing native plugins compatible for Editor in 0.46 ms, found 0 plugins.
Preloading 0 native plugins for Editor in 0.00 ms.
Asset Pipeline Refresh (id=11dbc6ad2e028847897811c507347878): Total: 0.200 seconds - Initiated by StopAssetImportingV2(NoUpdateAssetOptions)
Start importing Assets/_Project/Generated/Art/menu_pedestal.png using Guid(dc7ff58227c59a4e3b086bc98e2ca5d0) (TextureImporter) -> (artifact id: 'c9313bb470cb4ce7d3af4852f30f0f7f') in 0.006844552 seconds
Refreshing native plugins compatible for Editor in 0.44 ms, found 0 plugins.
Preloading 0 native plugins for Editor in 0.00 ms.
Asset Pipeline Refresh (id=a9b7a6c8a51cefb61b87eee744309090): Total: 0.020 seconds - Initiated by StopAssetImportingV2(NoUpdateAssetOptions)
Start importing Assets/_Project/Generated/Art/menu_rays.png using Guid(b790ee138bffec669b3e3b3e96e609fd) (TextureImporter) -> (artifact id: '175d70bfbecffc143dca6e85534a8f95') in 0.290759849 seconds
Refreshing native plugins compatible for Editor in 0.46 ms, found 0 plugins.
Preloading 0 native plugins for Editor in 0.00 ms.
Asset Pipeline Refresh (id=131047e987e165f808c8283fff75d3fa): Total: 0.340 seconds - Initiated by StopAssetImportingV2(NoUpdateAssetOptions)
	Summary:
		Imports: total=1 (actual=1, local cache=0, cache server=0)
		Asset DB Process Time: managed=0 ms, native=298 ms
		Asset DB Callback time: managed=40 ms, native=1 ms
		Scripting: domain reloads=0, domain reload time=0 ms, compile time=0 ms, other=0 ms
		Project Asset Count: scripts=366, non-scripts=439
		Asset File Changes: new=1, changed=1, moved=0, deleted=0
		Scan Filter Count: 5
	InvokeCustomDependenciesCallbacks: 0.000ms
	InvokePackagesCallback: 0.000ms
	ApplyChangesToAssetFolders: 0.057ms
	Scan: 5.030ms
	OnSourceAssetsModified: 0.047ms
	CategorizeAssetsWithTransientArtifact: 0.004ms
	ProcessAssetsWithTransientArtifactChanges: 0.011ms
	CategorizeAssets: 0.434ms
	ImportOutOfDateAssets: 291.785ms (0.148ms without children)
		ImportManagerImport: 291.179ms (0.116ms without children)
			ImportInProcess: 291.045ms
			UpdateCategorizedAssets: 0.018ms
		ReloadNativeAssets: 0.001ms
		UnloadImportedAssets: 0.106ms
		ReloadImportedAssets: 0.000ms
		EnsureUptoDateAssetsAreRegisteredWithGuidPM: 0.077ms
		InitializingProgressBar: 0.004ms
		PostProcessAllAssetNotificationsAddChangedAssets: 0.000ms
		OnDemandSchedulerStart: 0.270ms
	PostProcessAllAssets: 40.372ms
	Hotreload: 0.839ms
	GatherAllCurrentPrimaryArtifactRevisions: 0.029ms
	UnloadStreamsBegin: 0.030ms
	PersistCurrentRevisions: 0.086ms
	UnloadStreamsEnd: 0.000ms
	Untracked: 0.980ms

Start importing Assets/_Project/Generated/Art/menu_rays.png using Guid(b790ee138bffec669b3e3b3e96e609fd) (TextureImporter) -> (artifact id: '7dbee5d6734713302560f1e534a32861') in 0.022433998 seconds
Refreshing native plugins compatible for Editor in 0.44 ms, found 0 plugins.
Preloading 0 native plugins for Editor in 0.00 ms.
Asset Pipeline Refresh (id=a82e14885a404b44fae7ff8c8267dac5): Total: 0.035 seconds - Initiated by StopAssetImportingV2(NoUpdateAssetOptions)
Start importing Assets/_Project/Generated/Art/ui_capsule.png using Guid(cbe0130e32528400498577f8b849a1b0) (TextureImporter) -> (artifact id: '385ac6e697c129e0b7671ca7fad52f54') in 0.012310267 seconds
Refreshing native plugins compatible for Editor in 0.46 ms, found 0 plugins.
Preloading 0 native plugins for Editor in 0.00 ms.
Asset Pipeline Refresh (id=abf363362cf66122ca4249719d455f8c): Total: 0.060 seconds - Initiated by StopAssetImportingV2(NoUpdateAssetOptions)
Start importing Assets/_Project/Generated/Art/ui_capsule.png using Guid(cbe0130e32528400498577f8b849a1b0) (TextureImporter) -> (artifact id: '799ce0d43b4a59b6c29be2adbd09a7ee') in 0.062866687 seconds
Refreshing native plugins compatible for Editor in 0.45 ms, found 0 plugins.
Preloading 0 native plugins for Editor in 0.00 ms.
Asset Pipeline Refresh (id=f7fb5545540d1690fa79ba5b8330dfd5): Total: 0.128 seconds - Initiated by StopAssetImportingV2(NoUpdateAssetOptions)
Start importing Assets/_Project/Generated/Art/ui_navbar.png using Guid(0022a7b855e801ba384fbf89c87ef7e9) (TextureImporter) -> (artifact id: '1bf6de5be84ae719adba84a46cf20fd3') in 0.020752461 seconds
Refreshing native plugins compatible for Editor in 0.47 ms, found 0 plugins.
Preloading 0 native plugins for Editor in 0.00 ms.
Asset Pipeline Refresh (id=16cbf44cb90e20be49a4e1cac9b9c3dc): Total: 0.066 seconds - Initiated by StopAssetImportingV2(NoUpdateAssetOptions)
Start importing Assets/_Project/Generated/Art/ui_navbar.png using Guid(0022a7b855e801ba384fbf89c87ef7e9) (TextureImporter) -> (artifact id: '4b59c45e6fa18ed6df59bfd5de492d0a') in 0.003014946 seconds
Refreshing native plugins compatible for Editor in 0.41 ms, found 0 plugins.
Preloading 0 native plugins for Editor in 0.00 ms.
Asset Pipeline Refresh (id=f19f9b9de810a66fdb47ab249e564430): Total: 0.015 seconds - Initiated by StopAssetImportingV2(NoUpdateAssetOptions)
Start importing Assets/_Project/Generated/Art/menu_ribbon.png using Guid(611d84863eb5e60e5b6dd41445fae4c1) (TextureImporter) -> (artifact id: 'b67f1a83ea02d543c522f853c042147d') in 0.076270037 seconds
Refreshing native plugins compatible for Editor in 0.47 ms, found 0 plugins.
Preloading 0 native plugins for Editor in 0.00 ms.
Asset Pipeline Refresh (id=aad00a23e59f380a58d625f84f74f06e): Total: 0.136 seconds - Initiated by StopAssetImportingV2(NoUpdateAssetOptions)
Start importing Assets/_Project/Generated/Art/menu_ribbon.png using Guid(611d84863eb5e60e5b6dd41445fae4c1) (TextureImporter) -> (artifact id: '8f6afa80dfb27e9c2b619261d70e14f3') in 0.006189509 seconds
Refreshing native plugins compatible for Editor in 0.42 ms, found 0 plugins.
Preloading 0 native plugins for Editor in 0.00 ms.
Asset Pipeline Refresh (id=87f60d0cf2ac202c0ba07e5dd07818d1): Total: 0.018 seconds - Initiated by StopAssetImportingV2(NoUpdateAssetOptions)
Start importing Assets/_Project/Generated/Art/ui_shine.png using Guid(3491c140d0d6b95958bc4d82fa5f9e8b) (TextureImporter) -> (artifact id: '68886fe3d1100800c9ca6e52e4f105b6') in 0.046159904 seconds
Refreshing native plugins compatible for Editor in 0.46 ms, found 0 plugins.
Preloading 0 native plugins for Editor in 0.00 ms.
Asset Pipeline Refresh (id=0f53bdc5368c6621987a66c972d75db6): Total: 0.091 seconds - Initiated by StopAssetImportingV2(NoUpdateAssetOptions)
Start importing Assets/_Project/Generated/Art/ui_shine.png using Guid(3491c140d0d6b95958bc4d82fa5f9e8b) (TextureImporter) -> (artifact id: 'aeb59393c72e7db58e86678402531227') in 0.119619908 seconds
Refreshing native plugins compatible for Editor in 0.45 ms, found 0 plugins.
Preloading 0 native plugins for Editor in 0.00 ms.
Asset Pipeline Refresh (id=b251a3419315bfdd08e555081fc303a3): Total: 0.132 seconds - Initiated by StopAssetImportingV2(NoUpdateAssetOptions)
Start importing Assets/_Project/Generated/Art/ui_vignette.png using Guid(8db1f0fd91cccfa9ba743d3a3d0d18a2) (TextureImporter) -> (artifact id: 'fe5d04cc577650aee0748dc547fd2022') in 0.007753822 seconds
Refreshing native plugins compatible for Editor in 0.47 ms, found 0 plugins.
Preloading 0 native plugins for Editor in 0.00 ms.
Asset Pipeline Refresh (id=08fd7fd83265711f5bdb4c8c6bbe7ece): Total: 0.053 seconds - Initiated by StopAssetImportingV2(NoUpdateAssetOptions)
Start importing Assets/_Project/Generated/Art/ui_vignette.png using Guid(8db1f0fd91cccfa9ba743d3a3d0d18a2) (TextureImporter) -> (artifact id: 'feabca9dabca11d4426994d1b5d6f27e') in 0.002203241 seconds
Refreshing native plugins compatible for Editor in 0.41 ms, found 0 plugins.
Preloading 0 native plugins for Editor in 0.00 ms.
Asset Pipeline Refresh (id=638879dfe976862278e960bd3365fef0): Total: 0.014 seconds - Initiated by StopAssetImportingV2(NoUpdateAssetOptions)
Start importing Assets/_Project/Generated/Art/icon_gear.png using Guid(750e48a9325245104ae8f7ec1c11b0b6) (TextureImporter) -> (artifact id: '7691ca8454b93a92286d01de4871bb2f') in 0.023859754 seconds
Refreshing native plugins compatible for Editor in 0.45 ms, found 0 plugins.
Preloading 0 native plugins for Editor in 0.00 ms.
Asset Pipeline Refresh (id=fa2c036d7789de670a235d442e6a3677): Total: 0.066 seconds - Initiated by StopAssetImportingV2(NoUpdateAssetOptions)
Start importing Assets/_Project/Generated/Art/icon_gear.png using Guid(750e48a9325245104ae8f7ec1c11b0b6) (TextureImporter) -> (artifact id: 'ac345961ec421e6bd7a59fbaa9177fc2') in 0.003543471 seconds
Refreshing native plugins compatible for Editor in 0.41 ms, found 0 plugins.
Preloading 0 native plugins for Editor in 0.00 ms.
Asset Pipeline Refresh (id=25ff2c0fb471e4141bdbcf6460cb527d): Total: 0.015 seconds - Initiated by StopAssetImportingV2(NoUpdateAssetOptions)
Start importing Assets/_Project/Generated/Art/icon_play.png using Guid(2e1c5b89698722ede95aa52c1abcb393) (TextureImporter) -> (artifact id: '10e12ae658c4258fad917e553f2878b6') in 0.024363392 seconds
Refreshing native plugins compatible for Editor in 0.47 ms, found 0 plugins.
Preloading 0 native plugins for Editor in 0.00 ms.
Asset Pipeline Refresh (id=5b7a7bf0d188c92c585bbf5d89a0a723): Total: 0.069 seconds - Initiated by StopAssetImportingV2(NoUpdateAssetOptions)
Start importing Assets/_Project/Generated/Art/icon_play.png using Guid(2e1c5b89698722ede95aa52c1abcb393) (TextureImporter) -> (artifact id: '9e9a46adf5e4e1000ce257eacf98c587') in 0.003196236 seconds
Refreshing native plugins compatible for Editor in 0.43 ms, found 0 plugins.
Preloading 0 native plugins for Editor in 0.00 ms.
Asset Pipeline Refresh (id=6d3e3e4cda5f775db933babedaa027e3): Total: 0.015 seconds - Initiated by StopAssetImportingV2(NoUpdateAssetOptions)
Start importing Assets/_Project/Generated/Art/icon_pause.png using Guid(e2e1ca888b1e25ee097ccd7c1b713d15) (TextureImporter) -> (artifact id: '74d4bae8d5cc7f059fc634f1fc485801') in 0.024809384 seconds
Refreshing native plugins compatible for Editor in 0.48 ms, found 0 plugins.
Preloading 0 native plugins for Editor in 0.00 ms.
Asset Pipeline Refresh (id=bce2669be774040c1acf581ef3112282): Total: 0.071 seconds - Initiated by StopAssetImportingV2(NoUpdateAssetOptions)
Start importing Assets/_Project/Generated/Art/icon_pause.png using Guid(e2e1ca888b1e25ee097ccd7c1b713d15) (TextureImporter) -> (artifact id: '5287e77b4882cad041c5e08866552fcd') in 0.05463823 seconds
Refreshing native plugins compatible for Editor in 0.45 ms, found 0 plugins.
Preloading 0 native plugins for Editor in 0.00 ms.
Asset Pipeline Refresh (id=578ac3a35e712cae999ecc2da15d49e3): Total: 0.067 seconds - Initiated by StopAssetImportingV2(NoUpdateAssetOptions)
Start importing Assets/_Project/Generated/Art/icon_trophy.png using Guid(f829ed93468ac96f4a5371bacf9a51fd) (TextureImporter) -> (artifact id: '110fee45ca1df8e2465b70b2ac1be744') in 0.024606753 seconds
Refreshing native plugins compatible for Editor in 0.48 ms, found 0 plugins.
Preloading 0 native plugins for Editor in 0.00 ms.
Asset Pipeline Refresh (id=b72129215c74e510f98e6f31499fed16): Total: 0.070 seconds - Initiated by StopAssetImportingV2(NoUpdateAssetOptions)
Start importing Assets/_Project/Generated/Art/icon_trophy.png using Guid(f829ed93468ac96f4a5371bacf9a51fd) (TextureImporter) -> (artifact id: '5b65d8adc13b8e5780a9ed389f810267') in 0.003240661 seconds
Refreshing native plugins compatible for Editor in 0.42 ms, found 0 plugins.
Preloading 0 native plugins for Editor in 0.00 ms.
Asset Pipeline Refresh (id=216dca83d03c4c1cfba48239e8225bdf): Total: 0.015 seconds - Initiated by StopAssetImportingV2(NoUpdateAssetOptions)
Start importing Assets/_Project/Generated/Art/icon_weapons.png using Guid(416c9225f2ebc6d3887cb0bcc2fc8f96) (TextureImporter) -> (artifact id: '62c4b0ccd6d60e9f3103e9e1f345bdde') in 0.077388128 seconds
Refreshing native plugins compatible for Editor in 0.47 ms, found 0 plugins.
Preloading 0 native plugins for Editor in 0.00 ms.
Asset Pipeline Refresh (id=16dbdf57738e83d2f995e98bf8060b71): Total: 0.124 seconds - Initiated by StopAssetImportingV2(NoUpdateAssetOptions)
Start importing Assets/_Project/Generated/Art/icon_weapons.png using Guid(416c9225f2ebc6d3887cb0bcc2fc8f96) (TextureImporter) -> (artifact id: '626eade5dc5181be5c20503129aca78b') in 0.007390483 seconds
Refreshing native plugins compatible for Editor in 0.54 ms, found 0 plugins.
Preloading 0 native plugins for Editor in 0.00 ms.
Asset Pipeline Refresh (id=975e7684dd8dbf2f89efc1ff3a552e9d): Total: 0.021 seconds - Initiated by StopAssetImportingV2(NoUpdateAssetOptions)
Start importing Assets/_Project/Generated/Art/icon_paw.png using Guid(83e4c8a05bd80f6aca23226b2f5e3ca4) (TextureImporter) -> (artifact id: '12a9e1ca74d7f9b2eac68fa453279a6c') in 0.023862468 seconds
Refreshing native plugins compatible for Editor in 0.45 ms, found 0 plugins.
Preloading 0 native plugins for Editor in 0.00 ms.
Asset Pipeline Refresh (id=c1f965226c329e005a0cff7ad9d4642f): Total: 0.071 seconds - Initiated by StopAssetImportingV2(NoUpdateAssetOptions)
Start importing Assets/_Project/Generated/Art/icon_paw.png using Guid(83e4c8a05bd80f6aca23226b2f5e3ca4) (TextureImporter) -> (artifact id: 'a21f030b97af4c9590ec5de843174801') in 0.003578953 seconds
Refreshing native plugins compatible for Editor in 0.43 ms, found 0 plugins.
Preloading 0 native plugins for Editor in 0.00 ms.
Asset Pipeline Refresh (id=0f8b2d43f41252a1fbedba0e8c563f7b): Total: 0.017 seconds - Initiated by StopAssetImportingV2(NoUpdateAssetOptions)
Start importing Assets/_Project/Generated/Art/ui_bar_fill.png using Guid(faddf6903be2709b7a6d808e3714c8b1) (TextureImporter) -> (artifact id: '86d1ae4c285892e01ef71cf9249afc4a') in 0.008683994 seconds
Refreshing native plugins compatible for Editor in 0.48 ms, found 0 plugins.
Preloading 0 native plugins for Editor in 0.00 ms.
Asset Pipeline Refresh (id=805697c628cab8cea92e89243a4b66b3): Total: 0.055 seconds - Initiated by StopAssetImportingV2(NoUpdateAssetOptions)
Start importing Assets/_Project/Generated/Art/ui_bar_fill.png using Guid(faddf6903be2709b7a6d808e3714c8b1) (TextureImporter) -> (artifact id: 'b066db8037dc6f72dbf8fc44289f9fde') in 0.002631257 seconds
Refreshing native plugins compatible for Editor in 0.44 ms, found 0 plugins.
Preloading 0 native plugins for Editor in 0.00 ms.
Asset Pipeline Refresh (id=3ed48bfffbc4e72c794e0f94da30f919): Total: 0.016 seconds - Initiated by StopAssetImportingV2(NoUpdateAssetOptions)
Start importing Assets/_Project/Generated/Art/app_icon.png using Guid(19eb47916beededbdad251fc51a555e0) (TextureImporter) -> (artifact id: '62578940937d175df989110c06a02fc8') in 0.222207159 seconds
Refreshing native plugins compatible for Editor in 0.47 ms, found 0 plugins.
Preloading 0 native plugins for Editor in 0.00 ms.
Asset Pipeline Refresh (id=87de962bddd332061bc0d36011b7c12a): Total: 0.261 seconds - Initiated by StopAssetImportingV2(NoUpdateAssetOptions)
Start importing Assets/_Project/Generated/Art/app_icon.png using Guid(19eb47916beededbdad251fc51a555e0) (TextureImporter) -> (artifact id: '9f96dc31832c959689bb1ce9c0709e6a') in 0.013821901 seconds
Refreshing native plugins compatible for Editor in 0.44 ms, found 0 plugins.
Preloading 0 native plugins for Editor in 0.00 ms.
Asset Pipeline Refresh (id=c3ed9a224130d9a848df63e98e95f193): Total: 0.027 seconds - Initiated by StopAssetImportingV2(NoUpdateAssetOptions)
Start importing Assets/_Project/Generated/Art/bg_sky.png using Guid(3d5e88ddc64803232bdf84e2045fab08) (TextureImporter) -> (artifact id: '7cc72d9da569464747b56deaa6a9a740') in 0.004060849 seconds
Refreshing native plugins compatible for Editor in 0.47 ms, found 0 plugins.
Preloading 0 native plugins for Editor in 0.00 ms.
Asset Pipeline Refresh (id=ee64e67ba8c1e2fbeb99c31f77a5af48): Total: 0.042 seconds - Initiated by StopAssetImportingV2(NoUpdateAssetOptions)
Start importing Assets/_Project/Generated/Art/bg_sky.png using Guid(3d5e88ddc64803232bdf84e2045fab08) (TextureImporter) -> (artifact id: '52d20121acecfbf35aae5c1d34c2f962') in 0.002444579 seconds
Refreshing native plugins compatible for Editor in 0.46 ms, found 0 plugins.
Preloading 0 native plugins for Editor in 0.00 ms.
Asset Pipeline Refresh (id=196976ecf3dc01c7e95bdcc3582c229b): Total: 0.020 seconds - Initiated by StopAssetImportingV2(NoUpdateAssetOptions)
Start importing Assets/_Project/Generated/Art/bg_nebula.png using Guid(3935d96200afecf0b9702f66d6f06229) (TextureImporter) -> (artifact id: 'f96ecc712e0f71615512166f75769d3f') in 0.155382795 seconds
Refreshing native plugins compatible for Editor in 0.48 ms, found 0 plugins.
Preloading 0 native plugins for Editor in 0.00 ms.
Asset Pipeline Refresh (id=5bcdb14bd8d4adc71a97a6a02550eed5): Total: 0.194 seconds - Initiated by StopAssetImportingV2(NoUpdateAssetOptions)
Start importing Assets/_Project/Generated/Art/bg_nebula.png using Guid(3935d96200afecf0b9702f66d6f06229) (TextureImporter) -> (artifact id: 'acc041fa0e0d570a55659de254d0d5e7') in 0.010449644 seconds
Refreshing native plugins compatible for Editor in 0.45 ms, found 0 plugins.
Preloading 0 native plugins for Editor in 0.00 ms.
Asset Pipeline Refresh (id=3e0a08d819362e7beb21caa46edef290): Total: 0.024 seconds - Initiated by StopAssetImportingV2(NoUpdateAssetOptions)
Start importing Assets/_Project/Generated/Art/bg_stars_far.png using Guid(08bd1d52e8038989daed865d49b37d7d) (TextureImporter) -> (artifact id: 'f618daafca3d5a0e71fdbcdfab6b3717') in 0.526047877 seconds
Refreshing native plugins compatible for Editor in 0.48 ms, found 0 plugins.
Preloading 0 native plugins for Editor in 0.00 ms.
Asset Pipeline Refresh (id=38e98b92fc7927809a21bc2404c9dc93): Total: 0.565 seconds - Initiated by StopAssetImportingV2(NoUpdateAssetOptions)
	Summary:
		Imports: total=1 (actual=1, local cache=0, cache server=0)
		Asset DB Process Time: managed=0 ms, native=533 ms
		Asset DB Callback time: managed=30 ms, native=1 ms
		Scripting: domain reloads=0, domain reload time=0 ms, compile time=0 ms, other=0 ms
		Project Asset Count: scripts=366, non-scripts=455
		Asset File Changes: new=1, changed=1, moved=0, deleted=0
		Scan Filter Count: 5
	InvokeCustomDependenciesCallbacks: 0.000ms
	InvokePackagesCallback: 0.000ms
	ApplyChangesToAssetFolders: 0.052ms
	Scan: 4.774ms
	OnSourceAssetsModified: 0.042ms
	CategorizeAssetsWithTransientArtifact: 0.004ms
	ProcessAssetsWithTransientArtifactChanges: 0.011ms
	CategorizeAssets: 0.375ms
	ImportOutOfDateAssets: 527.046ms (0.143ms without children)
		ImportManagerImport: 526.451ms (0.118ms without children)
			ImportInProcess: 526.313ms
			UpdateCategorizedAssets: 0.020ms
		ReloadNativeAssets: 0.001ms
		UnloadImportedAssets: 0.107ms
		ReloadImportedAssets: 0.000ms
		EnsureUptoDateAssetsAreRegisteredWithGuidPM: 0.069ms
		InitializingProgressBar: 0.004ms
		PostProcessAllAssetNotificationsAddChangedAssets: 0.000ms
		OnDemandSchedulerStart: 0.272ms
	PostProcessAllAssets: 31.115ms
	Hotreload: 0.887ms
	GatherAllCurrentPrimaryArtifactRevisions: 0.030ms
	UnloadStreamsBegin: 0.027ms
	PersistCurrentRevisions: 0.061ms
	UnloadStreamsEnd: 0.001ms
	Untracked: 0.919ms

Start importing Assets/_Project/Generated/Art/bg_stars_far.png using Guid(08bd1d52e8038989daed865d49b37d7d) (TextureImporter) -> (artifact id: '55bae08b579a67a689c428608f57e959') in 0.032670606 seconds
Refreshing native plugins compatible for Editor in 0.44 ms, found 0 plugins.
Preloading 0 native plugins for Editor in 0.00 ms.
Asset Pipeline Refresh (id=6d587595f70d4c7f8a3e470651b032a5): Total: 0.048 seconds - Initiated by StopAssetImportingV2(NoUpdateAssetOptions)
Start importing Assets/_Project/Generated/Art/bg_stars_near.png using Guid(26301cc13beb3afdb8c170cc873e889f) (TextureImporter) -> (artifact id: 'a0b7878e7de01a09290020cc6ff8e0ce') in 0.556693558 seconds
Refreshing native plugins compatible for Editor in 0.49 ms, found 0 plugins.
Preloading 0 native plugins for Editor in 0.00 ms.
Asset Pipeline Refresh (id=4f5cb6ddc4fc57431b2d1c4681b2f516): Total: 0.595 seconds - Initiated by StopAssetImportingV2(NoUpdateAssetOptions)
	Summary:
		Imports: total=1 (actual=1, local cache=0, cache server=0)
		Asset DB Process Time: managed=0 ms, native=563 ms
		Asset DB Callback time: managed=29 ms, native=1 ms
		Scripting: domain reloads=0, domain reload time=0 ms, compile time=0 ms, other=0 ms
		Project Asset Count: scripts=366, non-scripts=456
		Asset File Changes: new=1, changed=1, moved=0, deleted=0
		Scan Filter Count: 5
	InvokeCustomDependenciesCallbacks: 0.000ms
	InvokePackagesCallback: 0.000ms
	ApplyChangesToAssetFolders: 0.055ms
	Scan: 4.859ms
	OnSourceAssetsModified: 0.040ms
	CategorizeAssetsWithTransientArtifact: 0.003ms
	ProcessAssetsWithTransientArtifactChanges: 0.012ms
	CategorizeAssets: 0.350ms
	ImportOutOfDateAssets: 557.665ms (0.141ms without children)
		ImportManagerImport: 557.097ms (0.138ms without children)
			ImportInProcess: 556.945ms
			UpdateCategorizedAssets: 0.014ms
		ReloadNativeAssets: 0.001ms
		UnloadImportedAssets: 0.098ms
		ReloadImportedAssets: 0.000ms
		EnsureUptoDateAssetsAreRegisteredWithGuidPM: 0.064ms
		InitializingProgressBar: 0.005ms
		PostProcessAllAssetNotificationsAddChangedAssets: 0.000ms
		OnDemandSchedulerStart: 0.259ms
	PostProcessAllAssets: 30.115ms
	Hotreload: 0.847ms
	GatherAllCurrentPrimaryArtifactRevisions: 0.032ms
	UnloadStreamsBegin: 0.028ms
	PersistCurrentRevisions: 0.062ms
	UnloadStreamsEnd: 0.001ms
	Untracked: 0.910ms

Start importing Assets/_Project/Generated/Art/bg_stars_near.png using Guid(26301cc13beb3afdb8c170cc873e889f) (TextureImporter) -> (artifact id: '48a03c4995365755fef7ee1468a5e23d') in 0.019969849 seconds
Refreshing native plugins compatible for Editor in 0.47 ms, found 0 plugins.
Preloading 0 native plugins for Editor in 0.00 ms.
Asset Pipeline Refresh (id=e27cfb33e4dfbd0e58c6604e8ce0f72d): Total: 0.033 seconds - Initiated by StopAssetImportingV2(NoUpdateAssetOptions)
Start importing Assets/_Project/Generated/Art/bg_planet_ring.png using Guid(c10b666de5ab29e7ebc72dcb9dce5656) (TextureImporter) -> (artifact id: '56e5c95aa9d2f2d6390810f09c8b5dfb') in 0.079829181 seconds
Refreshing native plugins compatible for Editor in 0.45 ms, found 0 plugins.
Preloading 0 native plugins for Editor in 0.00 ms.
Asset Pipeline Refresh (id=ba306039ec555c27ebacb9c0cf9d420a): Total: 0.118 seconds - Initiated by StopAssetImportingV2(NoUpdateAssetOptions)
Start importing Assets/_Project/Generated/Art/bg_planet_ring.png using Guid(c10b666de5ab29e7ebc72dcb9dce5656) (TextureImporter) -> (artifact id: 'bc266372d8009b62ec0735948e73e560') in 0.005925337 seconds
Refreshing native plugins compatible for Editor in 0.45 ms, found 0 plugins.
Preloading 0 native plugins for Editor in 0.00 ms.
Asset Pipeline Refresh (id=14754d48803e13961bb254288c30ea35): Total: 0.019 seconds - Initiated by StopAssetImportingV2(NoUpdateAssetOptions)
Start importing Assets/_Project/Generated/Art/bg_planet_donut.png using Guid(a8dae9352b2c10b2eb9774ae43b012d2) (TextureImporter) -> (artifact id: '2ce2ae056bf82227ff954ebc8bd77ecf') in 0.077973266 seconds
Refreshing native plugins compatible for Editor in 0.45 ms, found 0 plugins.
Preloading 0 native plugins for Editor in 0.00 ms.
Asset Pipeline Refresh (id=4dd3157476b32b94a99c04dc9358a102): Total: 0.115 seconds - Initiated by StopAssetImportingV2(NoUpdateAssetOptions)
Start importing Assets/_Project/Generated/Art/bg_planet_donut.png using Guid(a8dae9352b2c10b2eb9774ae43b012d2) (TextureImporter) -> (artifact id: 'a2d9e10ddddeca361b5b469cf599be89') in 0.00641154 seconds
Refreshing native plugins compatible for Editor in 0.45 ms, found 0 plugins.
Preloading 0 native plugins for Editor in 0.00 ms.
Asset Pipeline Refresh (id=80c757c6418774decb510cc0cb83aa4d): Total: 0.020 seconds - Initiated by StopAssetImportingV2(NoUpdateAssetOptions)
Start importing Assets/_Project/Generated/Art/bg_planet_moon.png using Guid(992879fac3d4b6051914358bfaaf98ec) (TextureImporter) -> (artifact id: '8c29fe14e4daf1506f9b8b88fbbb68aa') in 0.07445325 seconds
Refreshing native plugins compatible for Editor in 0.47 ms, found 0 plugins.
Preloading 0 native plugins for Editor in 0.00 ms.
Asset Pipeline Refresh (id=3293dfe9efad539f9b7f18b88a498bde): Total: 0.113 seconds - Initiated by StopAssetImportingV2(NoUpdateAssetOptions)
Start importing Assets/_Project/Generated/Art/bg_planet_moon.png using Guid(992879fac3d4b6051914358bfaaf98ec) (TextureImporter) -> (artifact id: '5655e79e46bb3130526dfb5da4bc2136') in 0.005763036 seconds
Refreshing native plugins compatible for Editor in 0.41 ms, found 0 plugins.
Preloading 0 native plugins for Editor in 0.00 ms.
Asset Pipeline Refresh (id=4785a6f4849a7f875947ab231caad7d3): Total: 0.018 seconds - Initiated by StopAssetImportingV2(NoUpdateAssetOptions)
Start importing Assets/_Project/Generated/Materials using Guid(ee4ee8d187e97803c913f4404abb5751) (DefaultImporter) -> (artifact id: '78e4a47b1016b26523f3b60da12d2f03') in 0.000812636 seconds
Refreshing native plugins compatible for Editor in 0.45 ms, found 0 plugins.
Preloading 0 native plugins for Editor in 0.00 ms.
Asset Pipeline Refresh (id=0c9a66927c6f742b0adc4abfc52fef10): Total: 0.034 seconds - Initiated by StopAssetImportingV2(NoUpdateAssetOptions)
Refreshing native plugins compatible for Editor in 0.41 ms, found 0 plugins.
Preloading 0 native plugins for Editor in 0.00 ms.
Asset Pipeline Refresh (id=5d5ef39bb6da396d29c16750729443d8): Total: 0.008 seconds - Initiated by StopAssetImportingV2(NoUpdateAssetOptions)
Refreshing native plugins compatible for Editor in 0.46 ms, found 0 plugins.
Preloading 0 native plugins for Editor in 0.00 ms.
Asset Pipeline Refresh (id=9bd42321bb9abe0e7ac4049cb1805443): Total: 0.034 seconds - Initiated by StopAssetImportingV2(NoUpdateAssetOptions)
Refreshing native plugins compatible for Editor in 0.41 ms, found 0 plugins.
Preloading 0 native plugins for Editor in 0.00 ms.
Asset Pipeline Refresh (id=b1bd9d45fc287b9eb9a9156dd2865e05): Total: 0.007 seconds - Initiated by StopAssetImportingV2(NoUpdateAssetOptions)
Refreshing native plugins compatible for Editor in 0.48 ms, found 0 plugins.
Preloading 0 native plugins for Editor in 0.00 ms.
Asset Pipeline Refresh (id=f6cfbe4096b932355864de3c45639bc0): Total: 0.035 seconds - Initiated by StopAssetImportingV2(NoUpdateAssetOptions)
Refreshing native plugins compatible for Editor in 0.42 ms, found 0 plugins.
Preloading 0 native plugins for Editor in 0.00 ms.
Asset Pipeline Refresh (id=23ad40798b9cb5fb195ffa4e21bc7431): Total: 0.007 seconds - Initiated by StopAssetImportingV2(NoUpdateAssetOptions)
Refreshing native plugins compatible for Editor in 0.46 ms, found 0 plugins.
Preloading 0 native plugins for Editor in 0.00 ms.
Asset Pipeline Refresh (id=a5efe9135a535d5c39c7a2a28703011d): Total: 0.035 seconds - Initiated by StopAssetImportingV2(NoUpdateAssetOptions)
Start importing Assets/_Project/Generated/Data using Guid(e5b21901d1ecd08c295a11c7e3626b31) (DefaultImporter) -> (artifact id: 'df71165ee0b68b86505ca2e75c52202e') in 0.001006043 seconds
Refreshing native plugins compatible for Editor in 0.40 ms, found 0 plugins.
Preloading 0 native plugins for Editor in 0.00 ms.
Asset Pipeline Refresh (id=544a1e69ff46f3d9d8b2eb67f7f99a6d): Total: 0.008 seconds - Initiated by StopAssetImportingV2(NoUpdateAssetOptions)
Start importing Assets/_Project/Generated/Data/Bullets using Guid(dc434ea8aae7f3c2a8171fddc9b34df7) (DefaultImporter) -> (artifact id: '832f4abdc4d50183c05b5bccab9ae599') in 0.000789302 seconds
Refreshing native plugins compatible for Editor in 0.44 ms, found 0 plugins.
Preloading 0 native plugins for Editor in 0.00 ms.
Asset Pipeline Refresh (id=483c95ae4f3058ed7b303dbe855263ee): Total: 0.034 seconds - Initiated by StopAssetImportingV2(NoUpdateAssetOptions)
Refreshing native plugins compatible for Editor in 0.40 ms, found 0 plugins.
Preloading 0 native plugins for Editor in 0.00 ms.
Asset Pipeline Refresh (id=292f7d2f3e730fc65aa683600a1f4da9): Total: 0.007 seconds - Initiated by StopAssetImportingV2(NoUpdateAssetOptions)
Refreshing native plugins compatible for Editor in 0.44 ms, found 0 plugins.
Preloading 0 native plugins for Editor in 0.00 ms.
Asset Pipeline Refresh (id=242fb23d9a666b9b39d769a5ca219159): Total: 0.037 seconds - Initiated by StopAssetImportingV2(NoUpdateAssetOptions)
Refreshing native plugins compatible for Editor in 0.44 ms, found 0 plugins.
Preloading 0 native plugins for Editor in 0.00 ms.
Asset Pipeline Refresh (id=8b96783b914d0b07db0c4c1188b8905d): Total: 0.007 seconds - Initiated by StopAssetImportingV2(NoUpdateAssetOptions)
Refreshing native plugins compatible for Editor in 0.45 ms, found 0 plugins.
Preloading 0 native plugins for Editor in 0.00 ms.
Asset Pipeline Refresh (id=6f23ca45cbdfadd6b9ddcbf30c66f4a8): Total: 0.043 seconds - Initiated by StopAssetImportingV2(NoUpdateAssetOptions)
Refreshing native plugins compatible for Editor in 0.41 ms, found 0 plugins.
Preloading 0 native plugins for Editor in 0.00 ms.
Asset Pipeline Refresh (id=5405021696b5489f78a8425ea3665f25): Total: 0.007 seconds - Initiated by StopAssetImportingV2(NoUpdateAssetOptions)
Refreshing native plugins compatible for Editor in 0.46 ms, found 0 plugins.
Preloading 0 native plugins for Editor in 0.00 ms.
Asset Pipeline Refresh (id=8aafc98a490d56ece9287c6bcefdda12): Total: 0.045 seconds - Initiated by StopAssetImportingV2(NoUpdateAssetOptions)
Refreshing native plugins compatible for Editor in 0.45 ms, found 0 plugins.
Preloading 0 native plugins for Editor in 0.00 ms.
Asset Pipeline Refresh (id=07b298ae1fc6e8865a7a725557fc13d3): Total: 0.007 seconds - Initiated by StopAssetImportingV2(NoUpdateAssetOptions)
Refreshing native plugins compatible for Editor in 0.49 ms, found 0 plugins.
Preloading 0 native plugins for Editor in 0.00 ms.
Asset Pipeline Refresh (id=196ef13603c7a662a8ad20bced40bf3e): Total: 0.045 seconds - Initiated by StopAssetImportingV2(NoUpdateAssetOptions)
Refreshing native plugins compatible for Editor in 0.43 ms, found 0 plugins.
Preloading 0 native plugins for Editor in 0.00 ms.
Asset Pipeline Refresh (id=86fa527b1ea3f5030b1212c495b25eb2): Total: 0.008 seconds - Initiated by StopAssetImportingV2(NoUpdateAssetOptions)
Refreshing native plugins compatible for Editor in 0.47 ms, found 0 plugins.
Preloading 0 native plugins for Editor in 0.00 ms.
Asset Pipeline Refresh (id=0e7ea1eb7dd9b884e9ba1be8b3987da5): Total: 0.046 seconds - Initiated by StopAssetImportingV2(NoUpdateAssetOptions)
Refreshing native plugins compatible for Editor in 0.41 ms, found 0 plugins.
Preloading 0 native plugins for Editor in 0.00 ms.
Asset Pipeline Refresh (id=adbac4ef492b3d940a119984438c4411): Total: 0.007 seconds - Initiated by StopAssetImportingV2(NoUpdateAssetOptions)
Refreshing native plugins compatible for Editor in 0.48 ms, found 0 plugins.
Preloading 0 native plugins for Editor in 0.00 ms.
Asset Pipeline Refresh (id=ba84f0a490fc8e35eab44fb6412b1a1e): Total: 0.045 seconds - Initiated by StopAssetImportingV2(NoUpdateAssetOptions)
Refreshing native plugins compatible for Editor in 0.42 ms, found 0 plugins.
Preloading 0 native plugins for Editor in 0.00 ms.
Asset Pipeline Refresh (id=b8775c02f6bbe3d72ac0b2e6d56d5a0b): Total: 0.008 seconds - Initiated by StopAssetImportingV2(NoUpdateAssetOptions)
Refreshing native plugins compatible for Editor in 0.49 ms, found 0 plugins.
Preloading 0 native plugins for Editor in 0.00 ms.
Asset Pipeline Refresh (id=0f70e2480db52ebb2815e2c52cafac32): Total: 0.046 seconds - Initiated by StopAssetImportingV2(NoUpdateAssetOptions)
Refreshing native plugins compatible for Editor in 0.44 ms, found 0 plugins.
Preloading 0 native plugins for Editor in 0.00 ms.
Asset Pipeline Refresh (id=2263b25685d6a44c3b3eefe6e6a058ec): Total: 0.008 seconds - Initiated by StopAssetImportingV2(NoUpdateAssetOptions)
Start importing Assets/_Project/Generated/Materials/I_b_spark.mat using Guid(bd2fc3efb2cb6961fbb6be2713b15838) (NativeFormatImporter) -> (artifact id: '777ecbcc05184c12879bb85d3e494255') in 0.001237417 seconds
Refreshing native plugins compatible for Editor in 0.46 ms, found 0 plugins.
Preloading 0 native plugins for Editor in 0.00 ms.
Asset Pipeline Refresh (id=e019dc59d4bff5cbc8ba2955c79d0d9a): Total: 0.046 seconds - Initiated by StopAssetImportingV2(NoUpdateAssetOptions)
Start importing Assets/_Project/Generated/Data/Bullets/Spark.asset using Guid(028dc0077287d90858c6e8de0a01ad58) (NativeFormatImporter) -> (artifact id: '8d154839c48ee9eb0ec4993cbabec15e') in 0.001237747 seconds
Refreshing native plugins compatible for Editor in 0.40 ms, found 0 plugins.
Preloading 0 native plugins for Editor in 0.00 ms.
Asset Pipeline Refresh (id=c1a4b78accd8ad0e0860ab3ab571cc7e): Total: 0.009 seconds - Initiated by StopAssetImportingV2(NoUpdateAssetOptions)
Start importing Assets/_Project/Generated/Materials/I_b_ice.mat using Guid(b50fac7a356961dc3bc0d03cc13a78d7) (NativeFormatImporter) -> (artifact id: '16fea5b6c741a0e362ad23e380747352') in 0.00105116 seconds
Refreshing native plugins compatible for Editor in 0.48 ms, found 0 plugins.
Preloading 0 native plugins for Editor in 0.00 ms.
Asset Pipeline Refresh (id=1b820dc61512c6b838cf2b8fe9240b53): Total: 0.046 seconds - Initiated by StopAssetImportingV2(NoUpdateAssetOptions)
Start importing Assets/_Project/Generated/Data/Bullets/Ice.asset using Guid(ef9ce488457a667b9ab7f88b67901e04) (NativeFormatImporter) -> (artifact id: '35601421abe0ecfe6025a3cac75f8f8f') in 0.001278228 seconds
Refreshing native plugins compatible for Editor in 0.42 ms, found 0 plugins.
Preloading 0 native plugins for Editor in 0.00 ms.
Asset Pipeline Refresh (id=09f8b28f5346d77ca8b72c093c9c6af9): Total: 0.009 seconds - Initiated by StopAssetImportingV2(NoUpdateAssetOptions)
Start importing Assets/_Project/Generated/Materials/I_b_yarn.mat using Guid(72a78de10b7cb261c9ef441d3fefcd09) (NativeFormatImporter) -> (artifact id: 'ae9467dbc7a8c6ef892bcfac0d452f8f') in 0.001109607 seconds
Refreshing native plugins compatible for Editor in 0.46 ms, found 0 plugins.
Preloading 0 native plugins for Editor in 0.00 ms.
Asset Pipeline Refresh (id=f8be27c8df5786e3886368f5cd15e3ba): Total: 0.046 seconds - Initiated by StopAssetImportingV2(NoUpdateAssetOptions)
Start importing Assets/_Project/Generated/Data/Bullets/Yarn.asset using Guid(40d0ab04cb07a0cbbb5964441bbf930d) (NativeFormatImporter) -> (artifact id: 'b3894ccd7ca6ed4daa0c7c4d9d6007b6') in 0.001228284 seconds
Refreshing native plugins compatible for Editor in 0.40 ms, found 0 plugins.
Preloading 0 native plugins for Editor in 0.00 ms.
Asset Pipeline Refresh (id=d214a685575fb4f218164c5ca0e621ce): Total: 0.009 seconds - Initiated by StopAssetImportingV2(NoUpdateAssetOptions)
Start importing Assets/_Project/Generated/Materials/I_b_egg.mat using Guid(7b952109d34cc1f07b54b42c6d40c48b) (NativeFormatImporter) -> (artifact id: 'ab5eb9071432b05c7f6ab9d853e6c5be') in 0.001106853 seconds
Refreshing native plugins compatible for Editor in 0.45 ms, found 0 plugins.
Preloading 0 native plugins for Editor in 0.00 ms.
Asset Pipeline Refresh (id=0b1e1c0291580aa599e2adc7ca464641): Total: 0.046 seconds - Initiated by StopAssetImportingV2(NoUpdateAssetOptions)
Start importing Assets/_Project/Generated/Data/Bullets/Egg.asset using Guid(5d2c038cc4a9095d4bdfac26628e8d0b) (NativeFormatImporter) -> (artifact id: 'c8cdd0008669553edf2cbceadcf717c8') in 0.001247642 seconds
Refreshing native plugins compatible for Editor in 0.42 ms, found 0 plugins.
Preloading 0 native plugins for Editor in 0.00 ms.
Asset Pipeline Refresh (id=c91b2069bbaa9b123b85ec02f23c7c42): Total: 0.009 seconds - Initiated by StopAssetImportingV2(NoUpdateAssetOptions)
Start importing Assets/_Project/Generated/Materials/I_b_stinger.mat using Guid(c96aecb90b2ee8c76a3ab88600440b6a) (NativeFormatImporter) -> (artifact id: 'cb0c5d8563c0c01757f7520221458ed3') in 0.001113383 seconds
Refreshing native plugins compatible for Editor in 0.46 ms, found 0 plugins.
Preloading 0 native plugins for Editor in 0.00 ms.
Asset Pipeline Refresh (id=b8b8a8d3cb21bbed9a9de600a93095c5): Total: 0.046 seconds - Initiated by StopAssetImportingV2(NoUpdateAssetOptions)
Start importing Assets/_Project/Generated/Data/Bullets/Stinger.asset using Guid(0833faf0ba210e59b977592e3ef8101f) (NativeFormatImporter) -> (artifact id: 'aa9e1aa21289c5e7bb1674aaea2a0ad1') in 0.001308022 seconds
Refreshing native plugins compatible for Editor in 0.42 ms, found 0 plugins.
Preloading 0 native plugins for Editor in 0.00 ms.
Asset Pipeline Refresh (id=c741d2506d53d4232b3e328751d2c30d): Total: 0.009 seconds - Initiated by StopAssetImportingV2(NoUpdateAssetOptions)
Start importing Assets/_Project/Generated/Materials/I_b_crumb.mat using Guid(aaa958e628210e625b738adf037708b1) (NativeFormatImporter) -> (artifact id: '7beeaa4d77f79fd76f4c750ab95bbcc2') in 0.001149446 seconds
Refreshing native plugins compatible for Editor in 0.47 ms, found 0 plugins.
Preloading 0 native plugins for Editor in 0.00 ms.
Asset Pipeline Refresh (id=dc2d16510ff864e6aab6615c6b884c87): Total: 0.047 seconds - Initiated by StopAssetImportingV2(NoUpdateAssetOptions)
Start importing Assets/_Project/Generated/Data/Bullets/Crumb.asset using Guid(cad9770f7044af2c0b72127fad9ec506) (NativeFormatImporter) -> (artifact id: '665ce6e0c3feb54d4a6e97b64528c7d0') in 0.001289324 seconds
Refreshing native plugins compatible for Editor in 0.41 ms, found 0 plugins.
Preloading 0 native plugins for Editor in 0.00 ms.
Asset Pipeline Refresh (id=66eb5dd37c383a0079fd836f82e158e2): Total: 0.009 seconds - Initiated by StopAssetImportingV2(NoUpdateAssetOptions)
Start importing Assets/_Project/Generated/Materials/I_b_gum.mat using Guid(cf094d5407d655e6984863eb75c948a0) (NativeFormatImporter) -> (artifact id: '0ed2281edfe274485838e20e4e20adf1') in 0.0011315 seconds
Refreshing native plugins compatible for Editor in 0.44 ms, found 0 plugins.
Preloading 0 native plugins for Editor in 0.00 ms.
Asset Pipeline Refresh (id=b7ac3045b7e78011fbf2b088cbc1b1d7): Total: 0.045 seconds - Initiated by StopAssetImportingV2(NoUpdateAssetOptions)
Start importing Assets/_Project/Generated/Data/Bullets/Gum.asset using Guid(17f57f971da8fc848a71340b8c98ee97) (NativeFormatImporter) -> (artifact id: '54a8aab56725e13862922f6f47fa1baa') in 0.00121904 seconds
Refreshing native plugins compatible for Editor in 0.43 ms, found 0 plugins.
Preloading 0 native plugins for Editor in 0.00 ms.
Asset Pipeline Refresh (id=84b080b9c1be2e377bd6286a7df87451): Total: 0.008 seconds - Initiated by StopAssetImportingV2(NoUpdateAssetOptions)
Start importing Assets/_Project/Generated/Materials/I_b_jelly.mat using Guid(f034151b9e9f31842aab48fb11a7017d) (NativeFormatImporter) -> (artifact id: 'e8154bdf1024bc4ac258a1d1908fb80e') in 0.001073013 seconds
Refreshing native plugins compatible for Editor in 0.46 ms, found 0 plugins.
Preloading 0 native plugins for Editor in 0.00 ms.
Asset Pipeline Refresh (id=ae87e39042af7397a9a83dcc1d0d06c8): Total: 0.047 seconds - Initiated by StopAssetImportingV2(NoUpdateAssetOptions)
Start importing Assets/_Project/Generated/Data/Bullets/Jelly.asset using Guid(742ab2b749bcef8fc99e3e1c2c22c26a) (NativeFormatImporter) -> (artifact id: 'c60a6b2b0c08cb73bc811fa522e19083') in 0.001220362 seconds
Refreshing native plugins compatible for Editor in 0.43 ms, found 0 plugins.
Preloading 0 native plugins for Editor in 0.00 ms.
Asset Pipeline Refresh (id=5b1309b80ba8a1ff7a16808c5dc0fd0d): Total: 0.009 seconds - Initiated by StopAssetImportingV2(NoUpdateAssetOptions)
Start importing Assets/_Project/Generated/Materials/I_b_jelly_small.mat using Guid(deee840dcad50afdba841774eb04111f) (NativeFormatImporter) -> (artifact id: '36b92d9de9101f789833143e5b6939b3') in 0.001105692 seconds
Refreshing native plugins compatible for Editor in 0.48 ms, found 0 plugins.
Preloading 0 native plugins for Editor in 0.00 ms.
Asset Pipeline Refresh (id=42ed494a41d27935d9047f086a408a55): Total: 0.045 seconds - Initiated by StopAssetImportingV2(NoUpdateAssetOptions)
Start importing Assets/_Project/Generated/Data/Bullets/JellySmall.asset using Guid(c8d89630c26102af8b028ff025c5f180) (NativeFormatImporter) -> (artifact id: 'a6eda62c6a43d235142025e7a2f77ff6') in 0.001235785 seconds
Refreshing native plugins compatible for Editor in 0.42 ms, found 0 plugins.
Preloading 0 native plugins for Editor in 0.00 ms.
Asset Pipeline Refresh (id=5a6b41b6d1b01b42c99262d371f3acfa): Total: 0.009 seconds - Initiated by StopAssetImportingV2(NoUpdateAssetOptions)
Start importing Assets/_Project/Generated/Materials/I_b_scoop.mat using Guid(478ba77a2cd0bf40a9126fc47303834c) (NativeFormatImporter) -> (artifact id: '3e4a489716405d247eb8be2998ece2cd') in 0.00107126 seconds
Refreshing native plugins compatible for Editor in 0.44 ms, found 0 plugins.
Preloading 0 native plugins for Editor in 0.00 ms.
Asset Pipeline Refresh (id=c54f698bc6818220193356d7ea2da66e): Total: 0.045 seconds - Initiated by StopAssetImportingV2(NoUpdateAssetOptions)
Start importing Assets/_Project/Generated/Data/Bullets/Scoop.asset using Guid(30dfc9228b9e2d2199ed5f1009b26773) (NativeFormatImporter) -> (artifact id: '16613f82f945991e83ba309d9fce1365') in 0.001228434 seconds
Refreshing native plugins compatible for Editor in 0.42 ms, found 0 plugins.
Preloading 0 native plugins for Editor in 0.00 ms.
Asset Pipeline Refresh (id=fe5c531940435de089c3f8e78057a4ce): Total: 0.009 seconds - Initiated by StopAssetImportingV2(NoUpdateAssetOptions)
Start importing Assets/_Project/Generated/Materials/I_b_puff.mat using Guid(15d093d1f0a971e1cb87aa490d05613b) (NativeFormatImporter) -> (artifact id: 'b08d87e8187feea5075856a1458cb0df') in 0.001200813 seconds
Refreshing native plugins compatible for Editor in 0.49 ms, found 0 plugins.
Preloading 0 native plugins for Editor in 0.00 ms.
Asset Pipeline Refresh (id=791a930e8b3ff698cb26c604be066720): Total: 0.048 seconds - Initiated by StopAssetImportingV2(NoUpdateAssetOptions)
Start importing Assets/_Project/Generated/Data/Bullets/Puff.asset using Guid(5f335d302f85ed4249715032020190cb) (NativeFormatImporter) -> (artifact id: '20c3f40d98990a6e6b6f6e18b97c4d4c') in 0.001233231 seconds
Refreshing native plugins compatible for Editor in 0.44 ms, found 0 plugins.
Preloading 0 native plugins for Editor in 0.00 ms.
Asset Pipeline Refresh (id=11269e7618426179187617cce38c0778): Total: 0.009 seconds - Initiated by StopAssetImportingV2(NoUpdateAssetOptions)
Start importing Assets/_Project/Generated/Materials/I_b_gold_egg.mat using Guid(685e44f56b236cb9cb398e6510a08983) (NativeFormatImporter) -> (artifact id: '06a911a3e2f803c40dbff4eb44185c41') in 0.001108115 seconds
Refreshing native plugins compatible for Editor in 0.45 ms, found 0 plugins.
Preloading 0 native plugins for Editor in 0.00 ms.
Asset Pipeline Refresh (id=91519250196627460a1b8bf243a249a1): Total: 0.046 seconds - Initiated by StopAssetImportingV2(NoUpdateAssetOptions)
Start importing Assets/_Project/Generated/Data/Bullets/GoldEgg.asset using Guid(0c862bb451c051ad5ab5b5de1fd20ebf) (NativeFormatImporter) -> (artifact id: '76cb8db0cbb5145092de4dbe091e8f69') in 0.001201584 seconds
Refreshing native plugins compatible for Editor in 0.41 ms, found 0 plugins.
Preloading 0 native plugins for Editor in 0.00 ms.
Asset Pipeline Refresh (id=b3e80fadb929ee0d492660243af3cf38): Total: 0.009 seconds - Initiated by StopAssetImportingV2(NoUpdateAssetOptions)
Refreshing native plugins compatible for Editor in 0.44 ms, found 0 plugins.
Preloading 0 native plugins for Editor in 0.00 ms.
Asset Pipeline Refresh (id=304f6dcf9bfcf2d1b8768881ecbf3a1f): Total: 0.044 seconds - Initiated by StopAssetImportingV2(NoUpdateAssetOptions)
Refreshing native plugins compatible for Editor in 0.42 ms, found 0 plugins.
Preloading 0 native plugins for Editor in 0.00 ms.
Asset Pipeline Refresh (id=e324bef031d66bf47a9475f321704995): Total: 0.007 seconds - Initiated by StopAssetImportingV2(NoUpdateAssetOptions)
Refreshing native plugins compatible for Editor in 0.44 ms, found 0 plugins.
Preloading 0 native plugins for Editor in 0.00 ms.
Asset Pipeline Refresh (id=cc8976e3e782ccc50af45408b438bce1): Total: 0.045 seconds - Initiated by StopAssetImportingV2(NoUpdateAssetOptions)
Refreshing native plugins compatible for Editor in 0.43 ms, found 0 plugins.
Preloading 0 native plugins for Editor in 0.00 ms.
Asset Pipeline Refresh (id=bef73c163d9e13a949fed49996a68034): Total: 0.007 seconds - Initiated by StopAssetImportingV2(NoUpdateAssetOptions)
Refreshing native plugins compatible for Editor in 0.45 ms, found 0 plugins.
Preloading 0 native plugins for Editor in 0.00 ms.
Asset Pipeline Refresh (id=a6be6501de06b0718baf4100360edc78): Total: 0.044 seconds - Initiated by StopAssetImportingV2(NoUpdateAssetOptions)
Refreshing native plugins compatible for Editor in 0.44 ms, found 0 plugins.
Preloading 0 native plugins for Editor in 0.00 ms.
Asset Pipeline Refresh (id=b2591c2d9c2a80719be629f03419511d): Total: 0.007 seconds - Initiated by StopAssetImportingV2(NoUpdateAssetOptions)
Refreshing native plugins compatible for Editor in 0.44 ms, found 0 plugins.
Preloading 0 native plugins for Editor in 0.00 ms.
Asset Pipeline Refresh (id=22343992ebf8b0453958c572e1a3d0f9): Total: 0.049 seconds - Initiated by StopAssetImportingV2(NoUpdateAssetOptions)
Start importing Assets/_Project/Generated/Materials/I_p_coin_big.mat using Guid(ce230b0866615eccca868fe56252e0d5) (NativeFormatImporter) -> (artifact id: '95eecd30f17c0aece81ec073fe9a8372') in 0.001278829 seconds
Refreshing native plugins compatible for Editor in 0.40 ms, found 0 plugins.
Preloading 0 native plugins for Editor in 0.00 ms.
Asset Pipeline Refresh (id=315dc5714ca88ae7285e1ff9d7f326b0): Total: 0.009 seconds - Initiated by StopAssetImportingV2(NoUpdateAssetOptions)
Start importing Assets/_Project/Generated/Materials/I_p_gold_bar.mat using Guid(bea3f5ba1c168fef18e26988db48defa) (NativeFormatImporter) -> (artifact id: '2bb798068c643d9219426452411fd652') in 0.001205269 seconds
Refreshing native plugins compatible for Editor in 20.63 ms, found 0 plugins.
Preloading 0 native plugins for Editor in 0.00 ms.
Asset Pipeline Refresh (id=531438c71afa68b51b76a5b9c507cc5c): Total: 0.090 seconds - Initiated by StopAssetImportingV2(NoUpdateAssetOptions)
Start importing Assets/_Project/Generated/Art/Icons using Guid(07fc262f99d55d122a000c27c41483c9) (DefaultImporter) -> (artifact id: '659734da2cebc7706bd979bf6655660b') in 0.001260151 seconds
Refreshing native plugins compatible for Editor in 0.55 ms, found 0 plugins.
Preloading 0 native plugins for Editor in 0.00 ms.
Asset Pipeline Refresh (id=4f405c870e7a773fcb864c189eb68afd): Total: 0.011 seconds - Initiated by StopAssetImportingV2(NoUpdateAssetOptions)
Start importing Assets/_Project/Generated/Art/Icons/icon_crystal_glasses.png using Guid(18d76ed3f27031016ab943ebbbedf8a6) (TextureImporter) -> (artifact id: '639be02188e16a0805d160c4880047c1') in 0.020232599 seconds
Refreshing native plugins compatible for Editor in 0.46 ms, found 0 plugins.
Preloading 0 native plugins for Editor in 0.00 ms.
Asset Pipeline Refresh (id=e1cab846fd5f92ce79aaad6f138c4b2e): Total: 0.058 seconds - Initiated by StopAssetImportingV2(NoUpdateAssetOptions)
Start importing Assets/_Project/Generated/Art/Icons/icon_crystal_glasses.png using Guid(18d76ed3f27031016ab943ebbbedf8a6) (TextureImporter) -> (artifact id: 'cea133ccc0d5781b1d9adea20af578a2') in 0.003883195 seconds
Refreshing native plugins compatible for Editor in 0.41 ms, found 0 plugins.
Preloading 0 native plugins for Editor in 0.00 ms.
Asset Pipeline Refresh (id=51a37a4d1bd9649809f75e8999972248): Total: 0.017 seconds - Initiated by StopAssetImportingV2(NoUpdateAssetOptions)
Start importing Assets/_Project/Generated/Data/Passives using Guid(b9dcdc54fc1c45535a4ebd6e6919967c) (DefaultImporter) -> (artifact id: '17d8d425d87a9af9c65c68540a51fcb2') in 0.000887067 seconds
Refreshing native plugins compatible for Editor in 0.44 ms, found 0 plugins.
Preloading 0 native plugins for Editor in 0.00 ms.
Asset Pipeline Refresh (id=dfdfb8ab019cb13ac9dd16f93c8b57a4): Total: 0.035 seconds - Initiated by StopAssetImportingV2(NoUpdateAssetOptions)
Start importing Assets/_Project/Generated/Data/Passives/crystal_glasses.asset using Guid(240736fc0c12e6f18ab1d3e235c62081) (NativeFormatImporter) -> (artifact id: '0d4963262c885a55bd9acf84d746039b') in 0.00119906 seconds
Refreshing native plugins compatible for Editor in 0.41 ms, found 0 plugins.
Preloading 0 native plugins for Editor in 0.00 ms.
Asset Pipeline Refresh (id=25c939fa500239c659f518135a36d855): Total: 0.009 seconds - Initiated by StopAssetImportingV2(NoUpdateAssetOptions)
Start importing Assets/_Project/Generated/Art/Icons/icon_hot_pan.png using Guid(3a0d79031a3f39690b4296acfcf45a8a) (TextureImporter) -> (artifact id: '8ad10aa654c488e20a82ca10e6a9f82c') in 0.023617054 seconds
Refreshing native plugins compatible for Editor in 0.50 ms, found 0 plugins.
Preloading 0 native plugins for Editor in 0.00 ms.
Asset Pipeline Refresh (id=0b089362d217e3f2e9a97fca8736eae2): Total: 0.061 seconds - Initiated by StopAssetImportingV2(NoUpdateAssetOptions)
Start importing Assets/_Project/Generated/Art/Icons/icon_hot_pan.png using Guid(3a0d79031a3f39690b4296acfcf45a8a) (TextureImporter) -> (artifact id: '4d960fa40f30c23dc2726d8205cefd01') in 0.00398757 seconds
Refreshing native plugins compatible for Editor in 0.41 ms, found 0 plugins.
Preloading 0 native plugins for Editor in 0.00 ms.
Asset Pipeline Refresh (id=da1749d7cc75ce4a68fb4d091eb5e0a6): Total: 0.018 seconds - Initiated by StopAssetImportingV2(NoUpdateAssetOptions)
Start importing Assets/_Project/Generated/Data/Passives/hot_pan.asset using Guid(f2e3a2afd52d5097b8f2a52f1fd41d6a) (NativeFormatImporter) -> (artifact id: '6996ca870d16e4fc456dfda98e16e620') in 0.001135687 seconds
Refreshing native plugins compatible for Editor in 0.49 ms, found 0 plugins.
Preloading 0 native plugins for Editor in 0.00 ms.
Asset Pipeline Refresh (id=6e33109b0bb7500d1805b624e2cf159c): Total: 0.037 seconds - Initiated by StopAssetImportingV2(NoUpdateAssetOptions)
Start importing Assets/_Project/Generated/Art/Icons/icon_moon_dust.png using Guid(20e69ff9c0a42cd61ada208deb9064d2) (TextureImporter) -> (artifact id: 'e61b91183d537d42fe811cf5689a064e') in 0.022673904 seconds
Refreshing native plugins compatible for Editor in 0.46 ms, found 0 plugins.
Preloading 0 native plugins for Editor in 0.00 ms.
Asset Pipeline Refresh (id=a6bfb997f7c467605b082dbc84b64c6d): Total: 0.032 seconds - Initiated by StopAssetImportingV2(NoUpdateAssetOptions)
Start importing Assets/_Project/Generated/Art/Icons/icon_moon_dust.png using Guid(20e69ff9c0a42cd61ada208deb9064d2) (TextureImporter) -> (artifact id: '8918393597627a46ebddbf268721f097') in 0.003823607 seconds
Refreshing native plugins compatible for Editor in 0.46 ms, found 0 plugins.
Preloading 0 native plugins for Editor in 0.00 ms.
Asset Pipeline Refresh (id=7cf0b3e4db48c74e4ac55e41f1c0254f): Total: 0.045 seconds - Initiated by StopAssetImportingV2(NoUpdateAssetOptions)
Start importing Assets/_Project/Generated/Data/Passives/moon_dust.asset using Guid(27f302037371e32b48a13089a4193c8e) (NativeFormatImporter) -> (artifact id: 'f8ef062d66735ad126c26e0e7ff2fdc4') in 0.001201204 seconds
Refreshing native plugins compatible for Editor in 0.41 ms, found 0 plugins.
Preloading 0 native plugins for Editor in 0.00 ms.
Asset Pipeline Refresh (id=b15564832044449efa75628cf8cc2cda): Total: 0.009 seconds - Initiated by StopAssetImportingV2(NoUpdateAssetOptions)
Start importing Assets/_Project/Generated/Art/Icons/icon_stretchy_gum.png using Guid(a678610ddb671772e9caf5836b80ae5d) (TextureImporter) -> (artifact id: '4a24839d0833371cfc77c28769ba6e02') in 0.022723858 seconds
Refreshing native plugins compatible for Editor in 0.46 ms, found 0 plugins.
Preloading 0 native plugins for Editor in 0.00 ms.
Asset Pipeline Refresh (id=6b8e3a1b1a4abcd1a92c738d29ecd1d5): Total: 0.060 seconds - Initiated by StopAssetImportingV2(NoUpdateAssetOptions)
Start importing Assets/_Project/Generated/Art/Icons/icon_stretchy_gum.png using Guid(a678610ddb671772e9caf5836b80ae5d) (TextureImporter) -> (artifact id: '6545ea5d6c1de3b37a1a5d4b833df1b4') in 0.003813752 seconds
Refreshing native plugins compatible for Editor in 0.44 ms, found 0 plugins.
Preloading 0 native plugins for Editor in 0.00 ms.
Asset Pipeline Refresh (id=a94ac023aa8dff2d7a80fc9197d98c58): Total: 0.016 seconds - Initiated by StopAssetImportingV2(NoUpdateAssetOptions)
Start importing Assets/_Project/Generated/Data/Passives/stretchy_gum.asset using Guid(084d499d56aa28371b022b1ba6b93d88) (NativeFormatImporter) -> (artifact id: 'ee8176cecdc622aef67edcd81dcc6cab') in 0.001032753 seconds
Refreshing native plugins compatible for Editor in 0.46 ms, found 0 plugins.
Preloading 0 native plugins for Editor in 0.00 ms.
Asset Pipeline Refresh (id=d855f2ce11ccad1c497d6a0aed59cce5): Total: 0.035 seconds - Initiated by StopAssetImportingV2(NoUpdateAssetOptions)
Start importing Assets/_Project/Generated/Art/Icons/icon_battery_collar.png using Guid(61fe4dc45be511a1585014a3e3a61a62) (TextureImporter) -> (artifact id: '03ec964b0d03dc429fce5bb0e0b39ebe') in 0.022767162 seconds
Refreshing native plugins compatible for Editor in 0.45 ms, found 0 plugins.
Preloading 0 native plugins for Editor in 0.00 ms.
Asset Pipeline Refresh (id=3ad96edcc56929d568fdfcf6b58b2124): Total: 0.032 seconds - Initiated by StopAssetImportingV2(NoUpdateAssetOptions)
Start importing Assets/_Project/Generated/Art/Icons/icon_battery_collar.png using Guid(61fe4dc45be511a1585014a3e3a61a62) (TextureImporter) -> (artifact id: '8c97a6775a2ebd5e4ea469c91c8eb9b6') in 0.003669628 seconds
Refreshing native plugins compatible for Editor in 0.48 ms, found 0 plugins.
Preloading 0 native plugins for Editor in 0.00 ms.
Asset Pipeline Refresh (id=58df7ca92deb1df5591c6f6b2ed9fba2): Total: 0.044 seconds - Initiated by StopAssetImportingV2(NoUpdateAssetOptions)
Start importing Assets/_Project/Generated/Data/Passives/battery_collar.asset using Guid(c814a7fc13859c409bb2c20fd659dd17) (NativeFormatImporter) -> (artifact id: '5c65b36395a720b66febb375b657301c') in 0.001125721 seconds
Refreshing native plugins compatible for Editor in 0.42 ms, found 0 plugins.
Preloading 0 native plugins for Editor in 0.00 ms.
Asset Pipeline Refresh (id=21e241cd3ad0789288ded33a0fdadc56): Total: 0.009 seconds - Initiated by StopAssetImportingV2(NoUpdateAssetOptions)
Start importing Assets/_Project/Generated/Art/Icons/icon_carrot_shield.png using Guid(34cc97c56b232bcaa9618bd073a7b1fc) (TextureImporter) -> (artifact id: '796188072fa6bbe14ceb846e97085329') in 0.024319427 seconds
Refreshing native plugins compatible for Editor in 0.46 ms, found 0 plugins.
Preloading 0 native plugins for Editor in 0.00 ms.
Asset Pipeline Refresh (id=34ca29d55c208806886cb4da49bd599b): Total: 0.062 seconds - Initiated by StopAssetImportingV2(NoUpdateAssetOptions)
Start importing Assets/_Project/Generated/Art/Icons/icon_carrot_shield.png using Guid(34cc97c56b232bcaa9618bd073a7b1fc) (TextureImporter) -> (artifact id: '91b7abd533efd3f079f8f7ea855f9155') in 0.003805189 seconds
Refreshing native plugins compatible for Editor in 0.45 ms, found 0 plugins.
Preloading 0 native plugins for Editor in 0.00 ms.
Asset Pipeline Refresh (id=4696f6b12f6b69a48a27f2725578b960): Total: 0.016 seconds - Initiated by StopAssetImportingV2(NoUpdateAssetOptions)
Start importing Assets/_Project/Generated/Data/Passives/carrot_shield.asset using Guid(002677a67042952f3862aba99eeb77bd) (NativeFormatImporter) -> (artifact id: '213198d0fa5cab0a847cd844ccb6dfda') in 0.001070039 seconds
Refreshing native plugins compatible for Editor in 0.45 ms, found 0 plugins.
Preloading 0 native plugins for Editor in 0.00 ms.
Asset Pipeline Refresh (id=c8a99ca8987a55e8fae27593b4344fc8): Total: 0.036 seconds - Initiated by StopAssetImportingV2(NoUpdateAssetOptions)
Start importing Assets/_Project/Generated/Art/Icons/icon_sharp_claws.png using Guid(43b79ddf10d99755685f07f5ef91f8f8) (TextureImporter) -> (artifact id: '6d0b1630e79f500349149be1ac21d315') in 0.023776521 seconds
Refreshing native plugins compatible for Editor in 0.47 ms, found 0 plugins.
Preloading 0 native plugins for Editor in 0.00 ms.
Asset Pipeline Refresh (id=0e3d9b9b340c1b02699d1b8f79f660f0): Total: 0.034 seconds - Initiated by StopAssetImportingV2(NoUpdateAssetOptions)
Start importing Assets/_Project/Generated/Art/Icons/icon_sharp_claws.png using Guid(43b79ddf10d99755685f07f5ef91f8f8) (TextureImporter) -> (artifact id: 'dc578a9d9247b65a9981f19f6436a7c1') in 0.004017555 seconds
Refreshing native plugins compatible for Editor in 0.45 ms, found 0 plugins.
Preloading 0 native plugins for Editor in 0.00 ms.
Asset Pipeline Refresh (id=0a6f4192b39b84ed39b3e6f121255507): Total: 0.045 seconds - Initiated by StopAssetImportingV2(NoUpdateAssetOptions)
Start importing Assets/_Project/Generated/Data/Passives/sharp_claws.asset using Guid(fecee65dc0bb4215381502e02e4b5feb) (NativeFormatImporter) -> (artifact id: 'd21099c3da6dc5250942909dc5e48bab') in 0.001194193 seconds
Refreshing native plugins compatible for Editor in 0.41 ms, found 0 plugins.
Preloading 0 native plugins for Editor in 0.00 ms.
Asset Pipeline Refresh (id=428a27a93bf7ca243891f91b7ac472e5): Total: 0.009 seconds - Initiated by StopAssetImportingV2(NoUpdateAssetOptions)
Start importing Assets/_Project/Generated/Art/Icons/icon_double_barrel.png using Guid(cc624bd7a952371a8b2b574e4bc28ee8) (TextureImporter) -> (artifact id: 'aec6a47f0efafab4b56d0720cf07b0f6') in 0.02365479 seconds
Refreshing native plugins compatible for Editor in 0.49 ms, found 0 plugins.
Preloading 0 native plugins for Editor in 0.00 ms.
Asset Pipeline Refresh (id=3e9f6b25ad951da6a86c8732d13ca3ce): Total: 0.062 seconds - Initiated by StopAssetImportingV2(NoUpdateAssetOptions)
Start importing Assets/_Project/Generated/Art/Icons/icon_double_barrel.png using Guid(cc624bd7a952371a8b2b574e4bc28ee8) (TextureImporter) -> (artifact id: 'd59f5a10f5b329adadef44314968aedc') in 0.003732912 seconds
Refreshing native plugins compatible for Editor in 0.44 ms, found 0 plugins.
Preloading 0 native plugins for Editor in 0.00 ms.
Asset Pipeline Refresh (id=3f530f5318119029b9b62b1e8a2ade62): Total: 0.016 seconds - Initiated by StopAssetImportingV2(NoUpdateAssetOptions)
Start importing Assets/_Project/Generated/Data/Passives/double_barrel.asset using Guid(525942d3808ebc4cd88dcde8a7bea400) (NativeFormatImporter) -> (artifact id: '9de3f1c89fc8ae1f61abc4938ceadc92') in 0.001099853 seconds
Refreshing native plugins compatible for Editor in 0.47 ms, found 0 plugins.
Preloading 0 native plugins for Editor in 0.00 ms.
Asset Pipeline Refresh (id=517e0125c5380f7a394ee4f8adff861c): Total: 0.036 seconds - Initiated by StopAssetImportingV2(NoUpdateAssetOptions)
Start importing Assets/_Project/Generated/Art/Icons/icon_tiger_eye.png using Guid(0d7c4d26a07f32a6481d4c49aead4810) (TextureImporter) -> (artifact id: '7ff06d4b0d17d4834219a6efaf909835') in 0.023467992 seconds
Refreshing native plugins compatible for Editor in 0.46 ms, found 0 plugins.
Preloading 0 native plugins for Editor in 0.00 ms.
Asset Pipeline Refresh (id=d477aa5c5535440b8aefcb20f5728c52): Total: 0.033 seconds - Initiated by StopAssetImportingV2(NoUpdateAssetOptions)
Start importing Assets/_Project/Generated/Art/Icons/icon_tiger_eye.png using Guid(0d7c4d26a07f32a6481d4c49aead4810) (TextureImporter) -> (artifact id: '24c38212a2277dbde164b7beb5ac204a') in 0.003877126 seconds
Refreshing native plugins compatible for Editor in 0.47 ms, found 0 plugins.
Preloading 0 native plugins for Editor in 0.00 ms.
Asset Pipeline Refresh (id=7568761adc3dcda8193ca317f8081996): Total: 0.051 seconds - Initiated by StopAssetImportingV2(NoUpdateAssetOptions)
Start importing Assets/_Project/Generated/Data/Passives/tiger_eye.asset using Guid(de8c2744e79a8615db610c5e6d24e256) (NativeFormatImporter) -> (artifact id: '34b85f32d464411b54aff5adad5fa2e3') in 0.001154053 seconds
Refreshing native plugins compatible for Editor in 0.44 ms, found 0 plugins.
Preloading 0 native plugins for Editor in 0.00 ms.
Asset Pipeline Refresh (id=88fdca8aacc3bbefd87e4a9ea4c8ae79): Total: 0.009 seconds - Initiated by StopAssetImportingV2(NoUpdateAssetOptions)
Start importing Assets/_Project/Generated/Art/Icons/icon_glass_cannon.png using Guid(e63172814565162cbbbe4acc3eb5058b) (TextureImporter) -> (artifact id: 'c24010c6f123690dba59eb8b08590b1a') in 0.021780207 seconds
Refreshing native plugins compatible for Editor in 0.49 ms, found 0 plugins.
Preloading 0 native plugins for Editor in 0.00 ms.
Asset Pipeline Refresh (id=4e39cc89f55a7d05d8767cbb55cb2718): Total: 0.071 seconds - Initiated by StopAssetImportingV2(NoUpdateAssetOptions)
Start importing Assets/_Project/Generated/Art/Icons/icon_glass_cannon.png using Guid(e63172814565162cbbbe4acc3eb5058b) (TextureImporter) -> (artifact id: 'fafff283aa16d7d1dfeb1601ff987f80') in 0.003955002 seconds
Refreshing native plugins compatible for Editor in 0.47 ms, found 0 plugins.
Preloading 0 native plugins for Editor in 0.00 ms.
Asset Pipeline Refresh (id=401fa68e4f7d957b8a5bb4c777c3c1c8): Total: 0.018 seconds - Initiated by StopAssetImportingV2(NoUpdateAssetOptions)
Start importing Assets/_Project/Generated/Data/Passives/glass_cannon.asset using Guid(71b1b6f1dcbefb525be53b65f1806253) (NativeFormatImporter) -> (artifact id: 'b7f67d5266462bda2581b44bf3d8a26c') in 0.001172861 seconds
Refreshing native plugins compatible for Editor in 0.50 ms, found 0 plugins.
Preloading 0 native plugins for Editor in 0.00 ms.
Asset Pipeline Refresh (id=f2702c386e4c850659cfbfa035bf1f97): Total: 0.049 seconds - Initiated by StopAssetImportingV2(NoUpdateAssetOptions)
Start importing Assets/_Project/Generated/Art/Icons/icon_last_stand.png using Guid(ee13b84095b5e1190b76424d7bbe0279) (TextureImporter) -> (artifact id: 'e4fc495f3e6ce4b4be4026cde982c4e0') in 0.023853645 seconds
Refreshing native plugins compatible for Editor in 0.46 ms, found 0 plugins.
Preloading 0 native plugins for Editor in 0.00 ms.
Asset Pipeline Refresh (id=cfcb97ac972fed9a59f163e57fa3bdec): Total: 0.033 seconds - Initiated by StopAssetImportingV2(NoUpdateAssetOptions)
Start importing Assets/_Project/Generated/Art/Icons/icon_last_stand.png using Guid(ee13b84095b5e1190b76424d7bbe0279) (TextureImporter) -> (artifact id: 'ebc3b1589c421eef759f39959564873c') in 0.003743789 seconds
Refreshing native plugins compatible for Editor in 0.44 ms, found 0 plugins.
Preloading 0 native plugins for Editor in 0.00 ms.
Asset Pipeline Refresh (id=401e9a6847db8af0e813f4c3a4d50cb2): Total: 0.054 seconds - Initiated by StopAssetImportingV2(NoUpdateAssetOptions)
Start importing Assets/_Project/Generated/Data/Passives/last_stand.asset using Guid(d7a69fc7639dd99a28b459d0a70a2fa4) (NativeFormatImporter) -> (artifact id: 'e4f933b8ad54cbf3df928cb91d3274bc') in 0.001106012 seconds
Refreshing native plugins compatible for Editor in 0.39 ms, found 0 plugins.
Preloading 0 native plugins for Editor in 0.00 ms.
Asset Pipeline Refresh (id=25008d34b76826c1298d940b40ae2f7b): Total: 0.008 seconds - Initiated by StopAssetImportingV2(NoUpdateAssetOptions)
Start importing Assets/_Project/Generated/Art/Icons/icon_sugar_heart.png using Guid(69324793cc887d787a82992e1afb943c) (TextureImporter) -> (artifact id: 'f8309f7fe1ec432ef87ff37dd820d960') in 0.022425224 seconds
Refreshing native plugins compatible for Editor in 0.45 ms, found 0 plugins.
Preloading 0 native plugins for Editor in 0.00 ms.
Asset Pipeline Refresh (id=dcc59bb5e9e23106ba8e2eb4182e8d5c): Total: 0.069 seconds - Initiated by StopAssetImportingV2(NoUpdateAssetOptions)
Start importing Assets/_Project/Generated/Art/Icons/icon_sugar_heart.png using Guid(69324793cc887d787a82992e1afb943c) (TextureImporter) -> (artifact id: '2a30020163f864455397451271164984') in 0.003818298 seconds
Refreshing native plugins compatible for Editor in 0.42 ms, found 0 plugins.
Preloading 0 native plugins for Editor in 0.00 ms.
Asset Pipeline Refresh (id=86d51d302d7009d51967d297ec2b8bf3): Total: 0.017 seconds - Initiated by StopAssetImportingV2(NoUpdateAssetOptions)
Start importing Assets/_Project/Generated/Data/Passives/sugar_heart.asset using Guid(f91cf612fe2f6241ba258f930fab2e4b) (NativeFormatImporter) -> (artifact id: '93adc257c2e227cf9a56b14d5083d0b9') in 0.00105689 seconds
Refreshing native plugins compatible for Editor in 0.46 ms, found 0 plugins.
Preloading 0 native plugins for Editor in 0.00 ms.
Asset Pipeline Refresh (id=8a9783e8bc2dc5020b32316d23494812): Total: 0.046 seconds - Initiated by StopAssetImportingV2(NoUpdateAssetOptions)
Start importing Assets/_Project/Generated/Art/Icons/icon_golden_paw.png using Guid(4f3bca21a93241ae89c78d6f35f9e0b4) (TextureImporter) -> (artifact id: 'bb545ab6f0bb22b4671776db718d291c') in 0.023805544 seconds
Refreshing native plugins compatible for Editor in 0.42 ms, found 0 plugins.
Preloading 0 native plugins for Editor in 0.00 ms.
Asset Pipeline Refresh (id=5d6ba4c353a490770b4c00244ef3bcd7): Total: 0.033 seconds - Initiated by StopAssetImportingV2(NoUpdateAssetOptions)
Start importing Assets/_Project/Generated/Art/Icons/icon_golden_paw.png using Guid(4f3bca21a93241ae89c78d6f35f9e0b4) (TextureImporter) -> (artifact id: 'e9efd4aed35f0f51ec92fb60d5687993') in 0.003703699 seconds
Refreshing native plugins compatible for Editor in 0.45 ms, found 0 plugins.
Preloading 0 native plugins for Editor in 0.00 ms.
Asset Pipeline Refresh (id=3f6d426639366d941a434940fd44a134): Total: 0.052 seconds - Initiated by StopAssetImportingV2(NoUpdateAssetOptions)
Start importing Assets/_Project/Generated/Data/Passives/golden_paw.asset using Guid(589b9349362537e2dad5afa0f4782b1d) (NativeFormatImporter) -> (artifact id: '618bd80f0dd1fb9df10b56405ffa80f5') in 0.001123187 seconds
Refreshing native plugins compatible for Editor in 0.40 ms, found 0 plugins.
Preloading 0 native plugins for Editor in 0.00 ms.
Asset Pipeline Refresh (id=36a54eed28362d0bf9b22af4723886e9): Total: 0.008 seconds - Initiated by StopAssetImportingV2(NoUpdateAssetOptions)
Start importing Assets/_Project/Generated/Art/Icons/icon_wise_owl.png using Guid(ea1792b0f6074eaceb72d6520b010114) (TextureImporter) -> (artifact id: 'd1beae5aadf32bb4c710520e84dbee6b') in 0.02203168 seconds
Refreshing native plugins compatible for Editor in 0.44 ms, found 0 plugins.
Preloading 0 native plugins for Editor in 0.00 ms.
Asset Pipeline Refresh (id=d3db4f10462da78e2884664aea952356): Total: 0.068 seconds - Initiated by StopAssetImportingV2(NoUpdateAssetOptions)
Start importing Assets/_Project/Generated/Art/Icons/icon_wise_owl.png using Guid(ea1792b0f6074eaceb72d6520b010114) (TextureImporter) -> (artifact id: 'fd5b0c4d2a3a935995a9cf5228f79d79') in 0.003770448 seconds
Refreshing native plugins compatible for Editor in 0.40 ms, found 0 plugins.
Preloading 0 native plugins for Editor in 0.00 ms.
Asset Pipeline Refresh (id=22821f27e309e7e35a96c62e4902e389): Total: 0.017 seconds - Initiated by StopAssetImportingV2(NoUpdateAssetOptions)
Start importing Assets/_Project/Generated/Data/Passives/wise_owl.asset using Guid(265c2230c42a0e264b52e3626f0e4d20) (NativeFormatImporter) -> (artifact id: '1200ba8beff87d2f13edac15207a1d32') in 0.001073394 seconds
Refreshing native plugins compatible for Editor in 0.45 ms, found 0 plugins.
Preloading 0 native plugins for Editor in 0.00 ms.
Asset Pipeline Refresh (id=1adc1945137872cc5839767a3397afdd): Total: 0.044 seconds - Initiated by StopAssetImportingV2(NoUpdateAssetOptions)
Start importing Assets/_Project/Generated/Art/Icons/icon_turtle_shell.png using Guid(82d621bd30a747559a8d78d73e7263d2) (TextureImporter) -> (artifact id: 'a7dfb055a862385ac66d6a753b508fb6') in 0.023773517 seconds
Refreshing native plugins compatible for Editor in 0.44 ms, found 0 plugins.
Preloading 0 native plugins for Editor in 0.00 ms.
Asset Pipeline Refresh (id=0447505618eb753929a7250d48657cc4): Total: 0.033 seconds - Initiated by StopAssetImportingV2(NoUpdateAssetOptions)
Start importing Assets/_Project/Generated/Art/Icons/icon_turtle_shell.png using Guid(82d621bd30a747559a8d78d73e7263d2) (TextureImporter) -> (artifact id: '213a43dd9bc1fcfafc4c857f13ec5c59') in 0.003659063 seconds
Refreshing native plugins compatible for Editor in 0.46 ms, found 0 plugins.
Preloading 0 native plugins for Editor in 0.00 ms.
Asset Pipeline Refresh (id=b32dafb9590b31ae1a772b0c48644c1b): Total: 0.056 seconds - Initiated by StopAssetImportingV2(NoUpdateAssetOptions)
Start importing Assets/_Project/Generated/Data/Passives/turtle_shell.asset using Guid(fe2d41d80a1afc7d188f4ccc3689e4f2) (NativeFormatImporter) -> (artifact id: '303909ede00baf014fc78e458129bae4') in 0.001209716 seconds
Refreshing native plugins compatible for Editor in 0.43 ms, found 0 plugins.
Preloading 0 native plugins for Editor in 0.00 ms.
Asset Pipeline Refresh (id=868b2cf258ece27f0b080bb9422493c1): Total: 0.009 seconds - Initiated by StopAssetImportingV2(NoUpdateAssetOptions)
Start importing Assets/_Project/Generated/Art/Icons/icon_lucky_clover.png using Guid(00a11a38a22f10be5b2ae074d04d57b8) (TextureImporter) -> (artifact id: 'fd41a2735cc6e17235ba9b462ef12657') in 0.022346007 seconds
Refreshing native plugins compatible for Editor in 0.46 ms, found 0 plugins.
Preloading 0 native plugins for Editor in 0.00 ms.
Asset Pipeline Refresh (id=97eaf8000ec9bf4e08192d6dba2e223f): Total: 0.069 seconds - Initiated by StopAssetImportingV2(NoUpdateAssetOptions)
Start importing Assets/_Project/Generated/Art/Icons/icon_lucky_clover.png using Guid(00a11a38a22f10be5b2ae074d04d57b8) (TextureImporter) -> (artifact id: 'e0527c87fa14268060aa83cf06109e88') in 0.003847503 seconds
Refreshing native plugins compatible for Editor in 0.43 ms, found 0 plugins.
Preloading 0 native plugins for Editor in 0.00 ms.
Asset Pipeline Refresh (id=700aebf06421f504c900d6c004d74731): Total: 0.017 seconds - Initiated by StopAssetImportingV2(NoUpdateAssetOptions)
Start importing Assets/_Project/Generated/Data/Passives/lucky_clover.asset using Guid(39b1ec1f78bbd5111a9ee9de30f61aeb) (NativeFormatImporter) -> (artifact id: '61b4433b59cedb5a286569942375b23e') in 0.001093924 seconds
Refreshing native plugins compatible for Editor in 0.45 ms, found 0 plugins.
Preloading 0 native plugins for Editor in 0.00 ms.
Asset Pipeline Refresh (id=f3115aa84919aff0c893317e7cb7987e): Total: 0.045 seconds - Initiated by StopAssetImportingV2(NoUpdateAssetOptions)
Start importing Assets/_Project/Generated/Prefabs using Guid(20455e538c916c106aa1118571285595) (DefaultImporter) -> (artifact id: '5d202d76135048c2cb09563dbcd9c515') in 0.000980545 seconds
Refreshing native plugins compatible for Editor in 0.43 ms, found 0 plugins.
Preloading 0 native plugins for Editor in 0.00 ms.
Asset Pipeline Refresh (id=e7c8e6b4f6af9c026b5e18d77aef3be3): Total: 0.009 seconds - Initiated by StopAssetImportingV2(NoUpdateAssetOptions)
Start importing Assets/_Project/Generated/Prefabs/W_FeatherStorm.prefab using Guid(00c99252d266148bbb0d7d2a9859b1b1) (PrefabImporter) -> (artifact id: 'ae0502aaf85f403a6a2f065133b8f637') in 0.002143152 seconds
Refreshing native plugins compatible for Editor in 0.46 ms, found 0 plugins.
Preloading 0 native plugins for Editor in 0.00 ms.
Asset Pipeline Refresh (id=1e65c46b98308a2b5889878e0c61316f): Total: 0.047 seconds - Initiated by StopAssetImportingV2(NoUpdateAssetOptions)
Start importing Assets/_Project/Generated/Art/Icons/icon_feather_storm.png using Guid(305c53ed858723af3afe7774a5a3b51a) (TextureImporter) -> (artifact id: '325650560a1a1c44b4699f0db5b082e2') in 0.023249579 seconds
Refreshing native plugins compatible for Editor in 0.43 ms, found 0 plugins.
Preloading 0 native plugins for Editor in 0.00 ms.
Asset Pipeline Refresh (id=faee631d96cbfa8b8a45f5043df3ea83): Total: 0.032 seconds - Initiated by StopAssetImportingV2(NoUpdateAssetOptions)
Start importing Assets/_Project/Generated/Art/Icons/icon_feather_storm.png using Guid(305c53ed858723af3afe7774a5a3b51a) (TextureImporter) -> (artifact id: 'b91bc92067c7c73cebc1a2f13dc09fb9') in 0.00361685 seconds
Refreshing native plugins compatible for Editor in 0.43 ms, found 0 plugins.
Preloading 0 native plugins for Editor in 0.00 ms.
Asset Pipeline Refresh (id=b16f9f9235cc6ea0f9a9629a2cf61ff3): Total: 0.052 seconds - Initiated by StopAssetImportingV2(NoUpdateAssetOptions)
Start importing Assets/_Project/Generated/Data/Weapons using Guid(64fad9871da19fcc4b462c652b13f058) (DefaultImporter) -> (artifact id: 'efb5ae18569bbfe36a79d9f10371db39') in 0.000974607 seconds
Refreshing native plugins compatible for Editor in 0.41 ms, found 0 plugins.
Preloading 0 native plugins for Editor in 0.00 ms.
Asset Pipeline Refresh (id=4f2b828cb827b66efab7a9f6830be8bb): Total: 0.008 seconds - Initiated by StopAssetImportingV2(NoUpdateAssetOptions)
Start importing Assets/_Project/Generated/Data/Weapons/feather_storm.asset using Guid(e9b13976e2311dde9ab44a4181bdca20) (NativeFormatImporter) -> (artifact id: 'ccfd69afe3b966b69851b6dd37dee8e3') in 0.001109167 seconds
Refreshing native plugins compatible for Editor in 0.44 ms, found 0 plugins.
Preloading 0 native plugins for Editor in 0.00 ms.
Asset Pipeline Refresh (id=cbd9314d3131e66c092a8dda3224f412): Total: 0.046 seconds - Initiated by StopAssetImportingV2(NoUpdateAssetOptions)
Start importing Assets/_Project/Generated/Prefabs/W_FeatherBlaster.prefab using Guid(5433795e73c57d0bb8897ed39e5e505f) (PrefabImporter) -> (artifact id: '2c1e0322232a15342566a03c1c221f3a') in 0.002017586 seconds
Refreshing native plugins compatible for Editor in 0.40 ms, found 0 plugins.
Preloading 0 native plugins for Editor in 0.00 ms.
Asset Pipeline Refresh (id=a7db2bc1bf42476429c9d7a43293ffc6): Total: 0.010 seconds - Initiated by StopAssetImportingV2(NoUpdateAssetOptions)
Start importing Assets/_Project/Generated/Art/Icons/icon_feather_blaster.png using Guid(69a07c2281b32556daa0b37757a0cd06) (TextureImporter) -> (artifact id: '6855fb13c62298a41f7009fec423a004') in 0.022035476 seconds
Refreshing native plugins compatible for Editor in 0.44 ms, found 0 plugins.
Preloading 0 native plugins for Editor in 0.00 ms.
Asset Pipeline Refresh (id=24f255a7be15b2e81ae48e12b4767e1a): Total: 0.068 seconds - Initiated by StopAssetImportingV2(NoUpdateAssetOptions)
Start importing Assets/_Project/Generated/Art/Icons/icon_feather_blaster.png using Guid(69a07c2281b32556daa0b37757a0cd06) (TextureImporter) -> (artifact id: '395b396b21f91b92f4a401fbed81d1f7') in 0.00371848 seconds
Refreshing native plugins compatible for Editor in 0.40 ms, found 0 plugins.
Preloading 0 native plugins for Editor in 0.00 ms.
Asset Pipeline Refresh (id=725b10607cf9df7cc96f6e48cf0e43f9): Total: 0.016 seconds - Initiated by StopAssetImportingV2(NoUpdateAssetOptions)
Start importing Assets/_Project/Generated/Data/Weapons/feather_blaster.asset using Guid(31d5c6de9d239e0cf91e3682ede5a26d) (NativeFormatImporter) -> (artifact id: '1f76b7333eb2f72bba338bd81ee54dc0') in 0.00108412 seconds
Refreshing native plugins compatible for Editor in 0.43 ms, found 0 plugins.
Preloading 0 native plugins for Editor in 0.00 ms.
Asset Pipeline Refresh (id=0784b86662214a8a798b527cbb28b0dc): Total: 0.044 seconds - Initiated by StopAssetImportingV2(NoUpdateAssetOptions)
Start importing Assets/_Project/Generated/Prefabs/W_SupernovaOmelette.prefab using Guid(8019198d17a12bcf996d47bf0d0b6e26) (PrefabImporter) -> (artifact id: 'fef75d58eb30145342334f9acadec7d1') in 0.002091005 seconds
Refreshing native plugins compatible for Editor in 0.40 ms, found 0 plugins.
Preloading 0 native plugins for Editor in 0.00 ms.
Asset Pipeline Refresh (id=5c033e256eabcc646b60dd91d75ec513): Total: 0.009 seconds - Initiated by StopAssetImportingV2(NoUpdateAssetOptions)
Start importing Assets/_Project/Generated/Art/Icons/icon_supernova_omelette.png using Guid(dfd144bfc3666d445a68362dc42a6ee2) (TextureImporter) -> (artifact id: '9b59a31dfa30cf3e6ea4071acad3cb4b') in 0.023936228 seconds
Refreshing native plugins compatible for Editor in 0.46 ms, found 0 plugins.
Preloading 0 native plugins for Editor in 0.00 ms.
Asset Pipeline Refresh (id=899f695f09686820b8a7a1cc64555f7d): Total: 0.070 seconds - Initiated by StopAssetImportingV2(NoUpdateAssetOptions)
Start importing Assets/_Project/Generated/Art/Icons/icon_supernova_omelette.png using Guid(dfd144bfc3666d445a68362dc42a6ee2) (TextureImporter) -> (artifact id: 'bcfe13e774042c360868ced310c71a83') in 0.00385891 seconds
Refreshing native plugins compatible for Editor in 0.40 ms, found 0 plugins.
Preloading 0 native plugins for Editor in 0.00 ms.
Asset Pipeline Refresh (id=f59b088a01e1da5e4acba5677b1a6985): Total: 0.017 seconds - Initiated by StopAssetImportingV2(NoUpdateAssetOptions)
Start importing Assets/_Project/Generated/Data/Weapons/supernova_omelette.asset using Guid(52c5f1d60c5109ea38f3f3cd67f8c0d3) (NativeFormatImporter) -> (artifact id: 'd7b2db09449a690c43b6a56445b425c1') in 0.001091411 seconds
Refreshing native plugins compatible for Editor in 0.46 ms, found 0 plugins.
Preloading 0 native plugins for Editor in 0.00 ms.
Asset Pipeline Refresh (id=8fd015097f50763379f71c46187a7380): Total: 0.044 seconds - Initiated by StopAssetImportingV2(NoUpdateAssetOptions)
Start importing Assets/_Project/Generated/Prefabs/W_EggMortar.prefab using Guid(1f4ace65d2bd50f8893803e213a17056) (PrefabImporter) -> (artifact id: '32b4a2e5ea6308cb6678c66d82a3d072') in 0.001871629 seconds
Refreshing native plugins compatible for Editor in 0.41 ms, found 0 plugins.
Preloading 0 native plugins for Editor in 0.00 ms.
Asset Pipeline Refresh (id=8119a608c544578cbbcb68d11033cbb9): Total: 0.009 seconds - Initiated by StopAssetImportingV2(NoUpdateAssetOptions)
Start importing Assets/_Project/Generated/Art/Icons/icon_egg_mortar.png using Guid(279498e150607e53f977c5123aaac20f) (TextureImporter) -> (artifact id: '3e9e6dce8ac1ebdb109eb28049bd3407') in 0.023343137 seconds
Refreshing native plugins compatible for Editor in 0.44 ms, found 0 plugins.
Preloading 0 native plugins for Editor in 0.00 ms.
Asset Pipeline Refresh (id=d0faab4a1b24069ad8e344b6438f8aef): Total: 0.069 seconds - Initiated by StopAssetImportingV2(NoUpdateAssetOptions)
Start importing Assets/_Project/Generated/Art/Icons/icon_egg_mortar.png using Guid(279498e150607e53f977c5123aaac20f) (TextureImporter) -> (artifact id: '6469f9220683ba7bcb52c946d8b505d1') in 0.003726783 seconds
Refreshing native plugins compatible for Editor in 0.43 ms, found 0 plugins.
Preloading 0 native plugins for Editor in 0.00 ms.
Asset Pipeline Refresh (id=27e31de16935219ee91fb433f283bd32): Total: 0.016 seconds - Initiated by StopAssetImportingV2(NoUpdateAssetOptions)
Start importing Assets/_Project/Generated/Data/Weapons/egg_mortar.asset using Guid(a8de9e85a9b9ef78d9871d7e03b0dfe4) (NativeFormatImporter) -> (artifact id: 'b2162d374a12c6a6615fa7af2bb247d7') in 0.001040394 seconds
Refreshing native plugins compatible for Editor in 0.44 ms, found 0 plugins.
Preloading 0 native plugins for Editor in 0.00 ms.
Asset Pipeline Refresh (id=6066543250083ba349d7678769304629): Total: 0.044 seconds - Initiated by StopAssetImportingV2(NoUpdateAssetOptions)
Start importing Assets/_Project/Generated/Prefabs/W_GalaxyVortex.prefab using Guid(54dc0c1fddbfb5051a775b512a2f690a) (PrefabImporter) -> (artifact id: 'f29bdde7d6b1acdf144754aa5cf988fe') in 0.002005537 seconds
Refreshing native plugins compatible for Editor in 0.40 ms, found 0 plugins.
Preloading 0 native plugins for Editor in 0.00 ms.
Asset Pipeline Refresh (id=94aefe392a4797ba59df7228bb24550d): Total: 0.009 seconds - Initiated by StopAssetImportingV2(NoUpdateAssetOptions)
Start importing Assets/_Project/Generated/Art/Icons/icon_galaxy_vortex.png using Guid(94e1fe7b79bcbc2f68aaa3fd9bda3d1f) (TextureImporter) -> (artifact id: 'ded14fc5fae999f7067edb31de70a3fb') in 0.022788003 seconds
Refreshing native plugins compatible for Editor in 0.45 ms, found 0 plugins.
Preloading 0 native plugins for Editor in 0.00 ms.
Asset Pipeline Refresh (id=c98f10e38bb1a3293abf85894f33a84f): Total: 0.069 seconds - Initiated by StopAssetImportingV2(NoUpdateAssetOptions)
Start importing Assets/_Project/Generated/Art/Icons/icon_galaxy_vortex.png using Guid(94e1fe7b79bcbc2f68aaa3fd9bda3d1f) (TextureImporter) -> (artifact id: '652b514e7716a3e3987b78bd40b64b88') in 0.003776547 seconds
Refreshing native plugins compatible for Editor in 0.42 ms, found 0 plugins.
Preloading 0 native plugins for Editor in 0.00 ms.
Asset Pipeline Refresh (id=25abc43b7bc159005bb0b00eedf903ef): Total: 0.017 seconds - Initiated by StopAssetImportingV2(NoUpdateAssetOptions)
Start importing Assets/_Project/Generated/Data/Weapons/galaxy_vortex.asset using Guid(fda4836beba9da05a96a49df8d747cdc) (NativeFormatImporter) -> (artifact id: '1ed4ced55c16432f331d1caa86f6124b') in 0.001039673 seconds
Refreshing native plugins compatible for Editor in 0.43 ms, found 0 plugins.
Preloading 0 native plugins for Editor in 0.00 ms.
Asset Pipeline Refresh (id=9ceeab348ad5458f385d367a491db23f): Total: 0.044 seconds - Initiated by StopAssetImportingV2(NoUpdateAssetOptions)
Start importing Assets/_Project/Generated/Prefabs/W_StarBoomerang.prefab using Guid(2671ee2886eaef89b86a0d753b23c55e) (PrefabImporter) -> (artifact id: 'f1d8d26a3b5d95bf69fa212c302265b9') in 0.001917086 seconds
Refreshing native plugins compatible for Editor in 0.40 ms, found 0 plugins.
Preloading 0 native plugins for Editor in 0.00 ms.
Asset Pipeline Refresh (id=bc6cac37fb33c526db5efa2a6e0b5932): Total: 0.009 seconds - Initiated by StopAssetImportingV2(NoUpdateAssetOptions)
Start importing Assets/_Project/Generated/Art/Icons/icon_star_boomerang.png using Guid(96533be783de9750884e5df7d5a527ef) (TextureImporter) -> (artifact id: '6b5f0e06491fc5bba1a81dc8ab62bae5') in 0.021889099 seconds
Refreshing native plugins compatible for Editor in 0.57 ms, found 0 plugins.
Preloading 0 native plugins for Editor in 0.00 ms.
Asset Pipeline Refresh (id=7802d8913ae1753d5a35473042148bf6): Total: 0.072 seconds - Initiated by StopAssetImportingV2(NoUpdateAssetOptions)
Start importing Assets/_Project/Generated/Art/Icons/icon_star_boomerang.png using Guid(96533be783de9750884e5df7d5a527ef) (TextureImporter) -> (artifact id: 'b88ef1a02828e6ef2bbb7170bec462e7') in 0.004355346 seconds
Refreshing native plugins compatible for Editor in 0.41 ms, found 0 plugins.
Preloading 0 native plugins for Editor in 0.00 ms.
Asset Pipeline Refresh (id=223b1e569053f39ae8c5d609a9aba1b2): Total: 0.019 seconds - Initiated by StopAssetImportingV2(NoUpdateAssetOptions)
Start importing Assets/_Project/Generated/Data/Weapons/star_boomerang.asset using Guid(50e39ef55658298308ae859f7f7c08fe) (NativeFormatImporter) -> (artifact id: '73eb2bd22f8759b98055e467c194c1bb') in 0.001026424 seconds
Refreshing native plugins compatible for Editor in 0.44 ms, found 0 plugins.
Preloading 0 native plugins for Editor in 0.00 ms.
Asset Pipeline Refresh (id=eb3328a729a594d52a64cf95485f884b): Total: 0.046 seconds - Initiated by StopAssetImportingV2(NoUpdateAssetOptions)
Start importing Assets/_Project/Generated/Prefabs/W_GumRings.prefab using Guid(2654c6484c1d791b69c042e068219fd9) (PrefabImporter) -> (artifact id: 'dd5a42315080dd0a0a379bb78e9016d8') in 0.002053669 seconds
Refreshing native plugins compatible for Editor in 0.40 ms, found 0 plugins.
Preloading 0 native plugins for Editor in 0.00 ms.
Asset Pipeline Refresh (id=bceb46caeaa7917a1bb4adb183d9405e): Total: 0.009 seconds - Initiated by StopAssetImportingV2(NoUpdateAssetOptions)
Start importing Assets/_Project/Generated/Art/Icons/icon_gum_rings.png using Guid(da128a4ba8ce4d123a6f359a00314b2c) (TextureImporter) -> (artifact id: '66e72579f24502346b0c91d129c8b06c') in 0.025074298 seconds
Refreshing native plugins compatible for Editor in 0.60 ms, found 0 plugins.
Preloading 0 native plugins for Editor in 0.00 ms.
Asset Pipeline Refresh (id=2b7e4e7387de2d1bf83f2078cfcdc45e): Total: 0.086 seconds - Initiated by StopAssetImportingV2(NoUpdateAssetOptions)
Start importing Assets/_Project/Generated/Art/Icons/icon_gum_rings.png using Guid(da128a4ba8ce4d123a6f359a00314b2c) (TextureImporter) -> (artifact id: 'd78662fdae54cd82c3ca2ca17fc2067f') in 0.004381706 seconds
Refreshing native plugins compatible for Editor in 0.55 ms, found 0 plugins.
Preloading 0 native plugins for Editor in 0.00 ms.
Asset Pipeline Refresh (id=95afe3d1388b524c7a40e75fe5998922): Total: 0.021 seconds - Initiated by StopAssetImportingV2(NoUpdateAssetOptions)
Start importing Assets/_Project/Generated/Data/Weapons/gum_rings.asset using Guid(eae78e262cca82d8689923fa6e932723) (NativeFormatImporter) -> (artifact id: 'eea4016c2e23ec555cd899913eaf7de2') in 0.001250837 seconds
Refreshing native plugins compatible for Editor in 0.46 ms, found 0 plugins.
Preloading 0 native plugins for Editor in 0.00 ms.
Asset Pipeline Refresh (id=952dc4efcf1a77e2aa5b8675c40d1331): Total: 0.056 seconds - Initiated by StopAssetImportingV2(NoUpdateAssetOptions)
Start importing Assets/_Project/Generated/Prefabs/W_BubbleOrbit.prefab using Guid(1c22cb9a5ef2b5e36934b77763c9e34d) (PrefabImporter) -> (artifact id: '0a51335082611f6324abc5ecd2abd80f') in 0.001961683 seconds
Refreshing native plugins compatible for Editor in 0.41 ms, found 0 plugins.
Preloading 0 native plugins for Editor in 0.00 ms.
Asset Pipeline Refresh (id=355f861b929889558ac99cd7d8059c71): Total: 0.010 seconds - Initiated by StopAssetImportingV2(NoUpdateAssetOptions)
Start importing Assets/_Project/Generated/Art/Icons/icon_bubble_orbit.png using Guid(5365b6391ec787e528fe7772c3dfca72) (TextureImporter) -> (artifact id: '7eec8f60fd881bce2e5ebeebcf0a8027') in 0.022119842 seconds
Refreshing native plugins compatible for Editor in 11.73 ms, found 0 plugins.
Preloading 0 native plugins for Editor in 0.00 ms.
Asset Pipeline Refresh (id=20ddfbee04b2db37a83dc2bee46992ba): Total: 0.111 seconds - Initiated by StopAssetImportingV2(NoUpdateAssetOptions)
Start importing Assets/_Project/Generated/Art/Icons/icon_bubble_orbit.png using Guid(5365b6391ec787e528fe7772c3dfca72) (TextureImporter) -> (artifact id: '4440dac78d9f5a02aa46d5d9b6c965a9') in 0.003816586 seconds
Refreshing native plugins compatible for Editor in 0.41 ms, found 0 plugins.
Preloading 0 native plugins for Editor in 0.00 ms.
Asset Pipeline Refresh (id=d4398efcc0c28ed3386ac70251a88c84): Total: 0.017 seconds - Initiated by StopAssetImportingV2(NoUpdateAssetOptions)
Start importing Assets/_Project/Generated/Data/Weapons/bubble_orbit.asset using Guid(81b130a130acb20e6b5aac74eb41e4b1) (NativeFormatImporter) -> (artifact id: '1494306583e1d6d0255790127631a2a2') in 0.00101687 seconds
Refreshing native plugins compatible for Editor in 0.46 ms, found 0 plugins.
Preloading 0 native plugins for Editor in 0.00 ms.
Asset Pipeline Refresh (id=084e1b2dc772cb4eb8def9e6d00805d4): Total: 0.036 seconds - Initiated by StopAssetImportingV2(NoUpdateAssetOptions)
Start importing Assets/_Project/Generated/Prefabs/W_StormCat.prefab using Guid(42efd4b6061f86287b6903baf8f48a23) (PrefabImporter) -> (artifact id: '46d16c4ca5f2b59b6d1ad82a748a15bb') in 0.00196628 seconds
Refreshing native plugins compatible for Editor in 0.41 ms, found 0 plugins.
Preloading 0 native plugins for Editor in 0.00 ms.
Asset Pipeline Refresh (id=7e851a7935e4cb98eb9a29bcf9b2ca51): Total: 0.009 seconds - Initiated by StopAssetImportingV2(NoUpdateAssetOptions)
Start importing Assets/_Project/Generated/Art/Icons/icon_storm_cat.png using Guid(3ce16bbe53f8c1bfc8d0e12256d09060) (TextureImporter) -> (artifact id: 'c9d603c40a75c24ba0cfb5b7954d8b48') in 0.02938653 seconds
Refreshing native plugins compatible for Editor in 0.46 ms, found 0 plugins.
Preloading 0 native plugins for Editor in 0.00 ms.
Asset Pipeline Refresh (id=16b421d51d208624db71ac0946246eed): Total: 0.067 seconds - Initiated by StopAssetImportingV2(NoUpdateAssetOptions)
Start importing Assets/_Project/Generated/Art/Icons/icon_storm_cat.png using Guid(3ce16bbe53f8c1bfc8d0e12256d09060) (TextureImporter) -> (artifact id: 'fe0566de78b8b15cf17dd779075d3cef') in 0.003748645 seconds
Refreshing native plugins compatible for Editor in 0.40 ms, found 0 plugins.
Preloading 0 native plugins for Editor in 0.00 ms.
Asset Pipeline Refresh (id=f32b712c22d64ce9d9c615fd7e9f682f): Total: 0.016 seconds - Initiated by StopAssetImportingV2(NoUpdateAssetOptions)
Start importing Assets/_Project/Generated/Data/Weapons/storm_cat.asset using Guid(b1a645be941779cd5832eb3f965ac817) (NativeFormatImporter) -> (artifact id: '900374ae0fb189451cc40859de62cb13') in 0.000985493 seconds
Refreshing native plugins compatible for Editor in 0.42 ms, found 0 plugins.
Preloading 0 native plugins for Editor in 0.00 ms.
Asset Pipeline Refresh (id=914cc331de31326258619692656ab26f): Total: 0.035 seconds - Initiated by StopAssetImportingV2(NoUpdateAssetOptions)
Start importing Assets/_Project/Generated/Prefabs/W_SparkCat.prefab using Guid(545680bcf8b5303388764697f58c9864) (PrefabImporter) -> (artifact id: '8eec386773dc1ce9547cb92ca28e8544') in 0.001827523 seconds
Refreshing native plugins compatible for Editor in 0.40 ms, found 0 plugins.
Preloading 0 native plugins for Editor in 0.00 ms.
Asset Pipeline Refresh (id=65f42be1753c7eef989aa2f57ff3f74b): Total: 0.009 seconds - Initiated by StopAssetImportingV2(NoUpdateAssetOptions)
Start importing Assets/_Project/Generated/Art/Icons/icon_spark_cat.png using Guid(62269d6e8bf9b497ab4471a1aa9e1a98) (TextureImporter) -> (artifact id: 'acafaab909c6a11f1ec55a684dac6d2c') in 0.024184897 seconds
Refreshing native plugins compatible for Editor in 0.44 ms, found 0 plugins.
Preloading 0 native plugins for Editor in 0.00 ms.
Asset Pipeline Refresh (id=ae26444a58f97d1819b27412aea7d27a): Total: 0.061 seconds - Initiated by StopAssetImportingV2(NoUpdateAssetOptions)
Start importing Assets/_Project/Generated/Art/Icons/icon_spark_cat.png using Guid(62269d6e8bf9b497ab4471a1aa9e1a98) (TextureImporter) -> (artifact id: '41ae11465d7e7fb3236c087478033207') in 0.005796976 seconds
Refreshing native plugins compatible for Editor in 0.42 ms, found 0 plugins.
Preloading 0 native plugins for Editor in 0.00 ms.
Asset Pipeline Refresh (id=fd826249b06860a27a05e8832e325434): Total: 0.018 seconds - Initiated by StopAssetImportingV2(NoUpdateAssetOptions)
Start importing Assets/_Project/Generated/Data/Weapons/spark_cat.asset using Guid(671c3a5786ff99a6280bb74f6f2a212f) (NativeFormatImporter) -> (artifact id: 'b9b4052b79988bed68171f4979311c1e') in 0.00099685 seconds
Refreshing native plugins compatible for Editor in 0.45 ms, found 0 plugins.
Preloading 0 native plugins for Editor in 0.00 ms.
Asset Pipeline Refresh (id=542ce06d053bc7be9839e7008eb38212): Total: 0.035 seconds - Initiated by StopAssetImportingV2(NoUpdateAssetOptions)
Start importing Assets/_Project/Generated/Prefabs/W_SharkSwarm.prefab using Guid(203c02e83a769d4799d194490ccf9751) (PrefabImporter) -> (artifact id: '52f140355f7d1102c84a5a3e4822def2') in 0.002367215 seconds
Refreshing native plugins compatible for Editor in 0.41 ms, found 0 plugins.
Preloading 0 native plugins for Editor in 0.00 ms.
Asset Pipeline Refresh (id=a641b11f7d331d74dab75d6c265f286b): Total: 0.010 seconds - Initiated by StopAssetImportingV2(NoUpdateAssetOptions)
Start importing Assets/_Project/Generated/Art/Icons/icon_shark_swarm.png using Guid(68459315bf314815987efea70917dade) (TextureImporter) -> (artifact id: '65f03e55e92dd4016b7219a5eab1c0a2') in 0.023046797 seconds
Refreshing native plugins compatible for Editor in 0.66 ms, found 0 plugins.
Preloading 0 native plugins for Editor in 0.00 ms.
Asset Pipeline Refresh (id=7c59ba6722b41c70cb737120fd7e0b48): Total: 0.068 seconds - Initiated by StopAssetImportingV2(NoUpdateAssetOptions)
Start importing Assets/_Project/Generated/Art/Icons/icon_shark_swarm.png using Guid(68459315bf314815987efea70917dade) (TextureImporter) -> (artifact id: 'e9d13a437dacdb095bf797b61b70ccd2') in 0.003648567 seconds
Refreshing native plugins compatible for Editor in 0.42 ms, found 0 plugins.
Preloading 0 native plugins for Editor in 0.00 ms.
Asset Pipeline Refresh (id=b6649e99fd0fde2df8fdb73efedea5da): Total: 0.016 seconds - Initiated by StopAssetImportingV2(NoUpdateAssetOptions)
Start importing Assets/_Project/Generated/Data/Weapons/shark_swarm.asset using Guid(ccf145f303c401fafb906bbc98e5f038) (NativeFormatImporter) -> (artifact id: '0199703b488510d43d70ed42043df743') in 0.000964041 seconds
Refreshing native plugins compatible for Editor in 0.44 ms, found 0 plugins.
Preloading 0 native plugins for Editor in 0.00 ms.
Asset Pipeline Refresh (id=56c78cb7919178b7697a0502c5acd459): Total: 0.035 seconds - Initiated by StopAssetImportingV2(NoUpdateAssetOptions)
Start importing Assets/_Project/Generated/Prefabs/W_FishMissile.prefab using Guid(4976f799ceaf2537aba4df7ea75c5372) (PrefabImporter) -> (artifact id: '13cca05f4a299af0b2bb1f4e35e49b63') in 0.001790228 seconds
Refreshing native plugins compatible for Editor in 0.41 ms, found 0 plugins.
Preloading 0 native plugins for Editor in 0.00 ms.
Asset Pipeline Refresh (id=a3d6e92c8fa1079cb9b8f26c05dc128f): Total: 0.009 seconds - Initiated by StopAssetImportingV2(NoUpdateAssetOptions)
Start importing Assets/_Project/Generated/Art/Icons/icon_fish_missile.png using Guid(7219b6a7bdcbc93e39f8b934d79b5bc7) (TextureImporter) -> (artifact id: '2718e3e1d9f8213c062f71512d0b626c') in 0.024847781 seconds
Refreshing native plugins compatible for Editor in 0.45 ms, found 0 plugins.
Preloading 0 native plugins for Editor in 0.00 ms.
Asset Pipeline Refresh (id=56df17a5498ed0c51931573c3d42ad21): Total: 0.062 seconds - Initiated by StopAssetImportingV2(NoUpdateAssetOptions)
Start importing Assets/_Project/Generated/Art/Icons/icon_fish_missile.png using Guid(7219b6a7bdcbc93e39f8b934d79b5bc7) (TextureImporter) -> (artifact id: 'f9a58ecd0f4d7719208274edc29881c9') in 0.003782766 seconds
Refreshing native plugins compatible for Editor in 0.42 ms, found 0 plugins.
Preloading 0 native plugins for Editor in 0.00 ms.
Asset Pipeline Refresh (id=026b299d1fbbc643798e56f7062ad702): Total: 0.016 seconds - Initiated by StopAssetImportingV2(NoUpdateAssetOptions)
Start importing Assets/_Project/Generated/Data/Weapons/fish_missile.asset using Guid(b28e1eff5394bdc17b77913407d46238) (NativeFormatImporter) -> (artifact id: '4b4eefc1c2d79f0cd81656b0c04df0b6') in 0.001038221 seconds
Refreshing native plugins compatible for Editor in 0.45 ms, found 0 plugins.
Preloading 0 native plugins for Editor in 0.00 ms.
Asset Pipeline Refresh (id=196fb2d4994cc29e29fa206b70c6dbcb): Total: 0.035 seconds - Initiated by StopAssetImportingV2(NoUpdateAssetOptions)
Start importing Assets/_Project/Generated/Prefabs/W_CosmicYarn.prefab using Guid(76a07e0f35d58b4639aea8e51830130c) (PrefabImporter) -> (artifact id: '03d583df02c36d79f7c85c1d78451b33') in 0.001947441 seconds
Refreshing native plugins compatible for Editor in 0.40 ms, found 0 plugins.
Preloading 0 native plugins for Editor in 0.00 ms.
Asset Pipeline Refresh (id=2613ecb8530ab4def88346f2d144cdc8): Total: 0.009 seconds - Initiated by StopAssetImportingV2(NoUpdateAssetOptions)
Start importing Assets/_Project/Generated/Art/Icons/icon_cosmic_yarn.png using Guid(04590efcd5bb70fa5af0a79379a3a6a9) (TextureImporter) -> (artifact id: '891c51091e12c4bbb51d4fa790a59d72') in 0.024981589 seconds
Refreshing native plugins compatible for Editor in 0.43 ms, found 0 plugins.
Preloading 0 native plugins for Editor in 0.00 ms.
Asset Pipeline Refresh (id=f06fbe15c3274a3ca8c4c4a26557931e): Total: 0.062 seconds - Initiated by StopAssetImportingV2(NoUpdateAssetOptions)
Start importing Assets/_Project/Generated/Art/Icons/icon_cosmic_yarn.png using Guid(04590efcd5bb70fa5af0a79379a3a6a9) (TextureImporter) -> (artifact id: '54fd8119bc408ed0d1dce7e4efdbbe5c') in 0.003722237 seconds
Refreshing native plugins compatible for Editor in 0.44 ms, found 0 plugins.
Preloading 0 native plugins for Editor in 0.00 ms.
Asset Pipeline Refresh (id=e6c76d79758ac6df1abcf12fa35b2231): Total: 0.016 seconds - Initiated by StopAssetImportingV2(NoUpdateAssetOptions)
Start importing Assets/_Project/Generated/Data/Weapons/cosmic_yarn.asset using Guid(77a281c62221b51a7b00296103d1576a) (NativeFormatImporter) -> (artifact id: '1b70983358fc4cc8c4533474bfba0ed5') in 0.001047795 seconds
Refreshing native plugins compatible for Editor in 0.45 ms, found 0 plugins.
Preloading 0 native plugins for Editor in 0.00 ms.
Asset Pipeline Refresh (id=ea5232f62539bbd198f77305f86be438): Total: 0.036 seconds - Initiated by StopAssetImportingV2(NoUpdateAssetOptions)
Start importing Assets/_Project/Generated/Prefabs/W_YarnBall.prefab using Guid(28146330625b4f626b8bddf70477628f) (PrefabImporter) -> (artifact id: 'd5f289d4bf09da117262cfb34656ca6e') in 0.0018721 seconds
Refreshing native plugins compatible for Editor in 0.40 ms, found 0 plugins.
Preloading 0 native plugins for Editor in 0.00 ms.
Asset Pipeline Refresh (id=0452832bcda0f86e9a55f304288eda29): Total: 0.009 seconds - Initiated by StopAssetImportingV2(NoUpdateAssetOptions)
Start importing Assets/_Project/Generated/Art/Icons/icon_yarn_ball.png using Guid(919ff67320cb12a22ad2f5e38b5c6eee) (TextureImporter) -> (artifact id: 'fba50b76b2273ba01b799ad66c5158d9') in 0.02360134 seconds
Refreshing native plugins compatible for Editor in 0.43 ms, found 0 plugins.
Preloading 0 native plugins for Editor in 0.00 ms.
Asset Pipeline Refresh (id=c4e4906a3273fe1818c2e164f7aed0e9): Total: 0.060 seconds - Initiated by StopAssetImportingV2(NoUpdateAssetOptions)
Start importing Assets/_Project/Generated/Art/Icons/icon_yarn_ball.png using Guid(919ff67320cb12a22ad2f5e38b5c6eee) (TextureImporter) -> (artifact id: '9327b19a636a72f77a0b7dd216a32732') in 0.003632884 seconds
Refreshing native plugins compatible for Editor in 0.42 ms, found 0 plugins.
Preloading 0 native plugins for Editor in 0.00 ms.
Asset Pipeline Refresh (id=19e3ff7809b65db3f8c364faa1b8cf64): Total: 0.016 seconds - Initiated by StopAssetImportingV2(NoUpdateAssetOptions)
Start importing Assets/_Project/Generated/Data/Weapons/yarn_ball.asset using Guid(5e9ec41adf140be3bbb0f6aa8fe4e8be) (NativeFormatImporter) -> (artifact id: '6f403663c02c22c8a2b6cae0761cadfc') in 0.001016369 seconds
Refreshing native plugins compatible for Editor in 0.44 ms, found 0 plugins.
Preloading 0 native plugins for Editor in 0.00 ms.
Asset Pipeline Refresh (id=f9e2b7ba2a364fe709194de52c896f4e): Total: 0.035 seconds - Initiated by StopAssetImportingV2(NoUpdateAssetOptions)
Start importing Assets/_Project/Generated/Prefabs/W_mega_chick_cannon.prefab using Guid(bdcd2d55410184b648b5f7056ea601c0) (PrefabImporter) -> (artifact id: '6abfa0d7e9bfd90e714c3b6b14ed3e6c') in 0.001815095 seconds
Refreshing native plugins compatible for Editor in 0.40 ms, found 0 plugins.
Preloading 0 native plugins for Editor in 0.00 ms.
Asset Pipeline Refresh (id=1a9480431eebe11f28556c0cb5f2abe3): Total: 0.009 seconds - Initiated by StopAssetImportingV2(NoUpdateAssetOptions)
Start importing Assets/_Project/Generated/Art/Icons/icon_mega_chick_cannon.png using Guid(8a4db90797554e849be2bfa37ed1ea1a) (TextureImporter) -> (artifact id: 'd9d84a380c5f27034cccace80f3310b8') in 0.02125043 seconds
Refreshing native plugins compatible for Editor in 0.43 ms, found 0 plugins.
Preloading 0 native plugins for Editor in 0.00 ms.
Asset Pipeline Refresh (id=ee3ae3f0de07b15619210768dd660e75): Total: 0.057 seconds - Initiated by StopAssetImportingV2(NoUpdateAssetOptions)
Start importing Assets/_Project/Generated/Art/Icons/icon_mega_chick_cannon.png using Guid(8a4db90797554e849be2bfa37ed1ea1a) (TextureImporter) -> (artifact id: '9dc569f342241e30a2daf14a6d93f79c') in 0.003713644 seconds
Refreshing native plugins compatible for Editor in 0.41 ms, found 0 plugins.
Preloading 0 native plugins for Editor in 0.00 ms.
Asset Pipeline Refresh (id=a8e5f0c4823574c3883da261044569f7): Total: 0.016 seconds - Initiated by StopAssetImportingV2(NoUpdateAssetOptions)
Start importing Assets/_Project/Generated/Data/Weapons/mega_chick_cannon.asset using Guid(a26e4e81d2c2329af95d25f8eb461363) (NativeFormatImporter) -> (artifact id: '7c97ba9ed8953671d80d9d93699fc157') in 0.001026665 seconds
Refreshing native plugins compatible for Editor in 0.42 ms, found 0 plugins.
Preloading 0 native plugins for Editor in 0.00 ms.
Asset Pipeline Refresh (id=b32a06cc7b11d8d3fa1148bf94d047cc): Total: 0.035 seconds - Initiated by StopAssetImportingV2(NoUpdateAssetOptions)
Start importing Assets/_Project/Generated/Prefabs/W_chick_cannon.prefab using Guid(739f22705a3c4b0ddba4bdc11a87b5fc) (PrefabImporter) -> (artifact id: '08fe028066aeb5216d741a374bc08225') in 0.001847082 seconds
Refreshing native plugins compatible for Editor in 0.40 ms, found 0 plugins.
Preloading 0 native plugins for Editor in 0.00 ms.
Asset Pipeline Refresh (id=1a79f92a6dac127fd97b9953dea11f4b): Total: 0.009 seconds - Initiated by StopAssetImportingV2(NoUpdateAssetOptions)
Start importing Assets/_Project/Generated/Art/Icons/icon_chick_cannon.png using Guid(1f429259cd82333fc888f0d6f16c6d39) (TextureImporter) -> (artifact id: '4c0eea83a7d8ea249c91ef2ec1e75fb5') in 0.02091354 seconds
Refreshing native plugins compatible for Editor in 0.45 ms, found 0 plugins.
Preloading 0 native plugins for Editor in 0.00 ms.
Asset Pipeline Refresh (id=836740f4cc2cb152b87634432e9b0811): Total: 0.059 seconds - Initiated by StopAssetImportingV2(NoUpdateAssetOptions)
Start importing Assets/_Project/Generated/Art/Icons/icon_chick_cannon.png using Guid(1f429259cd82333fc888f0d6f16c6d39) (TextureImporter) -> (artifact id: '9ac202edec70850ca59424f18af8a5ad') in 0.003652553 seconds
Refreshing native plugins compatible for Editor in 0.40 ms, found 0 plugins.
Preloading 0 native plugins for Editor in 0.00 ms.
Asset Pipeline Refresh (id=728b601071248b955bc7fa01637e9756): Total: 0.016 seconds - Initiated by StopAssetImportingV2(NoUpdateAssetOptions)
Start importing Assets/_Project/Generated/Data/Weapons/chick_cannon.asset using Guid(5bafd997ce5d7e51d932920f5cb6b7a8) (NativeFormatImporter) -> (artifact id: '64f3e670f2e5807f4a37d19423883f28') in 0.00108474 seconds
Refreshing native plugins compatible for Editor in 0.44 ms, found 0 plugins.
Preloading 0 native plugins for Editor in 0.00 ms.
Asset Pipeline Refresh (id=3c4afa8e8e41f9be38568363c1ec3a91): Total: 0.045 seconds - Initiated by StopAssetImportingV2(NoUpdateAssetOptions)
Start importing Assets/_Project/Generated/Prefabs/W_thunder_pistol.prefab using Guid(5fcb9e2e5364b8896b0f5987b8764e81) (PrefabImporter) -> (artifact id: '4a7d2e595aea4b56d081be5638376853') in 0.00200015 seconds
Refreshing native plugins compatible for Editor in 0.40 ms, found 0 plugins.
Preloading 0 native plugins for Editor in 0.00 ms.
Asset Pipeline Refresh (id=46af335039130799baa0be8e0e8e82db): Total: 0.009 seconds - Initiated by StopAssetImportingV2(NoUpdateAssetOptions)
Start importing Assets/_Project/Generated/Art/Icons/icon_thunder_pistol.png using Guid(2e42c9d846dae638da23f0e4fe245008) (TextureImporter) -> (artifact id: '18afa3d6b601597f5b391e2031a671b8') in 0.022485755 seconds
Refreshing native plugins compatible for Editor in 0.43 ms, found 0 plugins.
Preloading 0 native plugins for Editor in 0.00 ms.
Asset Pipeline Refresh (id=93dd2dcea48412a19bb8c8d2d96a4378): Total: 0.068 seconds - Initiated by StopAssetImportingV2(NoUpdateAssetOptions)
Start importing Assets/_Project/Generated/Art/Icons/icon_thunder_pistol.png using Guid(2e42c9d846dae638da23f0e4fe245008) (TextureImporter) -> (artifact id: '8a211dce2c0ef55f74cf90a747b56f55') in 0.003702707 seconds
Refreshing native plugins compatible for Editor in 0.40 ms, found 0 plugins.
Preloading 0 native plugins for Editor in 0.00 ms.
Asset Pipeline Refresh (id=5cb64dd84dbf57f94b5691440a9f2fac): Total: 0.016 seconds - Initiated by StopAssetImportingV2(NoUpdateAssetOptions)
Start importing Assets/_Project/Generated/Data/Weapons/thunder_pistol.asset using Guid(ec79f0bc964f34f7ea43361aaa099217) (NativeFormatImporter) -> (artifact id: '60424db4840cfd61162f40d8856b817e') in 0.00101686 seconds
Refreshing native plugins compatible for Editor in 0.43 ms, found 0 plugins.
Preloading 0 native plugins for Editor in 0.00 ms.
Asset Pipeline Refresh (id=fc5e49b973004814a996717eab71ed7f): Total: 0.045 seconds - Initiated by StopAssetImportingV2(NoUpdateAssetOptions)
Start importing Assets/_Project/Generated/Prefabs/W_spark_pistol.prefab using Guid(7565e16a47fdb13d6b8eb9b582c16669) (PrefabImporter) -> (artifact id: '6363b97d923ca4a5a8d6949ea1a2e309') in 0.001881383 seconds
Refreshing native plugins compatible for Editor in 0.40 ms, found 0 plugins.
Preloading 0 native plugins for Editor in 0.00 ms.
Asset Pipeline Refresh (id=c01c6cdd2521cbc8eb4e43d982bf5a42): Total: 0.009 seconds - Initiated by StopAssetImportingV2(NoUpdateAssetOptions)
Start importing Assets/_Project/Generated/Art/Icons/icon_spark_pistol.png using Guid(3cd9dd0267c1ef313956c3a6142fb756) (TextureImporter) -> (artifact id: '45d82cf7c53ed817c5c60d9a15fbc824') in 0.021016372 seconds
Refreshing native plugins compatible for Editor in 0.44 ms, found 0 plugins.
Preloading 0 native plugins for Editor in 0.00 ms.
Asset Pipeline Refresh (id=8a84489a24cea7a43a803e3c4a300b97): Total: 0.067 seconds - Initiated by StopAssetImportingV2(NoUpdateAssetOptions)
Start importing Assets/_Project/Generated/Art/Icons/icon_spark_pistol.png using Guid(3cd9dd0267c1ef313956c3a6142fb756) (TextureImporter) -> (artifact id: '3bd467571fc520538b4517c0b0e26309') in 0.003755456 seconds
Refreshing native plugins compatible for Editor in 0.42 ms, found 0 plugins.
Preloading 0 native plugins for Editor in 0.00 ms.
Asset Pipeline Refresh (id=d589170f58c5d92aea150a41bdda1496): Total: 0.017 seconds - Initiated by StopAssetImportingV2(NoUpdateAssetOptions)
Start importing Assets/_Project/Generated/Data/Weapons/spark_pistol.asset using Guid(f798a0822f78e23d0947ccd97f9dd230) (NativeFormatImporter) -> (artifact id: 'b7dd49911d723d2432dd7f2820faff68') in 0.001038332 seconds
Refreshing native plugins compatible for Editor in 0.43 ms, found 0 plugins.
Preloading 0 native plugins for Editor in 0.00 ms.
Asset Pipeline Refresh (id=95cbb13b990365c578b0cf9fb7692fd4): Total: 0.046 seconds - Initiated by StopAssetImportingV2(NoUpdateAssetOptions)
Start importing Assets/_Project/Generated/Prefabs/W_bubble_storm.prefab using Guid(7da6b8600b09fe901b102253cac1d885) (PrefabImporter) -> (artifact id: 'cab4604cd646c133fc7ad5fa49df9e9b') in 0.001875204 seconds
Refreshing native plugins compatible for Editor in 0.43 ms, found 0 plugins.
Preloading 0 native plugins for Editor in 0.00 ms.
Asset Pipeline Refresh (id=8bcc1e807b0650be287cad8593b5e5b1): Total: 0.009 seconds - Initiated by StopAssetImportingV2(NoUpdateAssetOptions)
Start importing Assets/_Project/Generated/Art/Icons/icon_bubble_storm.png using Guid(ee8758821e867b89d8478d7b3127afdf) (TextureImporter) -> (artifact id: '675c7fff0134f31911e38d34f4a751e5') in 0.021771013 seconds
Refreshing native plugins compatible for Editor in 0.45 ms, found 0 plugins.
Preloading 0 native plugins for Editor in 0.00 ms.
Asset Pipeline Refresh (id=a472bbefc18a86dd0a3d069a5f644278): Total: 0.068 seconds - Initiated by StopAssetImportingV2(NoUpdateAssetOptions)
Start importing Assets/_Project/Generated/Art/Icons/icon_bubble_storm.png using Guid(ee8758821e867b89d8478d7b3127afdf) (TextureImporter) -> (artifact id: '600f3d3df4d00aaf3df27e4643801838') in 0.003725451 seconds
Refreshing native plugins compatible for Editor in 0.41 ms, found 0 plugins.
Preloading 0 native plugins for Editor in 0.00 ms.
Asset Pipeline Refresh (id=0b9f3a0b5a833c7da9fadf3814df3089): Total: 0.017 seconds - Initiated by StopAssetImportingV2(NoUpdateAssetOptions)
Start importing Assets/_Project/Generated/Data/Weapons/bubble_storm.asset using Guid(2f70855dca98ada46af6ce168660fa2b) (NativeFormatImporter) -> (artifact id: '770ebca9bda6c66643a1b4cad3e6e7e5') in 0.001063239 seconds
Refreshing native plugins compatible for Editor in 0.47 ms, found 0 plugins.
Preloading 0 native plugins for Editor in 0.00 ms.
Asset Pipeline Refresh (id=9f97089b5975e942e8051c515100e585): Total: 0.046 seconds - Initiated by StopAssetImportingV2(NoUpdateAssetOptions)
Start importing Assets/_Project/Generated/Prefabs/W_bubble_rifle.prefab using Guid(cb1c08dab54674da689fb7854d150fcf) (PrefabImporter) -> (artifact id: 'ebc9de6437881dcac96e92a362dd9a59') in 0.001963535 seconds
Refreshing native plugins compatible for Editor in 0.40 ms, found 0 plugins.
Preloading 0 native plugins for Editor in 0.00 ms.
Asset Pipeline Refresh (id=9cd4538d46c9670349d623cd4b1033a4): Total: 0.010 seconds - Initiated by StopAssetImportingV2(NoUpdateAssetOptions)
Start importing Assets/_Project/Generated/Art/Icons/icon_bubble_rifle.png using Guid(50c320ec2c4054aac9b69ed30ea4a15b) (TextureImporter) -> (artifact id: '0ef8d99444b48da697e196d69f5194fa') in 0.021341405 seconds
Refreshing native plugins compatible for Editor in 0.44 ms, found 0 plugins.
Preloading 0 native plugins for Editor in 0.00 ms.
Asset Pipeline Refresh (id=25aa72a60c0d6c8ef85f30e9561e929f): Total: 0.067 seconds - Initiated by StopAssetImportingV2(NoUpdateAssetOptions)
Start importing Assets/_Project/Generated/Art/Icons/icon_bubble_rifle.png using Guid(50c320ec2c4054aac9b69ed30ea4a15b) (TextureImporter) -> (artifact id: '9fe530c00a892b8fa5e83d04de53bb80') in 0.00377176 seconds
Refreshing native plugins compatible for Editor in 0.41 ms, found 0 plugins.
Preloading 0 native plugins for Editor in 0.00 ms.
Asset Pipeline Refresh (id=9e82c4cb22d0ea1cdac27ae1327c879f): Total: 0.017 seconds - Initiated by StopAssetImportingV2(NoUpdateAssetOptions)
Start importing Assets/_Project/Generated/Data/Weapons/bubble_rifle.asset using Guid(cb1a163d63e16de30899e0d85ecb329b) (NativeFormatImporter) -> (artifact id: '9ef7d0858df987463544f42109e3ad87') in 0.001034295 seconds
Refreshing native plugins compatible for Editor in 0.44 ms, found 0 plugins.
Preloading 0 native plugins for Editor in 0.00 ms.
Asset Pipeline Refresh (id=f01ce2f5f0b552670ae470c40e57070d): Total: 0.046 seconds - Initiated by StopAssetImportingV2(NoUpdateAssetOptions)
Start importing Assets/_Project/Generated/Prefabs/W_comet_bow.prefab using Guid(bd552793727fca5b38d15608c725434d) (PrefabImporter) -> (artifact id: '38fa4100eb6342b5c4226f76b39b1063') in 0.001919961 seconds
Refreshing native plugins compatible for Editor in 0.43 ms, found 0 plugins.
Preloading 0 native plugins for Editor in 0.00 ms.
Asset Pipeline Refresh (id=b9fbb941800f1ff9fa957d0835c45716): Total: 0.009 seconds - Initiated by StopAssetImportingV2(NoUpdateAssetOptions)
Start importing Assets/_Project/Generated/Art/Icons/icon_comet_bow.png using Guid(8cb54714ac172a72686a240def16b8d8) (TextureImporter) -> (artifact id: '31c67e97b56264d5d1524129f5749436') in 0.02317699 seconds
Refreshing native plugins compatible for Editor in 0.43 ms, found 0 plugins.
Preloading 0 native plugins for Editor in 0.00 ms.
Asset Pipeline Refresh (id=c91c2ce6fa1cada54ae2d6f96e82f394): Total: 0.069 seconds - Initiated by StopAssetImportingV2(NoUpdateAssetOptions)
Start importing Assets/_Project/Generated/Art/Icons/icon_comet_bow.png using Guid(8cb54714ac172a72686a240def16b8d8) (TextureImporter) -> (artifact id: 'b3e34613cc9c246bd659096a9d821f58') in 0.003689207 seconds
Refreshing native plugins compatible for Editor in 0.42 ms, found 0 plugins.
Preloading 0 native plugins for Editor in 0.00 ms.
Asset Pipeline Refresh (id=80c767316447e2eeab4f718bab3dd8fb): Total: 0.016 seconds - Initiated by StopAssetImportingV2(NoUpdateAssetOptions)
Start importing Assets/_Project/Generated/Data/Weapons/comet_bow.asset using Guid(ad416685a2f073ed9816769152ca3f84) (NativeFormatImporter) -> (artifact id: '9335dd16ea866820ab734b5a7f38f013') in 0.001027095 seconds
Refreshing native plugins compatible for Editor in 0.42 ms, found 0 plugins.
Preloading 0 native plugins for Editor in 0.00 ms.
Asset Pipeline Refresh (id=01d26dc4db99cd791a234a40ed737aa7): Total: 0.045 seconds - Initiated by StopAssetImportingV2(NoUpdateAssetOptions)
Start importing Assets/_Project/Generated/Prefabs/W_star_bow.prefab using Guid(fad696ecbebf5e06f90c613804838efc) (PrefabImporter) -> (artifact id: '9d3bf73176e66d120604b7ea7aa07b98') in 0.00187872 seconds
Refreshing native plugins compatible for Editor in 0.42 ms, found 0 plugins.
Preloading 0 native plugins for Editor in 0.00 ms.
Asset Pipeline Refresh (id=5a8657db9b3d98d54b90e01bab52023f): Total: 0.009 seconds - Initiated by StopAssetImportingV2(NoUpdateAssetOptions)
Start importing Assets/_Project/Generated/Art/Icons/icon_star_bow.png using Guid(131bc87568585cc5587f102dd9d6696d) (TextureImporter) -> (artifact id: 'ab74941b157198f055f2e08ea5813609') in 0.021650314 seconds
Refreshing native plugins compatible for Editor in 0.44 ms, found 0 plugins.
Preloading 0 native plugins for Editor in 0.00 ms.
Asset Pipeline Refresh (id=74b41a4e0eb08349dbb78594e0d07cc2): Total: 0.068 seconds - Initiated by StopAssetImportingV2(NoUpdateAssetOptions)
Start importing Assets/_Project/Generated/Art/Icons/icon_star_bow.png using Guid(131bc87568585cc5587f102dd9d6696d) (TextureImporter) -> (artifact id: '6e1c2161aa5c9b469773dcf9fa31fdc2') in 0.004021411 seconds
Refreshing native plugins compatible for Editor in 0.42 ms, found 0 plugins.
Preloading 0 native plugins for Editor in 0.00 ms.
Asset Pipeline Refresh (id=f44c223de95142f9abea72e97c0c5c40): Total: 0.017 seconds - Initiated by StopAssetImportingV2(NoUpdateAssetOptions)
Start importing Assets/_Project/Generated/Data/Weapons/star_bow.asset using Guid(2738baac66ab08fb592b96efd848f81c) (NativeFormatImporter) -> (artifact id: 'c182002b00860c25ef6f0e4c6313cfed') in 0.001118831 seconds
Refreshing native plugins compatible for Editor in 0.45 ms, found 0 plugins.
Preloading 0 native plugins for Editor in 0.00 ms.
Asset Pipeline Refresh (id=ae0c75df8453b971096bc09067907e81): Total: 0.045 seconds - Initiated by StopAssetImportingV2(NoUpdateAssetOptions)
Start importing Assets/_Project/Generated/Prefabs/W_glacier_gun.prefab using Guid(a70e63ed58fcfd52fa85c0a7af2ee6a1) (PrefabImporter) -> (artifact id: 'c272dc293dd9cf77c8939f65ac1e33b0') in 0.002117114 seconds
Refreshing native plugins compatible for Editor in 0.40 ms, found 0 plugins.
Preloading 0 native plugins for Editor in 0.00 ms.
Asset Pipeline Refresh (id=42b0879349758b4c09bdade96832d8b0): Total: 0.010 seconds - Initiated by StopAssetImportingV2(NoUpdateAssetOptions)
Start importing Assets/_Project/Generated/Art/Icons/icon_glacier_gun.png using Guid(73af4e27bafa443e8b1e9f479343ca49) (TextureImporter) -> (artifact id: '0382a7d643d38f5827b41079fedd91de') in 0.023637093 seconds
Refreshing native plugins compatible for Editor in 0.46 ms, found 0 plugins.
Preloading 0 native plugins for Editor in 0.00 ms.
Asset Pipeline Refresh (id=9d15cc1ccb7833703825c7cb984b4894): Total: 0.070 seconds - Initiated by StopAssetImportingV2(NoUpdateAssetOptions)
Start importing Assets/_Project/Generated/Art/Icons/icon_glacier_gun.png using Guid(73af4e27bafa443e8b1e9f479343ca49) (TextureImporter) -> (artifact id: '1c32f038ac1522216980adf1aac5e89a') in 0.003852029 seconds
Refreshing native plugins compatible for Editor in 0.42 ms, found 0 plugins.
Preloading 0 native plugins for Editor in 0.00 ms.
Asset Pipeline Refresh (id=c494d754adc7c1b8badaf1f933a84f7c): Total: 0.017 seconds - Initiated by StopAssetImportingV2(NoUpdateAssetOptions)
Start importing Assets/_Project/Generated/Data/Weapons/glacier_gun.asset using Guid(f77342ab47a3f05ae88c90b338ee2b0b) (NativeFormatImporter) -> (artifact id: '5bffb65758785085d6e491328a481cd8') in 0.001072162 seconds
Refreshing native plugins compatible for Editor in 0.47 ms, found 0 plugins.
Preloading 0 native plugins for Editor in 0.00 ms.
Asset Pipeline Refresh (id=153460b3f8cadab7fa6c2d984e253655): Total: 0.047 seconds - Initiated by StopAssetImportingV2(NoUpdateAssetOptions)
Start importing Assets/_Project/Generated/Prefabs/W_ice_gun.prefab using Guid(404b707f5e64a8f56ad5d3b13494e7d6) (PrefabImporter) -> (artifact id: '1703bedc63f7dda47def7eb1780ad469') in 0.002049643 seconds
Refreshing native plugins compatible for Editor in 0.43 ms, found 0 plugins.
Preloading 0 native plugins for Editor in 0.00 ms.
Asset Pipeline Refresh (id=6c35fb8fcd77b2f49b2662411aad73b8): Total: 0.010 seconds - Initiated by StopAssetImportingV2(NoUpdateAssetOptions)
Start importing Assets/_Project/Generated/Art/Icons/icon_ice_gun.png using Guid(a3e63d69669d83e40932a23d9709d42b) (TextureImporter) -> (artifact id: '6f8929f92e2beb3677c82c8a4108cdb9') in 0.021654861 seconds
Refreshing native plugins compatible for Editor in 0.47 ms, found 0 plugins.
Preloading 0 native plugins for Editor in 0.00 ms.
Asset Pipeline Refresh (id=4ba92efb7c7999737840d25b3848d3b6): Total: 0.070 seconds - Initiated by StopAssetImportingV2(NoUpdateAssetOptions)
Start importing Assets/_Project/Generated/Art/Icons/icon_ice_gun.png using Guid(a3e63d69669d83e40932a23d9709d42b) (TextureImporter) -> (artifact id: '328c2c1bb134de624f3d41b2757c49e4') in 0.003975944 seconds
Refreshing native plugins compatible for Editor in 0.45 ms, found 0 plugins.
Preloading 0 native plugins for Editor in 0.00 ms.
Asset Pipeline Refresh (id=80e1a2eb5a1f7d4e4822d4ae04188a8f): Total: 0.018 seconds - Initiated by StopAssetImportingV2(NoUpdateAssetOptions)
Start importing Assets/_Project/Generated/Data/Weapons/ice_gun.asset using Guid(7874d4b7816eae0259b4bf65953554f3) (NativeFormatImporter) -> (artifact id: '93fadb69d483e7e4430d3b22fccb4462') in 0.001155956 seconds
Refreshing native plugins compatible for Editor in 0.46 ms, found 0 plugins.
Preloading 0 native plugins for Editor in 0.00 ms.
Asset Pipeline Refresh (id=45b4e94cf4df718d1ba49123697396f9): Total: 0.049 seconds - Initiated by StopAssetImportingV2(NoUpdateAssetOptions)
Start importing Assets/_Project/Generated/Prefabs/W_yarn_cyclone.prefab using Guid(ecc64ab2cb29160fd99cb8681bb814fd) (PrefabImporter) -> (artifact id: '823624ce6e3536471f88754039f3121a') in 0.00200711 seconds
Refreshing native plugins compatible for Editor in 0.42 ms, found 0 plugins.
Preloading 0 native plugins for Editor in 0.00 ms.
Asset Pipeline Refresh (id=e6fd32dac0ea0089789450a94866a633): Total: 0.010 seconds - Initiated by StopAssetImportingV2(NoUpdateAssetOptions)
Start importing Assets/_Project/Generated/Art/Icons/icon_yarn_cyclone.png using Guid(7e35415f27a98177ab2185be9b3f680d) (TextureImporter) -> (artifact id: '9867d748cd5c2d333fdb5fe50044bbd5') in 0.024298496 seconds
Refreshing native plugins compatible for Editor in 0.46 ms, found 0 plugins.
Preloading 0 native plugins for Editor in 0.00 ms.
Asset Pipeline Refresh (id=5290a5786b8d2243a87d2cf10f4fe38f): Total: 0.072 seconds - Initiated by StopAssetImportingV2(NoUpdateAssetOptions)
Start importing Assets/_Project/Generated/Art/Icons/icon_yarn_cyclone.png using Guid(7e35415f27a98177ab2185be9b3f680d) (TextureImporter) -> (artifact id: '23340ee6e09a264df96d206587e3f120') in 0.003880602 seconds
Refreshing native plugins compatible for Editor in 0.43 ms, found 0 plugins.
Preloading 0 native plugins for Editor in 0.00 ms.
Asset Pipeline Refresh (id=f005c3923ffd4874dbb4a5111647d2a0): Total: 0.017 seconds - Initiated by StopAssetImportingV2(NoUpdateAssetOptions)
Start importing Assets/_Project/Generated/Data/Weapons/yarn_cyclone.asset using Guid(3536b1878abff2c78bf9a30aa6bffcec) (NativeFormatImporter) -> (artifact id: 'a10b72048f103f794418ad7b56b09c2e') in 0.001174964 seconds
Refreshing native plugins compatible for Editor in 0.46 ms, found 0 plugins.
Preloading 0 native plugins for Editor in 0.00 ms.
Asset Pipeline Refresh (id=fff002eaae715d222a322d65274c80eb): Total: 0.048 seconds - Initiated by StopAssetImportingV2(NoUpdateAssetOptions)
Start importing Assets/_Project/Generated/Prefabs/W_yarn_launcher.prefab using Guid(91c9a89ff1c56605fb446f5f08ad22e9) (PrefabImporter) -> (artifact id: 'fa282e0e62a6c95a06d692107f5cb092') in 0.002179095 seconds
Refreshing native plugins compatible for Editor in 0.41 ms, found 0 plugins.
Preloading 0 native plugins for Editor in 0.00 ms.
Asset Pipeline Refresh (id=ecf6ca286f34c6ddea295f653663f14a): Total: 0.011 seconds - Initiated by StopAssetImportingV2(NoUpdateAssetOptions)
Start importing Assets/_Project/Generated/Art/Icons/icon_yarn_launcher.png using Guid(2544d49e0d1e9d1fc97f9cc6ed3349ac) (TextureImporter) -> (artifact id: '98879ea81240501d7203453abf54a24f') in 0.023251662 seconds
Refreshing native plugins compatible for Editor in 0.44 ms, found 0 plugins.
Preloading 0 native plugins for Editor in 0.00 ms.
Asset Pipeline Refresh (id=a019879449e21977da045c4582384af3): Total: 0.071 seconds - Initiated by StopAssetImportingV2(NoUpdateAssetOptions)
Start importing Assets/_Project/Generated/Art/Icons/icon_yarn_launcher.png using Guid(2544d49e0d1e9d1fc97f9cc6ed3349ac) (TextureImporter) -> (artifact id: 'f30b45a32152ebff82cc6c5458e8ab58') in 0.003816407 seconds
Refreshing native plugins compatible for Editor in 0.42 ms, found 0 plugins.
Preloading 0 native plugins for Editor in 0.00 ms.
Asset Pipeline Refresh (id=78e55c3f57861157e951fd41aa772a3e): Total: 0.016 seconds - Initiated by StopAssetImportingV2(NoUpdateAssetOptions)
Start importing Assets/_Project/Generated/Data/Weapons/yarn_launcher.asset using Guid(88cdfbac8e7c801d1b823bc38c5527e7) (NativeFormatImporter) -> (artifact id: '2a3144f515ee8bd52dde07cc5b66c3cc') in 0.001076989 seconds
Refreshing native plugins compatible for Editor in 0.42 ms, found 0 plugins.
Preloading 0 native plugins for Editor in 0.00 ms.
Asset Pipeline Refresh (id=cd54d82376b052602900c8d041ac94c6): Total: 0.044 seconds - Initiated by StopAssetImportingV2(NoUpdateAssetOptions)
Start importing Assets/_Project/Generated/Prefabs/E_Chick.prefab using Guid(5b7910cc521352caf832653a52cdbdce) (PrefabImporter) -> (artifact id: 'f440c84805683cb80aa3044306852237') in 0.0023639 seconds
Refreshing native plugins compatible for Editor in 0.42 ms, found 0 plugins.
Preloading 0 native plugins for Editor in 0.00 ms.
Asset Pipeline Refresh (id=31f2d7ead851fd9cfac9b8c1042ea066): Total: 0.010 seconds - Initiated by StopAssetImportingV2(NoUpdateAssetOptions)
Start importing Assets/_Project/Generated/Prefabs/E_JellyBear.prefab using Guid(b45664c49995f92e49ec0390f4e9be7e) (PrefabImporter) -> (artifact id: '2e74ec6de0b6ab7f9154ed37b55bc531') in 0.001822226 seconds
Refreshing native plugins compatible for Editor in 0.44 ms, found 0 plugins.
Preloading 0 native plugins for Editor in 0.00 ms.
Asset Pipeline Refresh (id=8810e7b8569d1c0ec8705d546d3aa436): Total: 0.045 seconds - Initiated by StopAssetImportingV2(NoUpdateAssetOptions)
Start importing Assets/_Project/Generated/Prefabs/E_CookieRobot.prefab using Guid(c659e4e5c977d701d87fc6e358154b3d) (PrefabImporter) -> (artifact id: 'a8aeb5cb19c144a06d5701c3822fc46a') in 0.00196627 seconds
Refreshing native plugins compatible for Editor in 0.43 ms, found 0 plugins.
Preloading 0 native plugins for Editor in 0.00 ms.
Asset Pipeline Refresh (id=ea157f94012c706ba927c6ff0218e011): Total: 0.009 seconds - Initiated by StopAssetImportingV2(NoUpdateAssetOptions)
Start importing Assets/_Project/Generated/Prefabs/E_IceCreamTower.prefab using Guid(ecda863d7ab9849878720a08294ce8da) (PrefabImporter) -> (artifact id: 'e85defd7f1c998ede2160bffe7421b52') in 0.001848224 seconds
Refreshing native plugins compatible for Editor in 0.42 ms, found 0 plugins.
Preloading 0 native plugins for Editor in 0.00 ms.
Asset Pipeline Refresh (id=fe06a8c34cbc83d8c80d3b656718e944): Total: 0.046 seconds - Initiated by StopAssetImportingV2(NoUpdateAssetOptions)
Start importing Assets/_Project/Generated/Prefabs/E_GumBalloon.prefab using Guid(df4de3e22d9775faa8d08b7087decd67) (PrefabImporter) -> (artifact id: 'e562b56c7d70cddfe0cec560812a545f') in 0.001918718 seconds
Refreshing native plugins compatible for Editor in 0.39 ms, found 0 plugins.
Preloading 0 native plugins for Editor in 0.00 ms.
Asset Pipeline Refresh (id=1a09cd1ff63abd8429e25f10026b4f64): Total: 0.009 seconds - Initiated by StopAssetImportingV2(NoUpdateAssetOptions)
Start importing Assets/_Project/Generated/Prefabs/E_CandyBee.prefab using Guid(6894ebcf739db48f9a9b928a6673d697) (PrefabImporter) -> (artifact id: 'a24a17a0516cf424660e36e1b0d2dddf') in 0.001930697 seconds
Refreshing native plugins compatible for Editor in 0.43 ms, found 0 plugins.
Preloading 0 native plugins for Editor in 0.00 ms.
Asset Pipeline Refresh (id=029908ede391eb5a297b713137911e38): Total: 0.049 seconds - Initiated by StopAssetImportingV2(NoUpdateAssetOptions)
Start importing Assets/_Project/Generated/Prefabs/E_DonutUfo.prefab using Guid(e44cdd5400fa6ce1186443a885c0b531) (PrefabImporter) -> (artifact id: 'f5eaf6390d5e256cac8b25c733e65973') in 0.00201383 seconds
Refreshing native plugins compatible for Editor in 0.40 ms, found 0 plugins.
Preloading 0 native plugins for Editor in 0.00 ms.
Asset Pipeline Refresh (id=5bdd1a2bdf13163ff86b608c18128dfa): Total: 0.010 seconds - Initiated by StopAssetImportingV2(NoUpdateAssetOptions)
Start importing Assets/_Project/Generated/Prefabs/E_Marshmallow.prefab using Guid(63f0f825817c4b73e98c1b8fff658aed) (PrefabImporter) -> (artifact id: '72cad9309633f63bf74e6c0611d2c4d2') in 0.001935124 seconds
Refreshing native plugins compatible for Editor in 22.51 ms, found 0 plugins.
Preloading 0 native plugins for Editor in 0.00 ms.
Asset Pipeline Refresh (id=74fbc6bd91545a2fca8af83b3c48e337): Total: 0.097 seconds - Initiated by StopAssetImportingV2(NoUpdateAssetOptions)
Start importing Assets/_Project/Generated/Prefabs/E_EliteChick.prefab using Guid(8556e77015b1217e7b51580f532594eb) (PrefabImporter) -> (artifact id: '741a2dffb4234cdcc39188ae6f073a8b') in 0.002217722 seconds
Refreshing native plugins compatible for Editor in 0.44 ms, found 0 plugins.
Preloading 0 native plugins for Editor in 0.00 ms.
Asset Pipeline Refresh (id=606a6dad3c69af139b064e0a3db1e9c0): Total: 0.011 seconds - Initiated by StopAssetImportingV2(NoUpdateAssetOptions)
Start importing Assets/_Project/Generated/Prefabs/E_JellyKing.prefab using Guid(fb12d19130284344d9678bf3711ea428) (PrefabImporter) -> (artifact id: 'fdc11bf8ab96e2511d40eb1e45f495e9') in 0.002425121 seconds
Refreshing native plugins compatible for Editor in 0.47 ms, found 0 plugins.
Preloading 0 native plugins for Editor in 0.00 ms.
Asset Pipeline Refresh (id=82f3a4a9e840eaba78b281039d502bd3): Total: 0.039 seconds - Initiated by StopAssetImportingV2(NoUpdateAssetOptions)
Start importing Assets/_Project/Generated/Prefabs/E_CookieMech.prefab using Guid(2f5b16bf91e702e46bc159275983bd53) (PrefabImporter) -> (artifact id: '290379e6e4f76f6c8391824a5be62199') in 0.002149521 seconds
Refreshing native plugins compatible for Editor in 0.42 ms, found 0 plugins.
Preloading 0 native plugins for Editor in 0.00 ms.
Asset Pipeline Refresh (id=e78c872f8f498984ba6140ac7c0bb9f1): Total: 0.010 seconds - Initiated by StopAssetImportingV2(NoUpdateAssetOptions)
Start importing Assets/_Project/Generated/Prefabs/E_QueenHen.prefab using Guid(cbe0ef3a8e707cb37ae1f872ba0c7e90) (PrefabImporter) -> (artifact id: '5a7a155aeb9945af21b929133cedf76c') in 0.002052898 seconds
Refreshing native plugins compatible for Editor in 0.45 ms, found 0 plugins.
Preloading 0 native plugins for Editor in 0.00 ms.
Asset Pipeline Refresh (id=e4329f3410775abca88f5345c3fce8ba): Total: 0.038 seconds - Initiated by StopAssetImportingV2(NoUpdateAssetOptions)
Start importing Assets/_Project/Generated/Data/Runs using Guid(5fbba71e291a351e499cc66d0413fadf) (DefaultImporter) -> (artifact id: '0296eeefb4e0bb528bc65e4c952fce6a') in 0.000964482 seconds
Refreshing native plugins compatible for Editor in 0.44 ms, found 0 plugins.
Preloading 0 native plugins for Editor in 0.00 ms.
Asset Pipeline Refresh (id=e22e7bb1c7e9e7d01b432e2f68d3d88a): Total: 0.009 seconds - Initiated by StopAssetImportingV2(NoUpdateAssetOptions)
Start importing Assets/_Project/Generated/Data/Runs/Run_1.asset using Guid(e2dc6e79b5e73ad7694407bf537c5acb) (NativeFormatImporter) -> (artifact id: 'a706828b56c82dc80eda83520c43efb2') in 0.001159241 seconds
Refreshing native plugins compatible for Editor in 0.47 ms, found 0 plugins.
Preloading 0 native plugins for Editor in 0.00 ms.
Asset Pipeline Refresh (id=0b247ad651b7a39f1b4a0fc719f2f4c3): Total: 0.036 seconds - Initiated by StopAssetImportingV2(NoUpdateAssetOptions)
Start importing Assets/_Project/Generated/Data/Runs/Run_2.asset using Guid(40b076aef575a2868be5cd83429379e6) (NativeFormatImporter) -> (artifact id: '8f6c2de05436157f3eb6cb3e72ff56ec') in 0.001317627 seconds
Refreshing native plugins compatible for Editor in 0.44 ms, found 0 plugins.
Preloading 0 native plugins for Editor in 0.00 ms.
Asset Pipeline Refresh (id=b61a3530f50bf133d9f1cea7c807fdca): Total: 0.009 seconds - Initiated by StopAssetImportingV2(NoUpdateAssetOptions)
Start importing Assets/_Project/Generated/Data/Runs/Run_3.asset using Guid(f15adbb7b38805561ad6d2d70c4caff5) (NativeFormatImporter) -> (artifact id: '9296799189ac47b4958d668821cfcf28') in 0.0012253 seconds
Refreshing native plugins compatible for Editor in 0.45 ms, found 0 plugins.
Preloading 0 native plugins for Editor in 0.00 ms.
Asset Pipeline Refresh (id=736fe3fefcc5e0126b98bd9b43df4f32): Total: 0.037 seconds - Initiated by StopAssetImportingV2(NoUpdateAssetOptions)
Start importing Assets/_Project/Generated/Data/Workshop using Guid(c73eb669ee26e3fe1ae71a8cc9d2022e) (DefaultImporter) -> (artifact id: '533e26dd280f55d5d1d6b7c909291cd4') in 0.000970641 seconds
Refreshing native plugins compatible for Editor in 0.43 ms, found 0 plugins.
Preloading 0 native plugins for Editor in 0.00 ms.
Asset Pipeline Refresh (id=b94c01163744a05b19780098ec510bed): Total: 0.009 seconds - Initiated by StopAssetImportingV2(NoUpdateAssetOptions)
Start importing Assets/_Project/Generated/Data/Workshop/health.asset using Guid(e8673ff6e679e9c0283b8495062e964a) (NativeFormatImporter) -> (artifact id: '6543ff04d62ea4bbcc6aaaf3b26696e4') in 0.00098281 seconds
Refreshing native plugins compatible for Editor in 0.41 ms, found 0 plugins.
Preloading 0 native plugins for Editor in 0.00 ms.
Asset Pipeline Refresh (id=dfbbb76c57e3355d89f61295cde029d6): Total: 0.034 seconds - Initiated by StopAssetImportingV2(NoUpdateAssetOptions)
Start importing Assets/_Project/Generated/Data/Workshop/damage.asset using Guid(5049a0a9f5356a2d69f91a74f848827f) (NativeFormatImporter) -> (artifact id: '740ead6b2c275093e540f7ea22bfc570') in 0.001058962 seconds
Refreshing native plugins compatible for Editor in 0.39 ms, found 0 plugins.
Preloading 0 native plugins for Editor in 0.00 ms.
Asset Pipeline Refresh (id=7cd9c4d40046dd59ab709f0bff4d6364): Total: 0.008 seconds - Initiated by StopAssetImportingV2(NoUpdateAssetOptions)
Start importing Assets/_Project/Generated/Data/Workshop/fire_rate.asset using Guid(17fa6fc90f047845b818806bc7b6f5ab) (NativeFormatImporter) -> (artifact id: 'f59a2d682b724687f3eabef82aeaa181') in 0.001085031 seconds
Refreshing native plugins compatible for Editor in 0.43 ms, found 0 plugins.
Preloading 0 native plugins for Editor in 0.00 ms.
Asset Pipeline Refresh (id=c24684085fc5dcff5a13d81bfa1fc8dc): Total: 0.033 seconds - Initiated by StopAssetImportingV2(NoUpdateAssetOptions)
Start importing Assets/_Project/Generated/Data/Workshop/gold.asset using Guid(bb2a5990cf9c5da1e93451196f54fb4d) (NativeFormatImporter) -> (artifact id: 'f83f0cd6fab04a96ad9b35982c733b39') in 0.001026274 seconds
Refreshing native plugins compatible for Editor in 0.39 ms, found 0 plugins.
Preloading 0 native plugins for Editor in 0.00 ms.
Asset Pipeline Refresh (id=ccfc42c760e9e301889ada2e54b0a8dc): Total: 0.008 seconds - Initiated by StopAssetImportingV2(NoUpdateAssetOptions)
Start importing Assets/_Project/Generated/Data/Workshop/armor.asset using Guid(21b51f1f40586040aba1b6b11b36573b) (NativeFormatImporter) -> (artifact id: '57e0d58e8d501f33de7acef40866aa72') in 0.000965233 seconds
Refreshing native plugins compatible for Editor in 0.44 ms, found 0 plugins.
Preloading 0 native plugins for Editor in 0.00 ms.
Asset Pipeline Refresh (id=acc8e5a1ad5af2a95a2f4c1a7b09bfd1): Total: 0.034 seconds - Initiated by StopAssetImportingV2(NoUpdateAssetOptions)
Start importing Assets/_Project/Generated/Data/Workshop/luck.asset using Guid(bb666c87abfa2af3f9d65e5bc1263c3e) (NativeFormatImporter) -> (artifact id: 'cd7b4069073824e6a569fc4d6f62df9f') in 0.001078991 seconds
Refreshing native plugins compatible for Editor in 0.41 ms, found 0 plugins.
Preloading 0 native plugins for Editor in 0.00 ms.
Asset Pipeline Refresh (id=85ce1af87ce7482ae8c8ed7dc82a4164): Total: 0.008 seconds - Initiated by StopAssetImportingV2(NoUpdateAssetOptions)
Start importing Assets/_Project/Generated/Data/Workshop/experience.asset using Guid(2713a510ac50e94aca836205cea80baf) (NativeFormatImporter) -> (artifact id: 'f73555ef7dd40bd326039d933f840da6') in 0.001013695 seconds
Refreshing native plugins compatible for Editor in 0.45 ms, found 0 plugins.
Preloading 0 native plugins for Editor in 0.00 ms.
Asset Pipeline Refresh (id=86a7402a5f64aeb2bb839694e72084a1): Total: 0.037 seconds - Initiated by StopAssetImportingV2(NoUpdateAssetOptions)
Start importing Assets/_Project/Generated/Data/Workshop/reroll.asset using Guid(8d7283ef70d43ab2caa32f2ac16cfed2) (NativeFormatImporter) -> (artifact id: '7f0255ffe96ab690a828eda1ddc4add3') in 0.001130889 seconds
Refreshing native plugins compatible for Editor in 0.42 ms, found 0 plugins.
Preloading 0 native plugins for Editor in 0.00 ms.
Asset Pipeline Refresh (id=a8416da8e4fe12d3f85eaf8ef13de876): Total: 0.009 seconds - Initiated by StopAssetImportingV2(NoUpdateAssetOptions)
Start importing Assets/_Project/Generated/Data/Workshop/banish.asset using Guid(56390f3c6e4872e96860de98036ac233) (NativeFormatImporter) -> (artifact id: 'b025eb2ad4c7d153d7dba50f90e0c57d') in 0.001053504 seconds
Refreshing native plugins compatible for Editor in 0.44 ms, found 0 plugins.
Preloading 0 native plugins for Editor in 0.00 ms.
Asset Pipeline Refresh (id=b1243a7bd911d43c19a97f786ff7dd18): Total: 0.038 seconds - Initiated by StopAssetImportingV2(NoUpdateAssetOptions)
Start importing Assets/_Project/Generated/Data/Workshop/revive.asset using Guid(44fbf79e9d3b1dd84a28bb68412d3cb4) (NativeFormatImporter) -> (artifact id: '7dab684390d7c71ecba2434ae1425508') in 0.001141585 seconds
Refreshing native plugins compatible for Editor in 0.40 ms, found 0 plugins.
Preloading 0 native plugins for Editor in 0.00 ms.
Asset Pipeline Refresh (id=0e3ad155f9729104a8be01966f1a15b4): Total: 0.009 seconds - Initiated by StopAssetImportingV2(NoUpdateAssetOptions)
Start importing Assets/_Project/Generated/Prefabs/W_Fusion_rainbow_storm.prefab using Guid(ad77c47797c6ebb189b02268a67bb2bd) (PrefabImporter) -> (artifact id: '859d5f3bf03a393cd801e534a61b3e56') in 0.002046559 seconds
Refreshing native plugins compatible for Editor in 0.44 ms, found 0 plugins.
Preloading 0 native plugins for Editor in 0.00 ms.
Asset Pipeline Refresh (id=81c153eba3ad65ff4b975da9a846f7f9): Total: 0.038 seconds - Initiated by StopAssetImportingV2(NoUpdateAssetOptions)
Start importing Assets/_Project/Generated/Art/Icons/icon_rainbow_storm.png using Guid(72bc7eee7617ea2f4b74002892e8b003) (TextureImporter) -> (artifact id: '6cf836c1aad6afcbbf50dd21a29bd715') in 0.023250029 seconds
Refreshing native plugins compatible for Editor in 0.43 ms, found 0 plugins.
Preloading 0 native plugins for Editor in 0.00 ms.
Asset Pipeline Refresh (id=cf5c560eed5b1c165b56a71e5b5cc6d8): Total: 0.032 seconds - Initiated by StopAssetImportingV2(NoUpdateAssetOptions)
Start importing Assets/_Project/Generated/Art/Icons/icon_rainbow_storm.png using Guid(72bc7eee7617ea2f4b74002892e8b003) (TextureImporter) -> (artifact id: 'a8aebca2936111aaee15ad6b5e157fad') in 0.003675107 seconds
Refreshing native plugins compatible for Editor in 0.42 ms, found 0 plugins.
Preloading 0 native plugins for Editor in 0.00 ms.
Asset Pipeline Refresh (id=ce9cbd741f383e5d9b894dd834932d32): Total: 0.047 seconds - Initiated by StopAssetImportingV2(NoUpdateAssetOptions)
Start importing Assets/_Project/Generated/Data/Weapons/rainbow_storm.asset using Guid(95692f2dae0b5af1f99addb426c17b54) (NativeFormatImporter) -> (artifact id: 'a8b97d0383a128943d8a68fd38e938d3') in 0.001186892 seconds
Refreshing native plugins compatible for Editor in 0.41 ms, found 0 plugins.
Preloading 0 native plugins for Editor in 0.00 ms.
Asset Pipeline Refresh (id=d3361ef315400ae5bacad1b86f095cfb): Total: 0.009 seconds - Initiated by StopAssetImportingV2(NoUpdateAssetOptions)
Start importing Assets/_Project/Generated/Data/Fusions using Guid(b6e47a6b799ca86029005de4b93ea27d) (DefaultImporter) -> (artifact id: '8ce853014a12d3148daed6f5d1ce1777') in 0.000832636 seconds
Refreshing native plugins compatible for Editor in 0.42 ms, found 0 plugins.
Preloading 0 native plugins for Editor in 0.00 ms.
Asset Pipeline Refresh (id=9b9e746ec71de064691d19c744c12f7a): Total: 0.036 seconds - Initiated by StopAssetImportingV2(NoUpdateAssetOptions)
Start importing Assets/_Project/Generated/Data/Fusions/rainbow_storm.asset using Guid(1fc71748b1835b4019c86918d542cdd1) (NativeFormatImporter) -> (artifact id: 'b2b7a19197cae7ebd6cace95f081a41b') in 0.001079823 seconds
Refreshing native plugins compatible for Editor in 0.39 ms, found 0 plugins.
Preloading 0 native plugins for Editor in 0.00 ms.
Asset Pipeline Refresh (id=14237d326f8fc854b9b890fbb5ad12a3): Total: 0.008 seconds - Initiated by StopAssetImportingV2(NoUpdateAssetOptions)
Start importing Assets/_Project/Generated/Prefabs/W_Fusion_cosmic_breakfast.prefab using Guid(2c3b279af91899dc7922f5965c44eb38) (PrefabImporter) -> (artifact id: 'd6cca8c3c81166211f25941351d274b5') in 0.001864248 seconds
Refreshing native plugins compatible for Editor in 0.41 ms, found 0 plugins.
Preloading 0 native plugins for Editor in 0.00 ms.
Asset Pipeline Refresh (id=56e02d0ca04dcc3e6bd65044f3b9cb87): Total: 0.036 seconds - Initiated by StopAssetImportingV2(NoUpdateAssetOptions)
Start importing Assets/_Project/Generated/Art/Icons/icon_cosmic_breakfast.png using Guid(0ce2c5f4423566b74ad264d0a10ad4b3) (TextureImporter) -> (artifact id: '255db68b535c2db5a99d170a9e95b9df') in 0.023426231 seconds
Refreshing native plugins compatible for Editor in 0.43 ms, found 0 plugins.
Preloading 0 native plugins for Editor in 0.00 ms.
Asset Pipeline Refresh (id=d93a9c5937d3f7cd5940c60e2b52776b): Total: 0.032 seconds - Initiated by StopAssetImportingV2(NoUpdateAssetOptions)
Start importing Assets/_Project/Generated/Art/Icons/icon_cosmic_breakfast.png using Guid(0ce2c5f4423566b74ad264d0a10ad4b3) (TextureImporter) -> (artifact id: '08eac031e0a6ce163734ab91a2d1dea8') in 0.003585894 seconds
Refreshing native plugins compatible for Editor in 0.44 ms, found 0 plugins.
Preloading 0 native plugins for Editor in 0.00 ms.
Asset Pipeline Refresh (id=5a474480730ab04539ec18eedfc05b1a): Total: 0.044 seconds - Initiated by StopAssetImportingV2(NoUpdateAssetOptions)
Start importing Assets/_Project/Generated/Data/Weapons/cosmic_breakfast.asset using Guid(122d9989c21c2a390902e522ecb7ce89) (NativeFormatImporter) -> (artifact id: 'e7c7534675394cffb0de1368d55c3252') in 0.00113169 seconds
Refreshing native plugins compatible for Editor in 0.44 ms, found 0 plugins.
Preloading 0 native plugins for Editor in 0.00 ms.
Asset Pipeline Refresh (id=d31f394399c07890e91d9e42bd1f8c9d): Total: 0.009 seconds - Initiated by StopAssetImportingV2(NoUpdateAssetOptions)
Refreshing native plugins compatible for Editor in 0.42 ms, found 0 plugins.
Preloading 0 native plugins for Editor in 0.00 ms.
Asset Pipeline Refresh (id=8a2a572ec6c66852dbbf57ba14a75fdc): Total: 0.035 seconds - Initiated by StopAssetImportingV2(NoUpdateAssetOptions)
Start importing Assets/_Project/Generated/Prefabs/W_Fusion_candy_shield_galaxy.prefab using Guid(66d1bc53173b4558385667c9b1da3aac) (PrefabImporter) -> (artifact id: '2de23b1988f31c154a83cb73c93d5368') in 0.002017385 seconds
Refreshing native plugins compatible for Editor in 0.40 ms, found 0 plugins.
Preloading 0 native plugins for Editor in 0.00 ms.
Asset Pipeline Refresh (id=a446403a50d9a83478513539cec32aeb): Total: 0.010 seconds - Initiated by StopAssetImportingV2(NoUpdateAssetOptions)
Start importing Assets/_Project/Generated/Art/Icons/icon_candy_shield_galaxy.png using Guid(65c72d0dc5f611b2888b165c9539f120) (TextureImporter) -> (artifact id: '9b48bddecd06edbfc8894a09bcd45f99') in 0.023137502 seconds
Refreshing native plugins compatible for Editor in 0.46 ms, found 0 plugins.
Preloading 0 native plugins for Editor in 0.00 ms.
Asset Pipeline Refresh (id=08f6c614e7387a1eab0c8c9214b13b7d): Total: 0.060 seconds - Initiated by StopAssetImportingV2(NoUpdateAssetOptions)
Start importing Assets/_Project/Generated/Art/Icons/icon_candy_shield_galaxy.png using Guid(65c72d0dc5f611b2888b165c9539f120) (TextureImporter) -> (artifact id: '364781435ab818d974d9ff3c957b34d7') in 0.00369151 seconds
Refreshing native plugins compatible for Editor in 0.40 ms, found 0 plugins.
Preloading 0 native plugins for Editor in 0.00 ms.
Asset Pipeline Refresh (id=4b4ae386420cc273f9a861f84204d552): Total: 0.016 seconds - Initiated by StopAssetImportingV2(NoUpdateAssetOptions)
Start importing Assets/_Project/Generated/Data/Weapons/candy_shield_galaxy.asset using Guid(aad69c3de274d6d5c8b96a9718fd8a73) (NativeFormatImporter) -> (artifact id: '11d1ab09f2dde4ff1988b7be6043ab95') in 0.001007926 seconds
Refreshing native plugins compatible for Editor in 0.44 ms, found 0 plugins.
Preloading 0 native plugins for Editor in 0.00 ms.
Asset Pipeline Refresh (id=a722d898dffed887d9fd8f7da88a3111): Total: 0.043 seconds - Initiated by StopAssetImportingV2(NoUpdateAssetOptions)
Refreshing native plugins compatible for Editor in 0.40 ms, found 0 plugins.
Preloading 0 native plugins for Editor in 0.00 ms.
Asset Pipeline Refresh (id=3dc6ccdbce966f6b382741c7a6553b0a): Total: 0.007 seconds - Initiated by StopAssetImportingV2(NoUpdateAssetOptions)
Start importing Assets/_Project/Generated/Data/Characters using Guid(f8b9aa7c4e51f474dbc5ff8ea990a9f1) (DefaultImporter) -> (artifact id: '3f0f6b2b1d1ab09601cf4de037029b70') in 0.000877773 seconds
Refreshing native plugins compatible for Editor in 0.44 ms, found 0 plugins.
Preloading 0 native plugins for Editor in 0.00 ms.
Asset Pipeline Refresh (id=717af78dee451ae7d970c28e58a76e45): Total: 0.045 seconds - Initiated by StopAssetImportingV2(NoUpdateAssetOptions)
Start importing Assets/_Project/Generated/Data/Characters/pitir.asset using Guid(a33607331949d0b82971fb8460c6e84b) (NativeFormatImporter) -> (artifact id: '1c373a8bc66e661665d47537aa7f4777') in 0.001195895 seconds
Refreshing native plugins compatible for Editor in 0.40 ms, found 0 plugins.
Preloading 0 native plugins for Editor in 0.00 ms.
Asset Pipeline Refresh (id=24808206e787d9c5299718c3cb655520): Total: 0.008 seconds - Initiated by StopAssetImportingV2(NoUpdateAssetOptions)
Start importing Assets/_Project/Generated/Data/Characters/civik.asset using Guid(bde9f6fceecc92a35b8548dcaf1b4b0e) (NativeFormatImporter) -> (artifact id: '454fa6dbafee2f6dbaeb57273f0fe456') in 0.001091861 seconds
Refreshing native plugins compatible for Editor in 0.43 ms, found 0 plugins.
Preloading 0 native plugins for Editor in 0.00 ms.
Asset Pipeline Refresh (id=53a9813d3c97a270a90fc192ee6532a4): Total: 0.045 seconds - Initiated by StopAssetImportingV2(NoUpdateAssetOptions)
Start importing Assets/_Project/Generated/Data/Characters/mirnav.asset using Guid(9f5633d0d967db341920c854c8cbda00) (NativeFormatImporter) -> (artifact id: '7db9fc57d8d6051fc660add9b53305c7') in 0.001176116 seconds
Refreshing native plugins compatible for Editor in 0.41 ms, found 0 plugins.
Preloading 0 native plugins for Editor in 0.00 ms.
Asset Pipeline Refresh (id=f3c061b423d3d43c3a62e81963f222a6): Total: 0.008 seconds - Initiated by StopAssetImportingV2(NoUpdateAssetOptions)
Start importing Assets/_Project/Generated/Data/Characters/balonbas.asset using Guid(edbb4daf21166e86fa7b1b5190186ca7) (NativeFormatImporter) -> (artifact id: '0db26a8d78d0c0c506df0c930f32f019') in 0.001086012 seconds
Refreshing native plugins compatible for Editor in 0.42 ms, found 0 plugins.
Preloading 0 native plugins for Editor in 0.00 ms.
Asset Pipeline Refresh (id=68d9699383351443a8493568355266ca): Total: 0.045 seconds - Initiated by StopAssetImportingV2(NoUpdateAssetOptions)
Start importing Assets/_Project/Generated/Data/Characters/yildizpati.asset using Guid(1cedd5f7dde982f45b719b965d890425) (NativeFormatImporter) -> (artifact id: '008efbfdd790b3820e0008bbfabb3940') in 0.001162005 seconds
Refreshing native plugins compatible for Editor in 0.39 ms, found 0 plugins.
Preloading 0 native plugins for Editor in 0.00 ms.
Asset Pipeline Refresh (id=0badf2a6144ff8cf4810316a26b753db): Total: 0.008 seconds - Initiated by StopAssetImportingV2(NoUpdateAssetOptions)
Start importing Assets/_Project/Generated/Data/Characters/pengu.asset using Guid(5d5b6c4227cc7049e9dcc03afbb8cb3a) (NativeFormatImporter) -> (artifact id: '845c40f839807904efbd9a191a5efc7d') in 0.001065682 seconds
Refreshing native plugins compatible for Editor in 0.44 ms, found 0 plugins.
Preloading 0 native plugins for Editor in 0.00 ms.
Asset Pipeline Refresh (id=6c976070425286141a959b8d62a96f23): Total: 0.044 seconds - Initiated by StopAssetImportingV2(NoUpdateAssetOptions)
Start importing Assets/_Project/Generated/Data/Characters/kuzu.asset using Guid(40dd79ea6d1256af4bb954280a8ee343) (NativeFormatImporter) -> (artifact id: '45349932190999dca9bd8887289d6cfd') in 0.001076108 seconds
Refreshing native plugins compatible for Editor in 0.41 ms, found 0 plugins.
Preloading 0 native plugins for Editor in 0.00 ms.
Asset Pipeline Refresh (id=c1f0ff53aba7d3e8bb8e93e29c511498): Total: 0.008 seconds - Initiated by StopAssetImportingV2(NoUpdateAssetOptions)
Start importing Assets/_Project/Generated/Data/Characters/gizli.asset using Guid(b5bed3e0fb2584784862f45be7e7fdf4) (NativeFormatImporter) -> (artifact id: 'fbb0c08984ad32c23b989c0627e6c8af') in 0.000984422 seconds
Refreshing native plugins compatible for Editor in 0.43 ms, found 0 plugins.
Preloading 0 native plugins for Editor in 0.00 ms.
Asset Pipeline Refresh (id=16dfe237532b4281aaa62879f1b622ad): Total: 0.045 seconds - Initiated by StopAssetImportingV2(NoUpdateAssetOptions)
Start importing Assets/_Project/Generated/Data/Constellation.asset using Guid(9700ce9627339ac9f9585907b9073883) (NativeFormatImporter) -> (artifact id: 'c725c599a10af3e911367f1feb69e70e') in 0.001097169 seconds
Refreshing native plugins compatible for Editor in 0.42 ms, found 0 plugins.
Preloading 0 native plugins for Editor in 0.00 ms.
Asset Pipeline Refresh (id=330a691a2460a57c089429607967c4e4): Total: 0.008 seconds - Initiated by StopAssetImportingV2(NoUpdateAssetOptions)
Start importing ProjectSettings/ProjectSettings.asset using Guid(00000000000000004000000000000000) (LibraryAssetImporter) -> (artifact id: '60b0049215e1019383005147be8e822f') in 0.001561649 seconds
Start importing Assets/_Project/Generated/Data/Passives/carrot_shield.asset using Guid(002677a67042952f3862aba99eeb77bd) (NativeFormatImporter) -> (artifact id: '213198d0fa5cab0a847cd844ccb6dfda') in 0.000846467 seconds
Start importing Assets/_Project/Generated/Data/Weapons/star_boomerang.asset using Guid(50e39ef55658298308ae859f7f7c08fe) (NativeFormatImporter) -> (artifact id: '1f18942afa5bd1b3fc9bd258c6c08cd5') in 0.000840938 seconds
Start importing Assets/_Project/Generated/Data/Weapons/feather_blaster.asset using Guid(31d5c6de9d239e0cf91e3682ede5a26d) (NativeFormatImporter) -> (artifact id: '1f76b7333eb2f72bba338bd81ee54dc0') in 0.000818696 seconds
Start importing Assets/_Project/Generated/Data/Passives/glass_cannon.asset using Guid(71b1b6f1dcbefb525be53b65f1806253) (NativeFormatImporter) -> (artifact id: '0aa96fa7c154836952d33cf55e773ca2') in 0.000803543 seconds
Start importing Assets/_Project/Generated/Data/Weapons/bubble_orbit.asset using Guid(81b130a130acb20e6b5aac74eb41e4b1) (NativeFormatImporter) -> (artifact id: 'f119564ad1b98116702827c9145416ee') in 0.000809151 seconds
Start importing Assets/_Project/Generated/Data/Passives/double_barrel.asset using Guid(525942d3808ebc4cd88dcde8a7bea400) (NativeFormatImporter) -> (artifact id: '077f0180b5e3513d135c2f3c59e07fd4') in 0.000800098 seconds
Start importing Assets/_Project/Generated/Data/Weapons/mega_chick_cannon.asset using Guid(a26e4e81d2c2329af95d25f8eb461363) (NativeFormatImporter) -> (artifact id: '616579f8535aca4beae2f6d6587f669e') in 0.000795481 seconds
Start importing Assets/_Project/Generated/Data/Weapons/fish_missile.asset using Guid(b28e1eff5394bdc17b77913407d46238) (NativeFormatImporter) -> (artifact id: '544edff76c9dd8824cc6d509f73f3117') in 0.000818735 seconds
Start importing Assets/_Project/Generated/Data/Passives/hot_pan.asset using Guid(f2e3a2afd52d5097b8f2a52f1fd41d6a) (NativeFormatImporter) -> (artifact id: '6996ca870d16e4fc456dfda98e16e620') in 0.000784494 seconds
Start importing Assets/_Project/Generated/Data/Passives/crystal_glasses.asset using Guid(240736fc0c12e6f18ab1d3e235c62081) (NativeFormatImporter) -> (artifact id: '0d4963262c885a55bd9acf84d746039b') in 0.000783734 seconds
Start importing Assets/_Project/Generated/Data/Weapons/yarn_cyclone.asset using Guid(3536b1878abff2c78bf9a30aa6bffcec) (NativeFormatImporter) -> (artifact id: '50a170011607686d7324bb111c215981') in 0.000772056 seconds
Start importing Assets/_Project/Generated/Data/Passives/wise_owl.asset using Guid(265c2230c42a0e264b52e3626f0e4d20) (NativeFormatImporter) -> (artifact id: '1200ba8beff87d2f13edac15207a1d32') in 0.000777074 seconds
Start importing Assets/_Project/Generated/Data/Passives/moon_dust.asset using Guid(27f302037371e32b48a13089a4193c8e) (NativeFormatImporter) -> (artifact id: '4d34f6fe8fe0097a00da9c1fb774b442') in 0.000777133 seconds
Start importing Assets/_Project/Generated/Data/Weapons/star_bow.asset using Guid(2738baac66ab08fb592b96efd848f81c) (NativeFormatImporter) -> (artifact id: 'fea6f69463f65bc12a1464cc922fad5a') in 0.00078093 seconds
Start importing Assets/_Project/Generated/Data/Weapons/spark_cat.asset using Guid(671c3a5786ff99a6280bb74f6f2a212f) (NativeFormatImporter) -> (artifact id: 'b9b4052b79988bed68171f4979311c1e') in 0.000784344 seconds
Start importing Assets/_Project/Generated/Data/Passives/last_stand.asset using Guid(d7a69fc7639dd99a28b459d0a70a2fa4) (NativeFormatImporter) -> (artifact id: 'd4739a01c02d7f22963267204d7d3d51') in 0.000791054 seconds
Start importing Assets/_Project/Generated/Data/Weapons/glacier_gun.asset using Guid(f77342ab47a3f05ae88c90b338ee2b0b) (NativeFormatImporter) -> (artifact id: '3e875e2e59a5d5651a6fb6c3502d2d6e') in 0.000791114 seconds
Start importing Assets/_Project/Generated/Data/Weapons/spark_pistol.asset using Guid(f798a0822f78e23d0947ccd97f9dd230) (NativeFormatImporter) -> (artifact id: 'ed0e2775df57d9f6dd3ebbc8ae673b7b') in 0.000799697 seconds
Start importing Assets/_Project/Generated/Data/Passives/stretchy_gum.asset using Guid(084d499d56aa28371b022b1ba6b93d88) (NativeFormatImporter) -> (artifact id: '0edcf59b701845a31919bd83b99cfc1a') in 0.000795952 seconds
Start importing Assets/_Project/Generated/Data/Passives/golden_paw.asset using Guid(589b9349362537e2dad5afa0f4782b1d) (NativeFormatImporter) -> (artifact id: '618bd80f0dd1fb9df10b56405ffa80f5') in 0.00077453 seconds
Start importing Assets/_Project/Generated/Data/Weapons/ice_gun.asset using Guid(7874d4b7816eae0259b4bf65953554f3) (NativeFormatImporter) -> (artifact id: '7278bf551047505944a359ca4d5d2988') in 0.000795571 seconds
Start importing Assets/_Project/Generated/Data/Weapons/yarn_launcher.asset using Guid(88cdfbac8e7c801d1b823bc38c5527e7) (NativeFormatImporter) -> (artifact id: '765cb400339a45ede18d420d05925733') in 0.000789242 seconds
Start importing Assets/_Project/Generated/Data/Weapons/egg_mortar.asset using Guid(a8de9e85a9b9ef78d9871d7e03b0dfe4) (NativeFormatImporter) -> (artifact id: 'b2162d374a12c6a6615fa7af2bb247d7') in 0.00078748 seconds
Start importing Assets/_Project/Generated/Data/Passives/battery_collar.asset using Guid(c814a7fc13859c409bb2c20fd659dd17) (NativeFormatImporter) -> (artifact id: '5c65b36395a720b66febb375b657301c') in 0.000790764 seconds
Start importing Assets/_Project/Generated/Data/Passives/lucky_clover.asset using Guid(39b1ec1f78bbd5111a9ee9de30f61aeb) (NativeFormatImporter) -> (artifact id: '911180fa6cfe7ce037dd8c96a72bd9be') in 0.000803693 seconds
Start importing Assets/_Project/Generated/Data/Passives/sugar_heart.asset using Guid(f91cf612fe2f6241ba258f930fab2e4b) (NativeFormatImporter) -> (artifact id: '93adc257c2e227cf9a56b14d5083d0b9') in 0.000808921 seconds
Start importing Assets/_Project/Generated/Data/Weapons/chick_cannon.asset using Guid(5bafd997ce5d7e51d932920f5cb6b7a8) (NativeFormatImporter) -> (artifact id: '6f41fb3a0de485cf9f30dbfaf09c50c3') in 0.000799827 seconds
Start importing Assets/_Project/Generated/Data/Weapons/bubble_rifle.asset using Guid(cb1a163d63e16de30899e0d85ecb329b) (NativeFormatImporter) -> (artifact id: 'ffe77dc775993d78a8b9f5f4c0880fde') in 0.000799868 seconds
Start importing Assets/_Project/Generated/Data/Weapons/thunder_pistol.asset using Guid(ec79f0bc964f34f7ea43361aaa099217) (NativeFormatImporter) -> (artifact id: 'a0ee168fa36ac7b2dde6505055ddf66c') in 0.000791365 seconds
Start importing Assets/_Project/Generated/Data/Weapons/comet_bow.asset using Guid(ad416685a2f073ed9816769152ca3f84) (NativeFormatImporter) -> (artifact id: '70048a70764f7bcdf2c6c2c41221d9e5') in 0.000785105 seconds
Start importing Assets/_Project/Generated/Data/Weapons/yarn_ball.asset using Guid(5e9ec41adf140be3bbb0f6aa8fe4e8be) (NativeFormatImporter) -> (artifact id: '453a326ca28d7e29bb592abc2607f110') in 0.000792697 seconds
Start importing Assets/_Project/Generated/Data/Passives/tiger_eye.asset using Guid(de8c2744e79a8615db610c5e6d24e256) (NativeFormatImporter) -> (artifact id: '34b85f32d464411b54aff5adad5fa2e3') in 0.000790694 seconds
Start importing Assets/_Project/Generated/Data/Passives/turtle_shell.asset using Guid(fe2d41d80a1afc7d188f4ccc3689e4f2) (NativeFormatImporter) -> (artifact id: '303909ede00baf014fc78e458129bae4') in 0.000809061 seconds
Start importing Assets/_Project/Generated/Data/Passives/sharp_claws.asset using Guid(fecee65dc0bb4215381502e02e4b5feb) (NativeFormatImporter) -> (artifact id: 'd21099c3da6dc5250942909dc5e48bab') in 0.000790714 seconds
Start importing Assets/_Project/Generated/Data/Weapons/bubble_storm.asset using Guid(2f70855dca98ada46af6ce168660fa2b) (NativeFormatImporter) -> (artifact id: 'b1a692687162daec81d5e5fc09e8bdf4') in 0.000783212 seconds
Refreshing native plugins compatible for Editor in 0.47 ms, found 0 plugins.
Preloading 0 native plugins for Editor in 0.00 ms.
Asset Pipeline Refresh (id=e43bebb8a6eddfbd9b5d21e5c3341676): Total: 0.089 seconds - Initiated by StopAssetImportingV2(NoUpdateAssetOptions)
Start importing Assets/_Project/Scenes using Guid(cca05a4f5e9c1684f91f6d37ab6ef86b) (DefaultImporter) -> (artifact id: 'ccda1b9eca62027af52b0f3daaa4a438') in 0.000913376 seconds
Refreshing native plugins compatible for Editor in 0.41 ms, found 0 plugins.
Preloading 0 native plugins for Editor in 0.00 ms.
Asset Pipeline Refresh (id=764a4a0a1238cb21e9892d6ebd942c04): Total: 0.009 seconds - Initiated by StopAssetImportingV2(NoUpdateAssetOptions)
Start importing ProjectSettings/ProjectSettings.asset using Guid(00000000000000004000000000000000) (LibraryAssetImporter) -> (artifact id: 'a901a0f4d6067f3fb8a0518a496fa5d2') in 0.001505144 seconds
Refreshing native plugins compatible for Editor in 0.43 ms, found 0 plugins.
Preloading 0 native plugins for Editor in 0.00 ms.
Asset Pipeline Refresh (id=278a4634f8959f4a4bf46f4923c08709): Total: 0.045 seconds - Initiated by StopAssetImportingV2(NoUpdateAssetOptions)
Start importing Assets/_Project/Scenes/Main.unity using Guid(2751343178f0f7216b1dc4bd53f92516) (DefaultImporter) -> (artifact id: '31eedee6a5b89e43da0b5350924b106c') in 0.000826227 seconds
Refreshing native plugins compatible for Editor in 0.40 ms, found 0 plugins.
Preloading 0 native plugins for Editor in 0.00 ms.
Asset Pipeline Refresh (id=d59d75bc6b7f8e02f9ea64e73c055aae): Total: 0.009 seconds - Initiated by StopAssetImportingV2(NoUpdateAssetOptions)
[Pofuduk Filo] Kurulum tamam. Play'e basın (Game görünümünü 9:19.5 portreye alın).
UnityEngine.Debug:ExtractStackTraceNoAlloc (byte*,int,string)
UnityEngine.StackTraceUtility:ExtractStackTrace () (at /home/bokken/build/output/unity/unity/Runtime/Export/Scripting/StackTrace.cs:35)
UnityEngine.DebugLogHandler:Internal_Log (UnityEngine.LogType,UnityEngine.LogOption,string,UnityEngine.Object)
UnityEngine.DebugLogHandler:LogFormat (UnityEngine.LogType,UnityEngine.Object,string,object[])
UnityEngine.Logger:Log (UnityEngine.LogType,object)
UnityEngine.Debug:Log (object)
PofudukFilo.EditorTools.PofudukFiloSetup:BuildEverythingNonInteractive () (at Assets/_Project/Scripts/Editor/PofudukFiloSetup.cs:56)
PofudukFilo.EditorTools.CiBuild:BuildAndroid () (at Assets/_Project/Scripts/Editor/CiBuild.cs:21)

(Filename: Assets/_Project/Scripts/Editor/PofudukFiloSetup.cs Line: 56)

Start importing Assets/GoogleMobileAds using Guid(da799223cd6d3da30ad2cd6cf82a9552) (DefaultImporter) -> (artifact id: 'e7f31d22a8a471c6e19c024159f36956') in 0.000792947 seconds
Start importing Assets/GoogleMobileAds/Resources using Guid(67dc3bb5ae5927ff98210e8d04e95403) (DefaultImporter) -> (artifact id: '9423428e71f85fa9afe70dac4c06e938') in 0.000705238 seconds
Start importing Assets/GoogleMobileAds/Resources/GoogleMobileAdsSettings.asset using Guid(8add6058af9b157e3a126564a409bb00) (NativeFormatImporter) -> (artifact id: '38352fd8ff93e80ca20804d20c6fd8ff') in 0.000938413 seconds
Refreshing native plugins compatible for Editor in 0.43 ms, found 0 plugins.
Preloading 0 native plugins for Editor in 0.00 ms.
Asset Pipeline Refresh (id=7a8e02e5bd7fa6f3d8e25dad528fe9cc): Total: 0.051 seconds - Initiated by StopAssetImportingV2(NoUpdateAssetOptions)
Start importing ProjectSettings/ProjectSettings.asset using Guid(00000000000000004000000000000000) (LibraryAssetImporter) -> (artifact id: 'a9368bcd5efd59415f7ac133cfa77ef7') in 0.001525706 seconds
Start importing ProjectSettings/EditorBuildSettings.asset using Guid(0000000000000000b000000000000000) (LibraryAssetImporter) -> (artifact id: 'c290b06284265a22745dd35a19dddde9') in 0.000780018 seconds
Refreshing native plugins compatible for Editor in 0.40 ms, found 0 plugins.
Preloading 0 native plugins for Editor in 0.00 ms.
Asset Pipeline Refresh (id=c21e984cca4195dc5b16f949cfb86e71): Total: 0.009 seconds - Initiated by StopAssetImportingV2(NoUpdateAssetOptions)
Start importing Assets/GoogleMobileAds/Resources/GoogleMobileAdsSettings.asset using Guid(8add6058af9b157e3a126564a409bb00) (NativeFormatImporter) -> (artifact id: '8e57744ede7ff1aad566ea8a387ff355') in 0.00097001 seconds
Refreshing native plugins compatible for Editor in 0.45 ms, found 0 plugins.
Preloading 0 native plugins for Editor in 0.00 ms.
Asset Pipeline Refresh (id=0362f8238c0c9370fba6c445edefa6f1): Total: 0.045 seconds - Initiated by StopAssetImportingV2(NoUpdateAssetOptions)
[Ads] AdMob Android App ID set.
UnityEngine.Debug:ExtractStackTraceNoAlloc (byte*,int,string)
UnityEngine.StackTraceUtility:ExtractStackTrace () (at /home/bokken/build/output/unity/unity/Runtime/Export/Scripting/StackTrace.cs:35)
UnityEngine.DebugLogHandler:Internal_Log (UnityEngine.LogType,UnityEngine.LogOption,string,UnityEngine.Object)
UnityEngine.DebugLogHandler:LogFormat (UnityEngine.LogType,UnityEngine.Object,string,object[])
UnityEngine.Logger:Log (UnityEngine.LogType,object)
UnityEngine.Debug:Log (object)
PofudukFilo.EditorTools.AdsBuildSetup:SetAppId (System.Type) (at Assets/_Project/Scripts/Editor/AdsBuildSetup.cs:64)
PofudukFilo.EditorTools.AdsBuildSetup:PrepareAndroid () (at Assets/_Project/Scripts/Editor/AdsBuildSetup.cs:29)
PofudukFilo.EditorTools.CiBuild:BuildAndroid () (at Assets/_Project/Scripts/Editor/CiBuild.cs:23)

(Filename: Assets/_Project/Scripts/Editor/AdsBuildSetup.cs Line: 64)

Start importing Assets/Plugins using Guid(40cf7ec30289b7ec788cd43cab9e3a67) (DefaultImporter) -> (artifact id: '227f2d2126bca172a47d2764d8382adb') in 0.000903611 seconds
Start importing Assets/Plugins/Android using Guid(6bc37a57ab01f076ca3edaaca3d2a23a) (DefaultImporter) -> (artifact id: 'cc57e72b63d61aaf83a4ca40385920d6') in 0.000703815 seconds
Start importing Assets/Plugins/Android/gradleTemplate.properties using Guid(567f42febf0a1b0f28f86a551fb3717a) (DefaultImporter) -> (artifact id: '0a80bd0809abb5925213b381bfed4bfa') in 0.000915589 seconds
Start importing Assets/Plugins/Android/settingsTemplate.gradle using Guid(89987b100d8d51e47862d8ab23ce7c3e) (DefaultImporter) -> (artifact id: '3f94a5fa7b41b6b1d0f8f3a715474b52') in 0.000823833 seconds
Start importing Assets/Plugins/Android/mainTemplate.gradle using Guid(9af604f62ccab821e8be0337aae96ed6) (DefaultImporter) -> (artifact id: '8b0bb8ca2a9f9e6d5a32dec4d54e358e') in 0.000795831 seconds
Refreshing native plugins compatible for Editor in 0.41 ms, found 0 plugins.
Preloading 0 native plugins for Editor in 0.00 ms.
Asset Pipeline Refresh (id=a3ae14a747aceaf4cbb1a3f570612e3a): Total: 0.045 seconds - Initiated by RefreshV2(NoUpdateAssetOptions)
﻿﻿﻿﻿Start importing Assets/Plugins/Android/gradleTemplate.properties using Guid(567f42febf0a1b0f28f86a551fb3717a) (DefaultImporter) -> (artifact id: 'b6dc8d40b357e529606dc377420290dd') in 0.001103899 seconds
Start importing Assets/Plugins/Android/settingsTemplate.gradle using Guid(89987b100d8d51e47862d8ab23ce7c3e) (DefaultImporter) -> (artifact id: '159497c5d22a3985ab052bf3a6a964d5') in 0.000710455 seconds
Start importing Assets/Plugins/Android/mainTemplate.gradle using Guid(9af604f62ccab821e8be0337aae96ed6) (DefaultImporter) -> (artifact id: '54d8f9c560295db2e7f43471edcd2310') in 0.00069325 seconds
Refreshing native plugins compatible for Editor in 0.45 ms, found 0 plugins.
Preloading 0 native plugins for Editor in 0.00 ms.
Asset Pipeline Refresh (id=60e5dbad67ffef1eda7fbe6c2f4bffd9): Total: 0.038 seconds - Initiated by RefreshV2(NoUpdateAssetOptions)
[Ads] Android dependencies resolved: True
UnityEngine.Debug:ExtractStackTraceNoAlloc (byte*,int,string)
UnityEngine.StackTraceUtility:ExtractStackTrace () (at /home/bokken/build/output/unity/unity/Runtime/Export/Scripting/StackTrace.cs:35)
UnityEngine.DebugLogHandler:Internal_Log (UnityEngine.LogType,UnityEngine.LogOption,string,UnityEngine.Object)
UnityEngine.DebugLogHandler:LogFormat (UnityEngine.LogType,UnityEngine.Object,string,object[])
UnityEngine.Logger:Log (UnityEngine.LogType,object)
UnityEngine.Debug:Log (object)
PofudukFilo.EditorTools.AdsBuildSetup:Resolve () (at Assets/_Project/Scripts/Editor/AdsBuildSetup.cs:95)
PofudukFilo.EditorTools.AdsBuildSetup:PrepareAndroid () (at Assets/_Project/Scripts/Editor/AdsBuildSetup.cs:31)
PofudukFilo.EditorTools.CiBuild:BuildAndroid () (at Assets/_Project/Scripts/Editor/CiBuild.cs:23)

(Filename: Assets/_Project/Scripts/Editor/AdsBuildSetup.cs Line: 95)

Opening scene 'Assets/_Project/Scenes/Main.unity'
Unloading 0 Unused Serialized files (Serialized files now loaded: 0)
[Licensing::Client] Successfully resolved entitlement details
Loaded scene 'Assets/_Project/Scenes/Main.unity'
	Deserialize:            4.477 ms
	Integration:            198.706 ms
	Integration of assets:  0.001 ms
	Thread Wait Time:       2.378 ms
	Total Operation Time:   205.563 ms
Unloading 469 unused Assets / (161.7 MB). Loaded Objects now: 3093.
Memory consumption went from 0.53 GB to 376.6 MB.
Total: 14.023952 ms (FindLiveObjects: 0.236141 ms CreateObjectMapping: 0.047590 ms MarkObjects: 10.625246 ms  DeleteObjects: 3.114174 ms)

Running Android Gradle Build Pre-Processor.
UnityEngine.Debug:ExtractStackTraceNoAlloc (byte*,int,string)
UnityEngine.StackTraceUtility:ExtractStackTrace () (at /home/bokken/build/output/unity/unity/Runtime/Export/Scripting/StackTrace.cs:35)
UnityEngine.DebugLogHandler:Internal_Log (UnityEngine.LogType,UnityEngine.LogOption,string,UnityEngine.Object)
UnityEngine.DebugLogHandler:LogFormat (UnityEngine.LogType,UnityEngine.Object,string,object[])
UnityEngine.Logger:Log (UnityEngine.LogType,object)
UnityEngine.Debug:Log (object)
GoogleMobileAds.Editor.AndroidBuildPreProcessor:ApplyBuildSettings (UnityEditor.Build.Reporting.BuildReport) (at ./Library/PackageCache/com.google.ads.mobile@0e7fbe087950/GoogleMobileAds/Editor/AndroidBuildPreProcessor.cs:76)
GoogleMobileAds.Editor.AndroidBuildPreProcessor:OnPreprocessBuild (UnityEditor.Build.Reporting.BuildReport) (at ./Library/PackageCache/com.google.ads.mobile@0e7fbe087950/GoogleMobileAds/Editor/AndroidBuildPreProcessor.cs:70)
UnityEditor.Build.BuildPipelineInterfaces/<>c__DisplayClass17_0:<OnBuildPreProcess>b__1 (UnityEditor.Build.IPreprocessBuildWithReport) (at /home/bokken/build/output/unity/unity/Editor/Mono/BuildPipeline/BuildPipelineInterfaces.cs:526)
UnityEditor.Build.BuildPipelineInterfaces:InvokeCallbackInterfacesPair<UnityEditor.Build.IPreprocessBuild, UnityEditor.Build.IPreprocessBuildWithReport> (System.Collections.Generic.List`1<UnityEditor.Build.IPreprocessBuild>,System.Action`1<UnityEditor.Build.IPreprocessBuild>,System.Collections.Generic.List`1<UnityEditor.Build.IPreprocessBuildWithReport>,System.Action`1<UnityEditor.Build.IPreprocessBuildWithReport>,bool) (at /home/bokken/build/output/unity/unity/Editor/Mono/BuildPipeline/BuildPipelineInterfaces.cs:492)
UnityEditor.Build.BuildPipelineInterfaces:OnBuildPreProcess (UnityEditor.Build.Reporting.BuildReport) (at /home/bokken/build/output/unity/unity/Editor/Mono/BuildPipeline/BuildPipelineInterfaces.cs:524)
UnityEditor.BuildPipeline:BuildPlayerInternalNoCheck (string[],string,string,UnityEditor.BuildTargetGroup,UnityEditor.BuildTarget,int,UnityEditor.BuildOptions,string[],bool)
UnityEditor.BuildPipeline:BuildPlayerInternal (string[],string,string,UnityEditor.BuildTargetGroup,UnityEditor.BuildTarget,int,UnityEditor.BuildOptions,string[]) (at /home/bokken/build/output/unity/unity/Editor/Mono/BuildPipeline.bindings.cs:494)
UnityEditor.BuildPipeline:BuildPlayer (string[],string,string,UnityEditor.BuildTargetGroup,UnityEditor.BuildTarget,int,UnityEditor.BuildOptions,string[]) (at /home/bokken/build/output/unity/unity/Editor/Mono/BuildPipeline.bindings.cs:410)
UnityEditor.BuildPipeline:BuildPlayer (UnityEditor.BuildPlayerOptions) (at /home/bokken/build/output/unity/unity/Editor/Mono/BuildPipeline.bindings.cs:356)
PofudukFilo.EditorTools.CiBuild:BuildAndroid () (at Assets/_Project/Scripts/Editor/CiBuild.cs:44)

(Filename: ./Library/PackageCache/com.google.ads.mobile@0e7fbe087950/GoogleMobileAds/Editor/AndroidBuildPreProcessor.cs Line: 76)

Verified Minimum API Level is >= 23.
UnityEngine.Debug:ExtractStackTraceNoAlloc (byte*,int,string)
UnityEngine.StackTraceUtility:ExtractStackTrace () (at /home/bokken/build/output/unity/unity/Runtime/Export/Scripting/StackTrace.cs:35)
UnityEngine.DebugLogHandler:Internal_Log (UnityEngine.LogType,UnityEngine.LogOption,string,UnityEngine.Object)
UnityEngine.DebugLogHandler:LogFormat (UnityEngine.LogType,UnityEngine.Object,string,object[])
UnityEngine.Logger:Log (UnityEngine.LogType,object)
UnityEngine.Debug:Log (object)
GoogleMobileAds.Editor.AndroidBuildPreProcessor:ApplyBuildSettings (UnityEditor.Build.Reporting.BuildReport) (at ./Library/PackageCache/com.google.ads.mobile@0e7fbe087950/GoogleMobileAds/Editor/AndroidBuildPreProcessor.cs:89)
GoogleMobileAds.Editor.AndroidBuildPreProcessor:OnPreprocessBuild (UnityEditor.Build.Reporting.BuildReport) (at ./Library/PackageCache/com.google.ads.mobile@0e7fbe087950/GoogleMobileAds/Editor/AndroidBuildPreProcessor.cs:70)
UnityEditor.Build.BuildPipelineInterfaces/<>c__DisplayClass17_0:<OnBuildPreProcess>b__1 (UnityEditor.Build.IPreprocessBuildWithReport) (at /home/bokken/build/output/unity/unity/Editor/Mono/BuildPipeline/BuildPipelineInterfaces.cs:526)
UnityEditor.Build.BuildPipelineInterfaces:InvokeCallbackInterfacesPair<UnityEditor.Build.IPreprocessBuild, UnityEditor.Build.IPreprocessBuildWithReport> (System.Collections.Generic.List`1<UnityEditor.Build.IPreprocessBuild>,System.Action`1<UnityEditor.Build.IPreprocessBuild>,System.Collections.Generic.List`1<UnityEditor.Build.IPreprocessBuildWithReport>,System.Action`1<UnityEditor.Build.IPreprocessBuildWithReport>,bool) (at /home/bokken/build/output/unity/unity/Editor/Mono/BuildPipeline/BuildPipelineInterfaces.cs:492)
UnityEditor.Build.BuildPipelineInterfaces:OnBuildPreProcess (UnityEditor.Build.Reporting.BuildReport) (at /home/bokken/build/output/unity/unity/Editor/Mono/BuildPipeline/BuildPipelineInterfaces.cs:524)
UnityEditor.BuildPipeline:BuildPlayerInternalNoCheck (string[],string,string,UnityEditor.BuildTargetGroup,UnityEditor.BuildTarget,int,UnityEditor.BuildOptions,string[],bool)
UnityEditor.BuildPipeline:BuildPlayerInternal (string[],string,string,UnityEditor.BuildTargetGroup,UnityEditor.BuildTarget,int,UnityEditor.BuildOptions,string[]) (at /home/bokken/build/output/unity/unity/Editor/Mono/BuildPipeline.bindings.cs:494)
UnityEditor.BuildPipeline:BuildPlayer (string[],string,string,UnityEditor.BuildTargetGroup,UnityEditor.BuildTarget,int,UnityEditor.BuildOptions,string[]) (at /home/bokken/build/output/unity/unity/Editor/Mono/BuildPipeline.bindings.cs:410)
UnityEditor.BuildPipeline:BuildPlayer (UnityEditor.BuildPlayerOptions) (at /home/bokken/build/output/unity/unity/Editor/Mono/BuildPipeline.bindings.cs:356)
PofudukFilo.EditorTools.CiBuild:BuildAndroid () (at Assets/_Project/Scripts/Editor/CiBuild.cs:44)

(Filename: ./Library/PackageCache/com.google.ads.mobile@0e7fbe087950/GoogleMobileAds/Editor/AndroidBuildPreProcessor.cs Line: 89)

Verified mainTemplate.gradle.
UnityEngine.Debug:ExtractStackTraceNoAlloc (byte*,int,string)
UnityEngine.StackTraceUtility:ExtractStackTrace () (at /home/bokken/build/output/unity/unity/Runtime/Export/Scripting/StackTrace.cs:35)
UnityEngine.DebugLogHandler:Internal_Log (UnityEngine.LogType,UnityEngine.LogOption,string,UnityEngine.Object)
UnityEngine.DebugLogHandler:LogFormat (UnityEngine.LogType,UnityEngine.Object,string,object[])
UnityEngine.Logger:Log (UnityEngine.LogType,object)
UnityEngine.Debug:Log (object)
GoogleMobileAds.Editor.AndroidBuildPreProcessor:EnsureGradleFileExists (string) (at ./Library/PackageCache/com.google.ads.mobile@0e7fbe087950/GoogleMobileAds/Editor/AndroidBuildPreProcessor.cs:186)
GoogleMobileAds.Editor.AndroidBuildPreProcessor:ApplyBuildSettings (UnityEditor.Build.Reporting.BuildReport) (at ./Library/PackageCache/com.google.ads.mobile@0e7fbe087950/GoogleMobileAds/Editor/AndroidBuildPreProcessor.cs:107)
GoogleMobileAds.Editor.AndroidBuildPreProcessor:OnPreprocessBuild (UnityEditor.Build.Reporting.BuildReport) (at ./Library/PackageCache/com.google.ads.mobile@0e7fbe087950/GoogleMobileAds/Editor/AndroidBuildPreProcessor.cs:70)
UnityEditor.Build.BuildPipelineInterfaces/<>c__DisplayClass17_0:<OnBuildPreProcess>b__1 (UnityEditor.Build.IPreprocessBuildWithReport) (at /home/bokken/build/output/unity/unity/Editor/Mono/BuildPipeline/BuildPipelineInterfaces.cs:526)
UnityEditor.Build.BuildPipelineInterfaces:InvokeCallbackInterfacesPair<UnityEditor.Build.IPreprocessBuild, UnityEditor.Build.IPreprocessBuildWithReport> (System.Collections.Generic.List`1<UnityEditor.Build.IPreprocessBuild>,System.Action`1<UnityEditor.Build.IPreprocessBuild>,System.Collections.Generic.List`1<UnityEditor.Build.IPreprocessBuildWithReport>,System.Action`1<UnityEditor.Build.IPreprocessBuildWithReport>,bool) (at /home/bokken/build/output/unity/unity/Editor/Mono/BuildPipeline/BuildPipelineInterfaces.cs:492)
UnityEditor.Build.BuildPipelineInterfaces:OnBuildPreProcess (UnityEditor.Build.Reporting.BuildReport) (at /home/bokken/build/output/unity/unity/Editor/Mono/BuildPipeline/BuildPipelineInterfaces.cs:524)
UnityEditor.BuildPipeline:BuildPlayerInternalNoCheck (string[],string,string,UnityEditor.BuildTargetGroup,UnityEditor.BuildTarget,int,UnityEditor.BuildOptions,string[],bool)
UnityEditor.BuildPipeline:BuildPlayerInternal (string[],string,string,UnityEditor.BuildTargetGroup,UnityEditor.BuildTarget,int,UnityEditor.BuildOptions,string[]) (at /home/bokken/build/output/unity/unity/Editor/Mono/BuildPipeline.bindings.cs:494)
UnityEditor.BuildPipeline:BuildPlayer (string[],string,string,UnityEditor.BuildTargetGroup,UnityEditor.BuildTarget,int,UnityEditor.BuildOptions,string[]) (at /home/bokken/build/output/unity/unity/Editor/Mono/BuildPipeline.bindings.cs:410)
UnityEditor.BuildPipeline:BuildPlayer (UnityEditor.BuildPlayerOptions) (at /home/bokken/build/output/unity/unity/Editor/Mono/BuildPipeline.bindings.cs:356)
PofudukFilo.EditorTools.CiBuild:BuildAndroid () (at Assets/_Project/Scripts/Editor/CiBuild.cs:44)

(Filename: ./Library/PackageCache/com.google.ads.mobile@0e7fbe087950/GoogleMobileAds/Editor/AndroidBuildPreProcessor.cs Line: 186)

Verified gradleTemplate.properties.
UnityEngine.Debug:ExtractStackTraceNoAlloc (byte*,int,string)
UnityEngine.StackTraceUtility:ExtractStackTrace () (at /home/bokken/build/output/unity/unity/Runtime/Export/Scripting/StackTrace.cs:35)
UnityEngine.DebugLogHandler:Internal_Log (UnityEngine.LogType,UnityEngine.LogOption,string,UnityEngine.Object)
UnityEngine.DebugLogHandler:LogFormat (UnityEngine.LogType,UnityEngine.Object,string,object[])
UnityEngine.Logger:Log (UnityEngine.LogType,object)
UnityEngine.Debug:Log (object)
GoogleMobileAds.Editor.AndroidBuildPreProcessor:EnsureGradleFileExists (string) (at ./Library/PackageCache/com.google.ads.mobile@0e7fbe087950/GoogleMobileAds/Editor/AndroidBuildPreProcessor.cs:186)
GoogleMobileAds.Editor.AndroidBuildPreProcessor:ApplyBuildSettings (UnityEditor.Build.Reporting.BuildReport) (at ./Library/PackageCache/com.google.ads.mobile@0e7fbe087950/GoogleMobileAds/Editor/AndroidBuildPreProcessor.cs:110)
GoogleMobileAds.Editor.AndroidBuildPreProcessor:OnPreprocessBuild (UnityEditor.Build.Reporting.BuildReport) (at ./Library/PackageCache/com.google.ads.mobile@0e7fbe087950/GoogleMobileAds/Editor/AndroidBuildPreProcessor.cs:70)
UnityEditor.Build.BuildPipelineInterfaces/<>c__DisplayClass17_0:<OnBuildPreProcess>b__1 (UnityEditor.Build.IPreprocessBuildWithReport) (at /home/bokken/build/output/unity/unity/Editor/Mono/BuildPipeline/BuildPipelineInterfaces.cs:526)
UnityEditor.Build.BuildPipelineInterfaces:InvokeCallbackInterfacesPair<UnityEditor.Build.IPreprocessBuild, UnityEditor.Build.IPreprocessBuildWithReport> (System.Collections.Generic.List`1<UnityEditor.Build.IPreprocessBuild>,System.Action`1<UnityEditor.Build.IPreprocessBuild>,System.Collections.Generic.List`1<UnityEditor.Build.IPreprocessBuildWithReport>,System.Action`1<UnityEditor.Build.IPreprocessBuildWithReport>,bool) (at /home/bokken/build/output/unity/unity/Editor/Mono/BuildPipeline/BuildPipelineInterfaces.cs:492)
UnityEditor.Build.BuildPipelineInterfaces:OnBuildPreProcess (UnityEditor.Build.Reporting.BuildReport) (at /home/bokken/build/output/unity/unity/Editor/Mono/BuildPipeline/BuildPipelineInterfaces.cs:524)
UnityEditor.BuildPipeline:BuildPlayerInternalNoCheck (string[],string,string,UnityEditor.BuildTargetGroup,UnityEditor.BuildTarget,int,UnityEditor.BuildOptions,string[],bool)
UnityEditor.BuildPipeline:BuildPlayerInternal (string[],string,string,UnityEditor.BuildTargetGroup,UnityEditor.BuildTarget,int,UnityEditor.BuildOptions,string[]) (at /home/bokken/build/output/unity/unity/Editor/Mono/BuildPipeline.bindings.cs:494)
UnityEditor.BuildPipeline:BuildPlayer (string[],string,string,UnityEditor.BuildTargetGroup,UnityEditor.BuildTarget,int,UnityEditor.BuildOptions,string[]) (at /home/bokken/build/output/unity/unity/Editor/Mono/BuildPipeline.bindings.cs:410)
UnityEditor.BuildPipeline:BuildPlayer (UnityEditor.BuildPlayerOptions) (at /home/bokken/build/output/unity/unity/Editor/Mono/BuildPipeline.bindings.cs:356)
PofudukFilo.EditorTools.CiBuild:BuildAndroid () (at Assets/_Project/Scripts/Editor/CiBuild.cs:44)

(Filename: ./Library/PackageCache/com.google.ads.mobile@0e7fbe087950/GoogleMobileAds/Editor/AndroidBuildPreProcessor.cs Line: 186)

Resolving Android Gradle dependencies.
UnityEngine.Debug:ExtractStackTraceNoAlloc (byte*,int,string)
UnityEngine.StackTraceUtility:ExtractStackTrace () (at /home/bokken/build/output/unity/unity/Runtime/Export/Scripting/StackTrace.cs:35)
UnityEngine.DebugLogHandler:Internal_Log (UnityEngine.LogType,UnityEngine.LogOption,string,UnityEngine.Object)
UnityEngine.DebugLogHandler:LogFormat (UnityEngine.LogType,UnityEngine.Object,string,object[])
UnityEngine.Logger:Log (UnityEngine.LogType,object)
UnityEngine.Debug:Log (object)
GoogleMobileAds.Editor.AndroidBuildPreProcessor:ApplyBuildSettings (UnityEditor.Build.Reporting.BuildReport) (at ./Library/PackageCache/com.google.ads.mobile@0e7fbe087950/GoogleMobileAds/Editor/AndroidBuildPreProcessor.cs:139)
GoogleMobileAds.Editor.AndroidBuildPreProcessor:OnPreprocessBuild (UnityEditor.Build.Reporting.BuildReport) (at ./Library/PackageCache/com.google.ads.mobile@0e7fbe087950/GoogleMobileAds/Editor/AndroidBuildPreProcessor.cs:70)
UnityEditor.Build.BuildPipelineInterfaces/<>c__DisplayClass17_0:<OnBuildPreProcess>b__1 (UnityEditor.Build.IPreprocessBuildWithReport) (at /home/bokken/build/output/unity/unity/Editor/Mono/BuildPipeline/BuildPipelineInterfaces.cs:526)
UnityEditor.Build.BuildPipelineInterfaces:InvokeCallbackInterfacesPair<UnityEditor.Build.IPreprocessBuild, UnityEditor.Build.IPreprocessBuildWithReport> (System.Collections.Generic.List`1<UnityEditor.Build.IPreprocessBuild>,System.Action`1<UnityEditor.Build.IPreprocessBuild>,System.Collections.Generic.List`1<UnityEditor.Build.IPreprocessBuildWithReport>,System.Action`1<UnityEditor.Build.IPreprocessBuildWithReport>,bool) (at /home/bokken/build/output/unity/unity/Editor/Mono/BuildPipeline/BuildPipelineInterfaces.cs:492)
UnityEditor.Build.BuildPipelineInterfaces:OnBuildPreProcess (UnityEditor.Build.Reporting.BuildReport) (at /home/bokken/build/output/unity/unity/Editor/Mono/BuildPipeline/BuildPipelineInterfaces.cs:524)
UnityEditor.BuildPipeline:BuildPlayerInternalNoCheck (string[],string,string,UnityEditor.BuildTargetGroup,UnityEditor.BuildTarget,int,UnityEditor.BuildOptions,string[],bool)
UnityEditor.BuildPipeline:BuildPlayerInternal (string[],string,string,UnityEditor.BuildTargetGroup,UnityEditor.BuildTarget,int,UnityEditor.BuildOptions,string[]) (at /home/bokken/build/output/unity/unity/Editor/Mono/BuildPipeline.bindings.cs:494)
UnityEditor.BuildPipeline:BuildPlayer (string[],string,string,UnityEditor.BuildTargetGroup,UnityEditor.BuildTarget,int,UnityEditor.BuildOptions,string[]) (at /home/bokken/build/output/unity/unity/Editor/Mono/BuildPipeline.bindings.cs:410)
UnityEditor.BuildPipeline:BuildPlayer (UnityEditor.BuildPlayerOptions) (at /home/bokken/build/output/unity/unity/Editor/Mono/BuildPipeline.bindings.cs:356)
PofudukFilo.EditorTools.CiBuild:BuildAndroid () (at Assets/_Project/Scripts/Editor/CiBuild.cs:44)

(Filename: ./Library/PackageCache/com.google.ads.mobile@0e7fbe087950/GoogleMobileAds/Editor/AndroidBuildPreProcessor.cs Line: 139)

﻿﻿﻿﻿Asset Pipeline Refresh (id=66ad8f5e965703d9099dca8c10f73e9d): Total: 0.032 seconds - Initiated by RefreshV2(NoUpdateAssetOptions)
Android Build Pre-Processor finished.
UnityEngine.Debug:ExtractStackTraceNoAlloc (byte*,int,string)
UnityEngine.StackTraceUtility:ExtractStackTrace () (at /home/bokken/build/output/unity/unity/Runtime/Export/Scripting/StackTrace.cs:35)
UnityEngine.DebugLogHandler:Internal_Log (UnityEngine.LogType,UnityEngine.LogOption,string,UnityEngine.Object)
UnityEngine.DebugLogHandler:LogFormat (UnityEngine.LogType,UnityEngine.Object,string,object[])
UnityEngine.Logger:Log (UnityEngine.LogType,object)
UnityEngine.Debug:Log (object)
GoogleMobileAds.Editor.AndroidBuildPreProcessor:ApplyBuildSettings (UnityEditor.Build.Reporting.BuildReport) (at ./Library/PackageCache/com.google.ads.mobile@0e7fbe087950/GoogleMobileAds/Editor/AndroidBuildPreProcessor.cs:141)
GoogleMobileAds.Editor.AndroidBuildPreProcessor:OnPreprocessBuild (UnityEditor.Build.Reporting.BuildReport) (at ./Library/PackageCache/com.google.ads.mobile@0e7fbe087950/GoogleMobileAds/Editor/AndroidBuildPreProcessor.cs:70)
UnityEditor.Build.BuildPipelineInterfaces/<>c__DisplayClass17_0:<OnBuildPreProcess>b__1 (UnityEditor.Build.IPreprocessBuildWithReport) (at /home/bokken/build/output/unity/unity/Editor/Mono/BuildPipeline/BuildPipelineInterfaces.cs:526)
UnityEditor.Build.BuildPipelineInterfaces:InvokeCallbackInterfacesPair<UnityEditor.Build.IPreprocessBuild, UnityEditor.Build.IPreprocessBuildWithReport> (System.Collections.Generic.List`1<UnityEditor.Build.IPreprocessBuild>,System.Action`1<UnityEditor.Build.IPreprocessBuild>,System.Collections.Generic.List`1<UnityEditor.Build.IPreprocessBuildWithReport>,System.Action`1<UnityEditor.Build.IPreprocessBuildWithReport>,bool) (at /home/bokken/build/output/unity/unity/Editor/Mono/BuildPipeline/BuildPipelineInterfaces.cs:492)
UnityEditor.Build.BuildPipelineInterfaces:OnBuildPreProcess (UnityEditor.Build.Reporting.BuildReport) (at /home/bokken/build/output/unity/unity/Editor/Mono/BuildPipeline/BuildPipelineInterfaces.cs:524)
UnityEditor.BuildPipeline:BuildPlayerInternalNoCheck (string[],string,string,UnityEditor.BuildTargetGroup,UnityEditor.BuildTarget,int,UnityEditor.BuildOptions,string[],bool)
UnityEditor.BuildPipeline:BuildPlayerInternal (string[],string,string,UnityEditor.BuildTargetGroup,UnityEditor.BuildTarget,int,UnityEditor.BuildOptions,string[]) (at /home/bokken/build/output/unity/unity/Editor/Mono/BuildPipeline.bindings.cs:494)
UnityEditor.BuildPipeline:BuildPlayer (string[],string,string,UnityEditor.BuildTargetGroup,UnityEditor.BuildTarget,int,UnityEditor.BuildOptions,string[]) (at /home/bokken/build/output/unity/unity/Editor/Mono/BuildPipeline.bindings.cs:410)
UnityEditor.BuildPipeline:BuildPlayer (UnityEditor.BuildPlayerOptions) (at /home/bokken/build/output/unity/unity/Editor/Mono/BuildPipeline.bindings.cs:356)
PofudukFilo.EditorTools.CiBuild:BuildAndroid () (at Assets/_Project/Scripts/Editor/CiBuild.cs:44)

(Filename: ./Library/PackageCache/com.google.ads.mobile@0e7fbe087950/GoogleMobileAds/Editor/AndroidBuildPreProcessor.cs Line: 141)

Invalid AssetDatabase path: /project/Assets/GoogleMobileAds/link.xml. Use path relative to the project folder.
UnityEngine.Debug:ExtractStackTraceNoAlloc (byte*,int,string)
UnityEngine.StackTraceUtility:ExtractStackTrace () (at /home/bokken/build/output/unity/unity/Runtime/Export/Scripting/StackTrace.cs:35)
UnityEditor.AssetDatabase:CopyAsset (string,string)
GoogleMobileAds.Editor.BuildPreProcessor:CopyLinkXml () (at ./Library/PackageCache/com.google.ads.mobile@0e7fbe087950/GoogleMobileAds/Editor/BuildPreProcessor.cs:50)
GoogleMobileAds.Editor.BuildPreProcessor:OnPreprocessBuild (UnityEditor.Build.Reporting.BuildReport) (at ./Library/PackageCache/com.google.ads.mobile@0e7fbe087950/GoogleMobileAds/Editor/BuildPreProcessor.cs:30)
UnityEditor.Build.BuildPipelineInterfaces/<>c__DisplayClass17_0:<OnBuildPreProcess>b__1 (UnityEditor.Build.IPreprocessBuildWithReport) (at /home/bokken/build/output/unity/unity/Editor/Mono/BuildPipeline/BuildPipelineInterfaces.cs:526)
UnityEditor.Build.BuildPipelineInterfaces:InvokeCallbackInterfacesPair<UnityEditor.Build.IPreprocessBuild, UnityEditor.Build.IPreprocessBuildWithReport> (System.Collections.Generic.List`1<UnityEditor.Build.IPreprocessBuild>,System.Action`1<UnityEditor.Build.IPreprocessBuild>,System.Collections.Generic.List`1<UnityEditor.Build.IPreprocessBuildWithReport>,System.Action`1<UnityEditor.Build.IPreprocessBuildWithReport>,bool) (at /home/bokken/build/output/unity/unity/Editor/Mono/BuildPipeline/BuildPipelineInterfaces.cs:492)
UnityEditor.Build.BuildPipelineInterfaces:OnBuildPreProcess (UnityEditor.Build.Reporting.BuildReport) (at /home/bokken/build/output/unity/unity/Editor/Mono/BuildPipeline/BuildPipelineInterfaces.cs:524)
UnityEditor.BuildPipeline:BuildPlayerInternalNoCheck (string[],string,string,UnityEditor.BuildTargetGroup,UnityEditor.BuildTarget,int,UnityEditor.BuildOptions,string[],bool)
UnityEditor.BuildPipeline:BuildPlayerInternal (string[],string,string,UnityEditor.BuildTargetGroup,UnityEditor.BuildTarget,int,UnityEditor.BuildOptions,string[]) (at /home/bokken/build/output/unity/unity/Editor/Mono/BuildPipeline.bindings.cs:494)
UnityEditor.BuildPipeline:BuildPlayer (string[],string,string,UnityEditor.BuildTargetGroup,UnityEditor.BuildTarget,int,UnityEditor.BuildOptions,string[]) (at /home/bokken/build/output/unity/unity/Editor/Mono/BuildPipeline.bindings.cs:410)
UnityEditor.BuildPipeline:BuildPlayer (UnityEditor.BuildPlayerOptions) (at /home/bokken/build/output/unity/unity/Editor/Mono/BuildPipeline.bindings.cs:356)
PofudukFilo.EditorTools.CiBuild:BuildAndroid () (at Assets/_Project/Scripts/Editor/CiBuild.cs:44)

[./Library/PackageCache/com.google.ads.mobile@0e7fbe087950/GoogleMobileAds/Editor/BuildPreProcessor.cs line 50]

Start importing ProjectSettings/UnityConnectSettings.asset using Guid(0000000000000000a100000000000000) (LibraryAssetImporter) -> (artifact id: '5a6e69f8200d884ded3f19f546ea756a') in 0.001284537 seconds
Refreshing native plugins compatible for Editor in 0.42 ms, found 0 plugins.
Preloading 0 native plugins for Editor in 0.00 ms.
Asset Pipeline Refresh (id=cf360ef8ba7689196bf2076b61587392): Total: 0.009 seconds - Initiated by StopAssetImportingV2(NoUpdateAssetOptions)
Start importing Assets/GoogleMobileAds/link.xml using Guid(dabf857be3275757ab7941682387cbd7) (TextScriptImporter) -> (artifact id: '9655d0d66fdbbd13bc1983d74223b723') in 0.001262094 seconds
Refreshing native plugins compatible for Editor in 0.43 ms, found 0 plugins.
Preloading 0 native plugins for Editor in 0.00 ms.
Asset Pipeline Refresh (id=bb1694d0ea60373ddb6fcf1f85d7f1f6): Total: 0.082 seconds - Initiated by RefreshV2(NoUpdateAssetOptions)
Start importing Assets/Resources using Guid(8ca4165a189e9e01da456736a77f66b2) (DefaultImporter) -> (artifact id: '2fa80a079e423714e813eb92ab20dc8a') in 0.000903321 seconds
Refreshing native plugins compatible for Editor in 0.41 ms, found 0 plugins.
Preloading 0 native plugins for Editor in 0.00 ms.
Asset Pipeline Refresh (id=4dfcef48b2b940bda9f660a07c497c61): Total: 0.009 seconds - Initiated by StopAssetImportingV2(NoUpdateAssetOptions)
[TestRunBuilder] Creating new file 'Assets/Resources/PerformanceTestRunInfo.json' (1654 bytes)
UnityEngine.Debug:ExtractStackTraceNoAlloc (byte*,int,string)
UnityEngine.StackTraceUtility:ExtractStackTrace () (at /home/bokken/build/output/unity/unity/Runtime/Export/Scripting/StackTrace.cs:35)
UnityEngine.DebugLogHandler:Internal_Log (UnityEngine.LogType,UnityEngine.LogOption,string,UnityEngine.Object)
UnityEngine.DebugLogHandler:LogFormat (UnityEngine.LogType,UnityEngine.Object,string,object[])
UnityEngine.Logger:Log (UnityEngine.LogType,object)
UnityEngine.Debug:Log (object)
Unity.PerformanceTesting.Editor.TestRunBuilder:SaveToStorage (object,string) (at ./Library/PackageCache/com.unity.test-framework.performance@8b56083ec0f0/Editor/TestRunBuilder.cs:242)
Unity.PerformanceTesting.Editor.TestRunBuilder:OnPreprocessBuild (UnityEditor.Build.Reporting.BuildReport) (at ./Library/PackageCache/com.unity.test-framework.performance@8b56083ec0f0/Editor/TestRunBuilder.cs:35)
UnityEditor.Build.BuildPipelineInterfaces/<>c__DisplayClass17_0:<OnBuildPreProcess>b__1 (UnityEditor.Build.IPreprocessBuildWithReport) (at /home/bokken/build/output/unity/unity/Editor/Mono/BuildPipeline/BuildPipelineInterfaces.cs:526)
UnityEditor.Build.BuildPipelineInterfaces:InvokeCallbackInterfacesPair<UnityEditor.Build.IPreprocessBuild, UnityEditor.Build.IPreprocessBuildWithReport> (System.Collections.Generic.List`1<UnityEditor.Build.IPreprocessBuild>,System.Action`1<UnityEditor.Build.IPreprocessBuild>,System.Collections.Generic.List`1<UnityEditor.Build.IPreprocessBuildWithReport>,System.Action`1<UnityEditor.Build.IPreprocessBuildWithReport>,bool) (at /home/bokken/build/output/unity/unity/Editor/Mono/BuildPipeline/BuildPipelineInterfaces.cs:492)
UnityEditor.Build.BuildPipelineInterfaces:OnBuildPreProcess (UnityEditor.Build.Reporting.BuildReport) (at /home/bokken/build/output/unity/unity/Editor/Mono/BuildPipeline/BuildPipelineInterfaces.cs:524)
UnityEditor.BuildPipeline:BuildPlayerInternalNoCheck (string[],string,string,UnityEditor.BuildTargetGroup,UnityEditor.BuildTarget,int,UnityEditor.BuildOptions,string[],bool)
UnityEditor.BuildPipeline:BuildPlayerInternal (string[],string,string,UnityEditor.BuildTargetGroup,UnityEditor.BuildTarget,int,UnityEditor.BuildOptions,string[]) (at /home/bokken/build/output/unity/unity/Editor/Mono/BuildPipeline.bindings.cs:494)
UnityEditor.BuildPipeline:BuildPlayer (string[],string,string,UnityEditor.BuildTargetGroup,UnityEditor.BuildTarget,int,UnityEditor.BuildOptions,string[]) (at /home/bokken/build/output/unity/unity/Editor/Mono/BuildPipeline.bindings.cs:410)
UnityEditor.BuildPipeline:BuildPlayer (UnityEditor.BuildPlayerOptions) (at /home/bokken/build/output/unity/unity/Editor/Mono/BuildPipeline.bindings.cs:356)
PofudukFilo.EditorTools.CiBuild:BuildAndroid () (at Assets/_Project/Scripts/Editor/CiBuild.cs:44)

(Filename: ./Library/PackageCache/com.unity.test-framework.performance@8b56083ec0f0/Editor/TestRunBuilder.cs Line: 242)

[TestRunBuilder] Creating new file 'Assets/Resources/PerformanceTestRunSettings.json' (23 bytes)
UnityEngine.Debug:ExtractStackTraceNoAlloc (byte*,int,string)
UnityEngine.StackTraceUtility:ExtractStackTrace () (at /home/bokken/build/output/unity/unity/Runtime/Export/Scripting/StackTrace.cs:35)
UnityEngine.DebugLogHandler:Internal_Log (UnityEngine.LogType,UnityEngine.LogOption,string,UnityEngine.Object)
UnityEngine.DebugLogHandler:LogFormat (UnityEngine.LogType,UnityEngine.Object,string,object[])
UnityEngine.Logger:Log (UnityEngine.LogType,object)
UnityEngine.Debug:Log (object)
Unity.PerformanceTesting.Editor.TestRunBuilder:SaveToStorage (object,string) (at ./Library/PackageCache/com.unity.test-framework.performance@8b56083ec0f0/Editor/TestRunBuilder.cs:242)
Unity.PerformanceTesting.Editor.TestRunBuilder:OnPreprocessBuild (UnityEditor.Build.Reporting.BuildReport) (at ./Library/PackageCache/com.unity.test-framework.performance@8b56083ec0f0/Editor/TestRunBuilder.cs:38)
UnityEditor.Build.BuildPipelineInterfaces/<>c__DisplayClass17_0:<OnBuildPreProcess>b__1 (UnityEditor.Build.IPreprocessBuildWithReport) (at /home/bokken/build/output/unity/unity/Editor/Mono/BuildPipeline/BuildPipelineInterfaces.cs:526)
UnityEditor.Build.BuildPipelineInterfaces:InvokeCallbackInterfacesPair<UnityEditor.Build.IPreprocessBuild, UnityEditor.Build.IPreprocessBuildWithReport> (System.Collections.Generic.List`1<UnityEditor.Build.IPreprocessBuild>,System.Action`1<UnityEditor.Build.IPreprocessBuild>,System.Collections.Generic.List`1<UnityEditor.Build.IPreprocessBuildWithReport>,System.Action`1<UnityEditor.Build.IPreprocessBuildWithReport>,bool) (at /home/bokken/build/output/unity/unity/Editor/Mono/BuildPipeline/BuildPipelineInterfaces.cs:492)
UnityEditor.Build.BuildPipelineInterfaces:OnBuildPreProcess (UnityEditor.Build.Reporting.BuildReport) (at /home/bokken/build/output/unity/unity/Editor/Mono/BuildPipeline/BuildPipelineInterfaces.cs:524)
UnityEditor.BuildPipeline:BuildPlayerInternalNoCheck (string[],string,string,UnityEditor.BuildTargetGroup,UnityEditor.BuildTarget,int,UnityEditor.BuildOptions,string[],bool)
UnityEditor.BuildPipeline:BuildPlayerInternal (string[],string,string,UnityEditor.BuildTargetGroup,UnityEditor.BuildTarget,int,UnityEditor.BuildOptions,string[]) (at /home/bokken/build/output/unity/unity/Editor/Mono/BuildPipeline.bindings.cs:494)
UnityEditor.BuildPipeline:BuildPlayer (string[],string,string,UnityEditor.BuildTargetGroup,UnityEditor.BuildTarget,int,UnityEditor.BuildOptions,string[]) (at /home/bokken/build/output/unity/unity/Editor/Mono/BuildPipeline.bindings.cs:410)
UnityEditor.BuildPipeline:BuildPlayer (UnityEditor.BuildPlayerOptions) (at /home/bokken/build/output/unity/unity/Editor/Mono/BuildPipeline.bindings.cs:356)
PofudukFilo.EditorTools.CiBuild:BuildAndroid () (at Assets/_Project/Scripts/Editor/CiBuild.cs:44)

(Filename: ./Library/PackageCache/com.unity.test-framework.performance@8b56083ec0f0/Editor/TestRunBuilder.cs Line: 242)

Manifest processor triggered during the Player build process.
UnityEngine.Debug:ExtractStackTraceNoAlloc (byte*,int,string)
UnityEngine.StackTraceUtility:ExtractStackTrace () (at /home/bokken/build/output/unity/unity/Runtime/Export/Scripting/StackTrace.cs:35)
UnityEngine.DebugLogHandler:Internal_Log (UnityEngine.LogType,UnityEngine.LogOption,string,UnityEngine.Object)
UnityEngine.DebugLogHandler:LogFormat (UnityEngine.LogType,UnityEngine.Object,string,object[])
UnityEngine.Logger:Log (UnityEngine.LogType,object)
UnityEngine.Debug:Log (object)
GoogleMobileAds.Editor.ManifestProcessor:OnPreprocessBuild (UnityEditor.Build.Reporting.BuildReport) (at ./Library/PackageCache/com.google.ads.mobile@0e7fbe087950/GoogleMobileAds/Editor/ManifestProcessor.cs:67)
UnityEditor.Build.BuildPipelineInterfaces/<>c__DisplayClass17_0:<OnBuildPreProcess>b__1 (UnityEditor.Build.IPreprocessBuildWithReport) (at /home/bokken/build/output/unity/unity/Editor/Mono/BuildPipeline/BuildPipelineInterfaces.cs:526)
UnityEditor.Build.BuildPipelineInterfaces:InvokeCallbackInterfacesPair<UnityEditor.Build.IPreprocessBuild, UnityEditor.Build.IPreprocessBuildWithReport> (System.Collections.Generic.List`1<UnityEditor.Build.IPreprocessBuild>,System.Action`1<UnityEditor.Build.IPreprocessBuild>,System.Collections.Generic.List`1<UnityEditor.Build.IPreprocessBuildWithReport>,System.Action`1<UnityEditor.Build.IPreprocessBuildWithReport>,bool) (at /home/bokken/build/output/unity/unity/Editor/Mono/BuildPipeline/BuildPipelineInterfaces.cs:492)
UnityEditor.Build.BuildPipelineInterfaces:OnBuildPreProcess (UnityEditor.Build.Reporting.BuildReport) (at /home/bokken/build/output/unity/unity/Editor/Mono/BuildPipeline/BuildPipelineInterfaces.cs:524)
UnityEditor.BuildPipeline:BuildPlayerInternalNoCheck (string[],string,string,UnityEditor.BuildTargetGroup,UnityEditor.BuildTarget,int,UnityEditor.BuildOptions,string[],bool)
UnityEditor.BuildPipeline:BuildPlayerInternal (string[],string,string,UnityEditor.BuildTargetGroup,UnityEditor.BuildTarget,int,UnityEditor.BuildOptions,string[]) (at /home/bokken/build/output/unity/unity/Editor/Mono/BuildPipeline.bindings.cs:494)
UnityEditor.BuildPipeline:BuildPlayer (string[],string,string,UnityEditor.BuildTargetGroup,UnityEditor.BuildTarget,int,UnityEditor.BuildOptions,string[]) (at /home/bokken/build/output/unity/unity/Editor/Mono/BuildPipeline.bindings.cs:410)
UnityEditor.BuildPipeline:BuildPlayer (UnityEditor.BuildPlayerOptions) (at /home/bokken/build/output/unity/unity/Editor/Mono/BuildPipeline.bindings.cs:356)
PofudukFilo.EditorTools.CiBuild:BuildAndroid () (at Assets/_Project/Scripts/Editor/CiBuild.cs:44)

(Filename: ./Library/PackageCache/com.google.ads.mobile@0e7fbe087950/GoogleMobileAds/Editor/ManifestProcessor.cs Line: 67)

[Licensing::Client] Successfully resolved entitlement details
DisplayProgressbar: Checking prerequisites
Reporting tool paths:
 JDK: '/opt/unity/Editor/Data/PlaybackEngines/AndroidPlayer/OpenJDK'
 Android SDK: '/opt/unity/Editor/Data/PlaybackEngines/AndroidPlayer/SDK'
 Android NDK: '/opt/unity/Editor/Data/PlaybackEngines/AndroidPlayer/NDK'
 Gradle: '/opt/unity/Editor/Data/PlaybackEngines/AndroidPlayer/Tools/gradle' (Gradle Version: '9.1.0' Android Plugin Version: '9.0.0')
Android PostProcess task "Checking prerequisites" took 20.0343 ms
DisplayProgressbar: Detect Java Development Kit (JDK)
Android PostProcess task "Detect Java Development Kit (JDK)" took 2.638 ms
DisplayProgressbar: Detecting Android SDK
AndroidSDKTools:

	root          : /opt/unity/Editor/Data/PlaybackEngines/AndroidPlayer/SDK
	cmdline-tools : /opt/unity/Editor/Data/PlaybackEngines/AndroidPlayer/SDK/cmdline-tools/16.0
	platform-tools: /opt/unity/Editor/Data/PlaybackEngines/AndroidPlayer/SDK/platform-tools
	build-tools   : /opt/unity/Editor/Data/PlaybackEngines/AndroidPlayer/SDK/build-tools/36.0.0

	adb           : /opt/unity/Editor/Data/PlaybackEngines/AndroidPlayer/SDK/platform-tools/adb

Android PostProcess task "Detecting Android SDK" took 3278.916 ms
DisplayProgressbar: Detect Android NDK
Android PostProcess task "Detect Android NDK" took 0.8698 ms
Android PostProcess task "Trying to find a suitable Android device" took 0.4239 ms
DisplayProgressbar: Check resources
Android PostProcess task "Check resources" took 0.184 ms
DisplayProgressbar: Check Android Player Settings
Android PostProcess task "Check Android Player Settings" took 1.859 ms
info: Microsoft.AspNetCore.Hosting.Diagnostics[1]
      Request starting HTTP/2 POST http://ilpp/UnityILPP.PostProcessing/Ping application/grpc -
info: Microsoft.AspNetCore.Routing.EndpointMiddleware[0]
      Executing endpoint 'gRPC - /UnityILPP.PostProcessing/Ping'
info: Microsoft.AspNetCore.Routing.EndpointMiddleware[1]
      Executed endpoint 'gRPC - /UnityILPP.PostProcessing/Ping'
info: Microsoft.AspNetCore.Hosting.Diagnostics[2]
      Request finished HTTP/2 POST http://ilpp/UnityILPP.PostProcessing/Ping application/grpc - - 200 - application/grpc 0.4705ms
Starting: /opt/unity/Editor/Data/Tools/BuildPipeline/bee_backend --ipc --defer-dag-verification --dagfile="Library/Bee/1300b0aESkipCompile.dag" --continue-on-failure --profile="Library/Bee/backend1.traceevents" ScriptAssembliesAndTypeDB
WorkingDir: /project
DisplayProgressbar: Compiling Scripts
ExitCode: 4 Duration: 0s583ms
Rebuilding DAG because FileSignature timestamp changed: Library/Bee/1300b0aESkipCompile-inputdata.json
[2/3        0s] BuildPlayerDataGenerator Library/BuildPlayerData/Editor/TypeDb-All.json
*** Tundra requires additional run (0.56 seconds), 1 items updated, 1 evaluated
Starting: /opt/unity/Editor/Data/netcorerun/netcorerun "/opt/unity/Editor/Data/Tools/BuildPipeline/ScriptCompilationBuildProgram.exe" "Library/Bee/1300b0aESkipCompile.dag.json" "Library/Bee/1300b0aESkipCompile-inputdata.json" "Library/Bee/buildprogram0.traceevents"
WorkingDir: /project
ExitCode: 0 Duration: 0s308ms
Starting: /opt/unity/Editor/Data/Tools/BuildPipeline/bee_backend --ipc --defer-dag-verification --dagfile="Library/Bee/1300b0aESkipCompile.dag" --continue-on-failure --dagfilejson="Library/Bee/1300b0aESkipCompile.dag.json" --profile="Library/Bee/backend2.traceevents" ScriptAssembliesAndTypeDB
WorkingDir: /project
ExitCode: 0 Duration: 0s635ms
Finished compiling graph: 4 nodes, 5 flattened edges (5 ToBuild, 0 ToUse), maximum node priority 3
[2/3        0s] BuildPlayerDataGenerator Library/BuildPlayerData/Editor/TypeDb-All.json
*** Tundra build success (0.61 seconds), 1 items updated, 3 evaluated
Total cache size 8760656
Total cache size after purge 8760656, took 00:00:00.0072843
Start importing Assets/Resources/PerformanceTestRunSettings.json using Guid(d4f3b5ad2017d82a892744ff1f58a2d5) (TextScriptImporter) -> (artifact id: '3e7b45e51190a5f15d3eddf44be0bd9b') in 0.001557131 seconds
Start importing Assets/Resources/PerformanceTestRunInfo.json using Guid(1a4d15e8ff301b0f883c88b156c0faad) (TextScriptImporter) -> (artifact id: '24932d1f280d9107bf4ce2c36e65e673') in 0.001073443 seconds
Refreshing native plugins compatible for Editor in 0.44 ms, found 0 plugins.
Preloading 0 native plugins for Editor in 0.00 ms.
Asset Pipeline Refresh (id=0cfb6cfc73ca89737b58d5338cd4197b): Total: 0.068 seconds - Initiated by RefreshV2(NoUpdateAssetOptions)
[ScriptCompilation] Requested script compilation because: Recompiling scripts for player build.
BuildPlayer: start building target 13
info: Microsoft.AspNetCore.Hosting.Diagnostics[1]
      Request starting HTTP/2 POST http://ilpp/UnityILPP.PostProcessing/Ping application/grpc -
info: Microsoft.AspNetCore.Routing.EndpointMiddleware[0]
      Executing endpoint 'gRPC - /UnityILPP.PostProcessing/Ping'
info: Microsoft.AspNetCore.Routing.EndpointMiddleware[1]
      Executed endpoint 'gRPC - /UnityILPP.PostProcessing/Ping'
info: Microsoft.AspNetCore.Hosting.Diagnostics[2]
      Request finished HTTP/2 POST http://ilpp/UnityILPP.PostProcessing/Ping application/grpc - - 200 - application/grpc 0.1866ms
Starting: /opt/unity/Editor/Data/Tools/BuildPipeline/bee_backend --ipc --defer-dag-verification --dagfile="Library/Bee/1300b0aP.dag" --continue-on-failure --profile="Library/Bee/backend1.traceevents" ScriptAssembliesAndTypeDB
WorkingDir: /project
Starting: /opt/unity/Editor/Data/netcorerun/netcorerun "/opt/unity/Editor/Data/Tools/BuildPipeline/ScriptCompilationBuildProgram.exe" "Library/Bee/1300b0aP.dag.json" "Library/Bee/1300b0aP-inputdata.json" "Library/Bee/buildprogram0.traceevents"
WorkingDir: /project
ExitCode: 4 Duration: 0s318ms
Rebuilding DAG because FileSignature timestamp changed: Library/Bee/1300b0aP-inputdata.json
*** Tundra requires additional run (0.20 seconds), 0 items updated, 5 evaluated
ExitCode: 0 Duration: 0s387ms
Starting: /opt/unity/Editor/Data/Tools/BuildPipeline/bee_backend --ipc --defer-dag-verification --dagfile="Library/Bee/1300b0aP.dag" --continue-on-failure --dagfilejson="Library/Bee/1300b0aP.dag.json" --profile="Library/Bee/backend2.traceevents" ScriptAssembliesAndTypeDB
WorkingDir: /project
info: Microsoft.AspNetCore.Hosting.Diagnostics[1]
      Request starting HTTP/2 POST http://ilpp/UnityILPP.PostProcessing/ConfigurePostProcessors application/grpc -
info: Microsoft.AspNetCore.Routing.EndpointMiddleware[0]
      Executing endpoint 'gRPC - /UnityILPP.PostProcessing/ConfigurePostProcessors'
info: Unity.ILPP.Runner.PostProcessingAssemblyLoadContext[0]
      ALC ILPP context 1 is unloading
warn: Unity.ILPP.Runner.PostProcessingAssemblyLoadContext[0]
      Assembly system.runtime.interopservices.windowsruntime has duplicate hint path. Ignoring "/opt/unity/Editor/Data/UnityReferenceAssemblies/unity-4.8-api/Facades/System.Runtime.InteropServices.WindowsRuntime.dll" in favor of "/opt/unity/Editor/Data/NetStandard/Extensions/2.0.0/System.Runtime.InteropServices.WindowsRuntime.dll"
warn: Unity.ILPP.Runner.PostProcessingAssemblyLoadContext[0]
      Assembly system.componentmodel.composition has duplicate hint path. Ignoring "/opt/unity/Editor/Data/UnityReferenceAssemblies/unity-4.8-api/System.ComponentModel.Composition.dll" in favor of "/opt/unity/Editor/Data/NetStandard/compat/2.1.0/shims/netfx/System.ComponentModel.Composition.dll"
info: Unity.ILPP.Runner.PostProcessingAssemblyLoadContext[0]
      Resolved Unity.Burst.Cecil, Version=0.11.6.0, Culture=neutral, PublicKeyToken=50cebf1cceb9d05e with Library/PackageCache/com.unity.burst@2f3d916873ea/Unity.Burst.CodeGen/Unity.Burst.Cecil.dll
info: Unity.ILPP.Runner.PostProcessingAssemblyLoadContext[0]
      Resolved Mono.Cecil, Version=0.11.5.0, Culture=neutral, PublicKeyToken=50cebf1cceb9d05e with Library/PackageCache/com.unity.nuget.mono-cecil@ecb9724e46ff/Mono.Cecil.dll
info: Microsoft.AspNetCore.Routing.EndpointMiddleware[1]
      Executed endpoint 'gRPC - /UnityILPP.PostProcessing/ConfigurePostProcessors'
info: Microsoft.AspNetCore.Hosting.Diagnostics[2]
      Request finished HTTP/2 POST http://ilpp/UnityILPP.PostProcessing/ConfigurePostProcessors application/grpc - - 200 - application/grpc 7.9299ms
info: Microsoft.AspNetCore.Hosting.Diagnostics[1]
      Request starting HTTP/2 POST http://ilpp/UnityILPP.PostProcessing/PostProcessAssembly application/grpc -
info: Microsoft.AspNetCore.Routing.EndpointMiddleware[0]
      Executing endpoint 'gRPC - /UnityILPP.PostProcessing/PostProcessAssembly'
info: Unity.ILPP.Runner.PostProcessingPipeline[0]
      Processing assembly Library/Bee/artifacts/1300b0aP.dag/UnityEngine.UI.dll, with 142 defines and 183 references
info: Unity.ILPP.Runner.PostProcessingPipeline[0]
      processors: Unity.Jobs.CodeGen.JobsILPostProcessor, zzzUnity.Burst.CodeGen.BurstILPostProcessor
info: Unity.ILPP.Runner.PostProcessingPipeline[0]
      running Unity.Jobs.CodeGen.JobsILPostProcessor
info: Microsoft.AspNetCore.Hosting.Diagnostics[1]
      Request starting HTTP/2 POST http://ilpp/UnityILPP.PostProcessing/PostProcessAssembly application/grpc -
info: Microsoft.AspNetCore.Routing.EndpointMiddleware[0]
      Executing endpoint 'gRPC - /UnityILPP.PostProcessing/PostProcessAssembly'
info: Unity.ILPP.Runner.PostProcessingPipeline[0]
      Processing assembly Library/Bee/artifacts/1300b0aP.dag/Unity.TextMeshPro.dll, with 138 defines and 185 references
info: Unity.ILPP.Runner.PostProcessingPipeline[0]
      processors: Unity.Jobs.CodeGen.JobsILPostProcessor, zzzUnity.Burst.CodeGen.BurstILPostProcessor
info: Unity.ILPP.Runner.PostProcessingPipeline[0]
      running Unity.Jobs.CodeGen.JobsILPostProcessor
info: Unity.ILPP.Runner.PostProcessingPipeline[0]
      running zzzUnity.Burst.CodeGen.BurstILPostProcessor
info: Unity.ILPP.Runner.PostProcessingPipeline[0]
      running zzzUnity.Burst.CodeGen.BurstILPostProcessor
info: Microsoft.AspNetCore.Routing.EndpointMiddleware[1]
      Executed endpoint 'gRPC - /UnityILPP.PostProcessing/PostProcessAssembly'
info: Microsoft.AspNetCore.Hosting.Diagnostics[2]
      Request finished HTTP/2 POST http://ilpp/UnityILPP.PostProcessing/PostProcessAssembly application/grpc - - 200 - application/grpc 4.2733ms
info: Microsoft.AspNetCore.Routing.EndpointMiddleware[1]
      Executed endpoint 'gRPC - /UnityILPP.PostProcessing/PostProcessAssembly'
info: Microsoft.AspNetCore.Hosting.Diagnostics[2]
      Request finished HTTP/2 POST http://ilpp/UnityILPP.PostProcessing/PostProcessAssembly application/grpc - - 200 - application/grpc 3.9920ms
info: Microsoft.AspNetCore.Hosting.Diagnostics[1]
      Request starting HTTP/2 POST http://ilpp/UnityILPP.PostProcessing/PostProcessAssembly application/grpc -
info: Microsoft.AspNetCore.Routing.EndpointMiddleware[0]
      Executing endpoint 'gRPC - /UnityILPP.PostProcessing/PostProcessAssembly'
info: Unity.ILPP.Runner.PostProcessingPipeline[0]
      Processing assembly Library/Bee/artifacts/1300b0aP.dag/Unity.InputSystem.ForUI.dll, with 137 defines and 185 references
info: Unity.ILPP.Runner.PostProcessingPipeline[0]
      processors: Unity.Jobs.CodeGen.JobsILPostProcessor, zzzUnity.Burst.CodeGen.BurstILPostProcessor
info: Unity.ILPP.Runner.PostProcessingPipeline[0]
      running Unity.Jobs.CodeGen.JobsILPostProcessor
info: Unity.ILPP.Runner.PostProcessingPipeline[0]
      running zzzUnity.Burst.CodeGen.BurstILPostProcessor
info: Microsoft.AspNetCore.Routing.EndpointMiddleware[1]
      Executed endpoint 'gRPC - /UnityILPP.PostProcessing/PostProcessAssembly'
info: Microsoft.AspNetCore.Hosting.Diagnostics[2]
      Request finished HTTP/2 POST http://ilpp/UnityILPP.PostProcessing/PostProcessAssembly application/grpc - - 200 - application/grpc 0.6067ms
info: Microsoft.AspNetCore.Hosting.Diagnostics[1]
      Request starting HTTP/2 POST http://ilpp/UnityILPP.PostProcessing/PostProcessAssembly application/grpc -
info: Microsoft.AspNetCore.Routing.EndpointMiddleware[0]
      Executing endpoint 'gRPC - /UnityILPP.PostProcessing/PostProcessAssembly'
info: Unity.ILPP.Runner.PostProcessingPipeline[0]
      Processing assembly Library/Bee/artifacts/1300b0aP.dag/Unity.Burst.dll, with 137 defines and 177 references
info: Unity.ILPP.Runner.PostProcessingPipeline[0]
      processors: Unity.Jobs.CodeGen.JobsILPostProcessor, zzzUnity.Burst.CodeGen.BurstILPostProcessor
info: Unity.ILPP.Runner.PostProcessingPipeline[0]
      running Unity.Jobs.CodeGen.JobsILPostProcessor
info: Unity.ILPP.Runner.PostProcessingPipeline[0]
      running zzzUnity.Burst.CodeGen.BurstILPostProcessor
info: Microsoft.AspNetCore.Hosting.Diagnostics[1]
      Request starting HTTP/2 POST http://ilpp/UnityILPP.PostProcessing/PostProcessAssembly application/grpc -
info: Microsoft.AspNetCore.Routing.EndpointMiddleware[0]
      Executing endpoint 'gRPC - /UnityILPP.PostProcessing/PostProcessAssembly'
info: Unity.ILPP.Runner.PostProcessingPipeline[0]
      Processing assembly Library/Bee/artifacts/1300b0aP.dag/Unity.Mathematics.dll, with 137 defines and 184 references
info: Unity.ILPP.Runner.PostProcessingPipeline[0]
      processors: Unity.Jobs.CodeGen.JobsILPostProcessor, zzzUnity.Burst.CodeGen.BurstILPostProcessor
info: Microsoft.AspNetCore.Hosting.Diagnostics[1]
      Request starting HTTP/2 POST http://ilpp/UnityILPP.PostProcessing/PostProcessAssembly application/grpc -
info: Microsoft.AspNetCore.Routing.EndpointMiddleware[0]
      Executing endpoint 'gRPC - /UnityILPP.PostProcessing/PostProcessAssembly'
info: Unity.ILPP.Runner.PostProcessingPipeline[0]
      running Unity.Jobs.CodeGen.JobsILPostProcessor
info: Unity.ILPP.Runner.PostProcessingPipeline[0]
      running zzzUnity.Burst.CodeGen.BurstILPostProcessor
info: Microsoft.AspNetCore.Routing.EndpointMiddleware[1]
      Executed endpoint 'gRPC - /UnityILPP.PostProcessing/PostProcessAssembly'
info: Microsoft.AspNetCore.Hosting.Diagnostics[2]
      Request finished HTTP/2 POST http://ilpp/UnityILPP.PostProcessing/PostProcessAssembly application/grpc - - 200 - application/grpc 4.1261ms
info: Microsoft.AspNetCore.Hosting.Diagnostics[1]
      Request starting HTTP/2 POST http://ilpp/UnityILPP.PostProcessing/PostProcessAssembly application/grpc -
info: Microsoft.AspNetCore.Routing.EndpointMiddleware[0]
      Executing endpoint 'gRPC - /UnityILPP.PostProcessing/PostProcessAssembly'
info: Unity.ILPP.Runner.PostProcessingPipeline[0]
      Processing assembly Library/Bee/artifacts/1300b0aP.dag/Unity.Collections.dll, with 139 defines and 186 references
info: Unity.ILPP.Runner.PostProcessingPipeline[0]
      processors: Unity.Jobs.CodeGen.JobsILPostProcessor, zzzUnity.Burst.CodeGen.BurstILPostProcessor
info: Unity.ILPP.Runner.PostProcessingPipeline[0]
      running Unity.Jobs.CodeGen.JobsILPostProcessor
info: Unity.ILPP.Runner.PostProcessingAssemblyLoadContext[0]
      Resolved Unity.Collections, Version=0.0.0.0, Culture=neutral, PublicKeyToken=null with Library/Bee/artifacts/Android_CodeGen/Unity.Collections.dll
info: Unity.ILPP.Runner.PostProcessingPipeline[0]
      Processing assembly Library/Bee/artifacts/1300b0aP.dag/PofudukFilo.Runtime.dll, with 138 defines and 188 references
info: Unity.ILPP.Runner.PostProcessingPipeline[0]
      processors: Unity.Jobs.CodeGen.JobsILPostProcessor, zzzUnity.Burst.CodeGen.BurstILPostProcessor
info: Unity.ILPP.Runner.PostProcessingPipeline[0]
      running Unity.Jobs.CodeGen.JobsILPostProcessor
info: Microsoft.AspNetCore.Hosting.Diagnostics[1]
      Request starting HTTP/2 POST http://ilpp/UnityILPP.PostProcessing/PostProcessAssembly application/grpc -
info: Microsoft.AspNetCore.Routing.EndpointMiddleware[0]
      Executing endpoint 'gRPC - /UnityILPP.PostProcessing/PostProcessAssembly'
info: Unity.ILPP.Runner.PostProcessingPipeline[0]
      Processing assembly Library/Bee/artifacts/1300b0aP.dag/Unity.InputSystem.dll, with 146 defines and 184 references
info: Unity.ILPP.Runner.PostProcessingPipeline[0]
      processors: Unity.Jobs.CodeGen.JobsILPostProcessor, zzzUnity.Burst.CodeGen.BurstILPostProcessor
info: Unity.ILPP.Runner.PostProcessingPipeline[0]
      running Unity.Jobs.CodeGen.JobsILPostProcessor
info: Unity.ILPP.Runner.PostProcessingPipeline[0]
      running zzzUnity.Burst.CodeGen.BurstILPostProcessor
info: Microsoft.AspNetCore.Routing.EndpointMiddleware[1]
      Executed endpoint 'gRPC - /UnityILPP.PostProcessing/PostProcessAssembly'
info: Microsoft.AspNetCore.Hosting.Diagnostics[2]
      Request finished HTTP/2 POST http://ilpp/UnityILPP.PostProcessing/PostProcessAssembly application/grpc - - 200 - application/grpc 2.5286ms
info: Microsoft.AspNetCore.Hosting.Diagnostics[1]
      Request starting HTTP/2 POST http://ilpp/UnityILPP.PostProcessing/PostProcessAssembly application/grpc -
info: Microsoft.AspNetCore.Routing.EndpointMiddleware[0]
      Executing endpoint 'gRPC - /UnityILPP.PostProcessing/PostProcessAssembly'
info: Unity.ILPP.Runner.PostProcessingPipeline[0]
      Processing assembly Library/Bee/artifacts/1300b0aP.dag/Unity.InternalAPIEngineBridge.004.dll, with 137 defines and 184 references
info: Unity.ILPP.Runner.PostProcessingPipeline[0]
      processors: Unity.Jobs.CodeGen.JobsILPostProcessor, zzzUnity.Burst.CodeGen.BurstILPostProcessor
info: Unity.ILPP.Runner.PostProcessingPipeline[0]
      running Unity.Jobs.CodeGen.JobsILPostProcessor
info: Unity.ILPP.Runner.PostProcessingPipeline[0]
      running zzzUnity.Burst.CodeGen.BurstILPostProcessor
info: Microsoft.AspNetCore.Routing.EndpointMiddleware[1]
      Executed endpoint 'gRPC - /UnityILPP.PostProcessing/PostProcessAssembly'
info: Microsoft.AspNetCore.Hosting.Diagnostics[2]
      Request finished HTTP/2 POST http://ilpp/UnityILPP.PostProcessing/PostProcessAssembly application/grpc - - 200 - application/grpc 0.8096ms
info: Unity.ILPP.Runner.PostProcessingAssemblyLoadContext[0]
      Resolved UnityEditor.CoreModule, Version=0.0.0.0, Culture=neutral, PublicKeyToken=null with /opt/unity/Editor/Data/Managed/UnityEngine/UnityEditor.CoreModule.dll
info: Unity.ILPP.Runner.PostProcessingAssemblyLoadContext[0]
      Resolved UnityEngine.CoreModule, Version=0.0.0.0, Culture=neutral, PublicKeyToken=null with /opt/unity/Editor/Data/Managed/UnityEngine/UnityEngine.CoreModule.dll
info: Unity.ILPP.Runner.PostProcessingAssemblyLoadContext[0]
      Resolved Unity.Burst.Cecil.Rocks, Version=0.11.6.0, Culture=neutral, PublicKeyToken=50cebf1cceb9d05e with Library/PackageCache/com.unity.burst@2f3d916873ea/Unity.Burst.CodeGen/Unity.Burst.Cecil.Rocks.dll
info: Unity.ILPP.Runner.PostProcessingAssemblyLoadContext[0]
      Resolved Mono.Cecil.Rocks, Version=0.11.5.0, Culture=neutral, PublicKeyToken=50cebf1cceb9d05e with Library/PackageCache/com.unity.nuget.mono-cecil@ecb9724e46ff/Mono.Cecil.Rocks.dll
info: Unity.ILPP.Runner.PostProcessingPipeline[0]
      running zzzUnity.Burst.CodeGen.BurstILPostProcessor
info: Unity.ILPP.Runner.PostProcessingPipeline[0]
      running zzzUnity.Burst.CodeGen.BurstILPostProcessor
info: Microsoft.AspNetCore.Routing.EndpointMiddleware[1]
      Executed endpoint 'gRPC - /UnityILPP.PostProcessing/PostProcessAssembly'
info: Microsoft.AspNetCore.Hosting.Diagnostics[2]
      Request finished HTTP/2 POST http://ilpp/UnityILPP.PostProcessing/PostProcessAssembly application/grpc - - 200 - application/grpc 559.8353ms
info: Microsoft.AspNetCore.Routing.EndpointMiddleware[1]
      Executed endpoint 'gRPC - /UnityILPP.PostProcessing/PostProcessAssembly'
info: Microsoft.AspNetCore.Hosting.Diagnostics[2]
      Request finished HTTP/2 POST http://ilpp/UnityILPP.PostProcessing/PostProcessAssembly application/grpc - - 200 - application/grpc 598.7002ms
info: Microsoft.AspNetCore.Routing.EndpointMiddleware[1]
      Executed endpoint 'gRPC - /UnityILPP.PostProcessing/PostProcessAssembly'
info: Microsoft.AspNetCore.Hosting.Diagnostics[2]
      Request finished HTTP/2 POST http://ilpp/UnityILPP.PostProcessing/PostProcessAssembly application/grpc - - 200 - application/grpc 618.4926ms
Total cache size 17166680
Total cache size after purge 17166680, took 00:00:00.0048492
Assets/_Project/Scripts/Core/AdMobAds.cs(38,13): warning CS0618: 'MobileAds.RaiseAdEventsOnUnityMainThread' is obsolete: 'Use MobileAdsEventExecutor.ExecuteInUpdate() instead.'
ExitCode: 0 Duration: 7s219ms
Finished compiling graph: 354 nodes, 2839 flattened edges (2521 ToBuild, 36 ToUse), maximum node priority 145
[226/353    0s] WriteText Library/Bee/artifacts/Android_CodeGen/UnityEngine.UI.rsp
[227/353    0s] WriteText Library/Bee/artifacts/Android_CodeGen/UnityEditor.UI.rsp
[229/353    0s] WriteText Library/Bee/artifacts/Android_CodeGen/Unity.Mathematics.rsp
[233/353    0s] WriteText Library/Bee/artifacts/1300b0aP.dag/UnityEngine.UI.rsp
[246/353    0s] WriteText Library/Bee/artifacts/Android_CodeGen/Unity.Collections.rsp
[264/353    0s] WriteText Library/Bee/artifacts/1300b0aP.dag/Unity.Mathematics.rsp
[267/353    0s] WriteText Library/Bee/artifacts/1300b0aP.dag/Unity.InputSystem.rsp
[268/353    0s] WriteText Library/Bee/artifacts/1300b0aP.dag/Unity.Collections.rsp
[278/353    0s] WriteText Library/Bee/artifacts/1300b0aP.dag/Unity.InputSystem.ForUI.rsp
[279/353    0s] WriteText Library/Bee/artifacts/1300b0aP.dag/Unity.InternalAPIEngineBridge.004.rsp
[280/353    0s] WriteText Library/Bee/artifacts/1300b0aP.dag/Unity.TextMeshPro.rsp
[281/353    0s] WriteText Library/Bee/artifacts/1300b0aP.dag/PofudukFilo.Runtime.rsp
[282/353    0s] Csc Library/Bee/artifacts/Android_CodeGen/UnityEngine.UI.dll (+2 others)
[           0s] Csc Library/Bee/artifacts/Android_CodeGen/UnityEngine.UI.dll (+2 others) [CacheWrite 00000000000000000000000000000005]
[285/353    0s] Csc Library/Bee/artifacts/1300b0aP.dag/UnityEngine.UI.dll (+2 others)
[           0s] Csc Library/Bee/artifacts/1300b0aP.dag/UnityEngine.UI.dll (+2 others) [CacheWrite 00000000000000000000000000000005]
[293/353    0s] Csc Library/Bee/artifacts/1300b0aP.dag/Unity.InternalAPIEngineBridge.004.dll (+2 others)
[           0s] Csc Library/Bee/artifacts/1300b0aP.dag/Unity.InternalAPIEngineBridge.004.dll (+2 others) [CacheWrite 00000000000000000000000000000005]
[296/353    0s] Csc Library/Bee/artifacts/Android_CodeGen/UnityEditor.UI.dll (+2 others)
[           0s] Csc Library/Bee/artifacts/Android_CodeGen/UnityEditor.UI.dll (+2 others) [CacheWrite 00000000000000000000000000000005]
[301/353    2s] Csc Library/Bee/artifacts/1300b0aP.dag/Unity.TextMeshPro.dll (+2 others)
[           0s] Csc Library/Bee/artifacts/1300b0aP.dag/Unity.TextMeshPro.dll (+2 others) [CacheWrite 00000000000000000000000000000005]
[305/353    2s] Csc Library/Bee/artifacts/1300b0aP.dag/Unity.InputSystem.dll (+2 others)
[           0s] Csc Library/Bee/artifacts/1300b0aP.dag/Unity.InputSystem.dll (+2 others) [CacheWrite 00000000000000000000000000000005]
[308/353    0s] Csc Library/Bee/artifacts/1300b0aP.dag/Unity.InputSystem.ForUI.dll (+2 others)
[           0s] Csc Library/Bee/artifacts/1300b0aP.dag/Unity.InputSystem.ForUI.dll (+2 others) [CacheWrite 00000000000000000000000000000005]
[309/353    3s] Csc Library/Bee/artifacts/1300b0aP.dag/Unity.Mathematics.dll (+2 others)
[           0s] Csc Library/Bee/artifacts/1300b0aP.dag/Unity.Mathematics.dll (+2 others) [CacheWrite 00000000000000000000000000000005]
[312/353    3s] Csc Library/Bee/artifacts/Android_CodeGen/Unity.Mathematics.dll (+2 others)
[           0s] Csc Library/Bee/artifacts/Android_CodeGen/Unity.Mathematics.dll (+2 others) [CacheWrite 00000000000000000000000000000005]
[315/353    1s] Csc Library/Bee/artifacts/1300b0aP.dag/Unity.Collections.dll (+2 others)
[           0s] Csc Library/Bee/artifacts/1300b0aP.dag/Unity.Collections.dll (+2 others) [CacheWrite 00000000000000000000000000000005]
[318/353    1s] Csc Library/Bee/artifacts/Android_CodeGen/Unity.Collections.dll (+2 others)
[           0s] Csc Library/Bee/artifacts/Android_CodeGen/Unity.Collections.dll (+2 others) [CacheWrite 00000000000000000000000000000005]
[322/353    0s] ILPP-Configuration Library/ilpp-configuration.nevergeneratedoutput
[323/353    0s] ILPostProcess Library/Bee/artifacts/1300b0aP.dag/post-processed/Unity.TextMeshPro.dll (+pdb)
Processing assembly Library/Bee/artifacts/1300b0aP.dag/Unity.TextMeshPro.dll, with 138 defines and 185 references
processors: Unity.Jobs.CodeGen.JobsILPostProcessor, zzzUnity.Burst.CodeGen.BurstILPostProcessor
running Unity.Jobs.CodeGen.JobsILPostProcessor
running zzzUnity.Burst.CodeGen.BurstILPostProcessor
[324/353    0s] ILPostProcess Library/Bee/artifacts/1300b0aP.dag/post-processed/UnityEngine.UI.dll (+pdb)
Processing assembly Library/Bee/artifacts/1300b0aP.dag/UnityEngine.UI.dll, with 142 defines and 183 references
processors: Unity.Jobs.CodeGen.JobsILPostProcessor, zzzUnity.Burst.CodeGen.BurstILPostProcessor
running Unity.Jobs.CodeGen.JobsILPostProcessor
running zzzUnity.Burst.CodeGen.BurstILPostProcessor
[325/353    0s] ILPostProcess Library/Bee/artifacts/1300b0aP.dag/post-processed/Unity.InputSystem.ForUI.dll (+pdb)
Processing assembly Library/Bee/artifacts/1300b0aP.dag/Unity.InputSystem.ForUI.dll, with 137 defines and 185 references
processors: Unity.Jobs.CodeGen.JobsILPostProcessor, zzzUnity.Burst.CodeGen.BurstILPostProcessor
running Unity.Jobs.CodeGen.JobsILPostProcessor
running zzzUnity.Burst.CodeGen.BurstILPostProcessor
[326/353    0s] Csc Library/Bee/artifacts/1300b0aP.dag/PofudukFilo.Runtime.dll (+2 others)
Assets/_Project/Scripts/Core/AdMobAds.cs(38,13): warning CS0618: 'MobileAds.RaiseAdEventsOnUnityMainThread' is obsolete: 'Use MobileAdsEventExecutor.ExecuteInUpdate() instead.'
[327/353    0s] ILPostProcess Library/Bee/artifacts/1300b0aP.dag/post-processed/Unity.Mathematics.dll (+pdb)
Processing assembly Library/Bee/artifacts/1300b0aP.dag/Unity.Mathematics.dll, with 137 defines and 184 references
processors: Unity.Jobs.CodeGen.JobsILPostProcessor, zzzUnity.Burst.CodeGen.BurstILPostProcessor
running Unity.Jobs.CodeGen.JobsILPostProcessor
running zzzUnity.Burst.CodeGen.BurstILPostProcessor
[328/353    0s] ILPostProcess Library/Bee/artifacts/1300b0aP.dag/post-processed/Unity.InputSystem.dll (+pdb)
Processing assembly Library/Bee/artifacts/1300b0aP.dag/Unity.InputSystem.dll, with 146 defines and 184 references
processors: Unity.Jobs.CodeGen.JobsILPostProcessor, zzzUnity.Burst.CodeGen.BurstILPostProcessor
running Unity.Jobs.CodeGen.JobsILPostProcessor
running zzzUnity.Burst.CodeGen.BurstILPostProcessor
[329/353    0s] ILPostProcess Library/Bee/artifacts/1300b0aP.dag/post-processed/Unity.InternalAPIEngineBridge.004.dll (+pdb)
Processing assembly Library/Bee/artifacts/1300b0aP.dag/Unity.InternalAPIEngineBridge.004.dll, with 137 defines and 184 references
processors: Unity.Jobs.CodeGen.JobsILPostProcessor, zzzUnity.Burst.CodeGen.BurstILPostProcessor
running Unity.Jobs.CodeGen.JobsILPostProcessor
running zzzUnity.Burst.CodeGen.BurstILPostProcessor
[330/353    0s] CopyFiles Library/Bee/PlayerScriptAssemblies/Unity.InternalAPIEngineBridge.004.dll
[331/353    0s] CopyFiles Library/Bee/PlayerScriptAssemblies/Unity.InputSystem.dll
[332/353    0s] CopyFiles Library/Bee/PlayerScriptAssemblies/Unity.Mathematics.dll
[333/353    0s] CopyFiles Library/Bee/PlayerScriptAssemblies/Unity.InputSystem.ForUI.dll
[334/353    0s] CopyFiles Library/Bee/PlayerScriptAssemblies/Unity.TextMeshPro.dll
[335/353    0s] CopyFiles Library/Bee/PlayerScriptAssemblies/UnityEngine.UI.dll
[336/353    0s] CopyFiles Library/Bee/PlayerScriptAssemblies/Unity.InternalAPIEngineBridge.004.pdb
[337/353    0s] CopyFiles Library/Bee/PlayerScriptAssemblies/Unity.InputSystem.pdb
[338/353    0s] CopyFiles Library/Bee/PlayerScriptAssemblies/Unity.Mathematics.pdb
[339/353    0s] CopyFiles Library/Bee/PlayerScriptAssemblies/Unity.InputSystem.ForUI.pdb
[340/353    0s] CopyFiles Library/Bee/PlayerScriptAssemblies/Unity.TextMeshPro.pdb
[341/353    0s] CopyFiles Library/Bee/PlayerScriptAssemblies/UnityEngine.UI.pdb
[342/353    0s] ILPostProcess Library/Bee/artifacts/1300b0aP.dag/post-processed/PofudukFilo.Runtime.dll (+pdb)
Processing assembly Library/Bee/artifacts/1300b0aP.dag/PofudukFilo.Runtime.dll, with 138 defines and 188 references
processors: Unity.Jobs.CodeGen.JobsILPostProcessor, zzzUnity.Burst.CodeGen.BurstILPostProcessor
running Unity.Jobs.CodeGen.JobsILPostProcessor
running zzzUnity.Burst.CodeGen.BurstILPostProcessor
[343/353    0s] CopyFiles Library/Bee/PlayerScriptAssemblies/PofudukFilo.Runtime.dll
[344/353    0s] CopyFiles Library/Bee/PlayerScriptAssemblies/PofudukFilo.Runtime.pdb
[345/353    0s] ILPostProcess Library/Bee/artifacts/1300b0aP.dag/post-processed/Unity.Burst.dll (+pdb)
Processing assembly Library/Bee/artifacts/1300b0aP.dag/Unity.Burst.dll, with 137 defines and 177 references
processors: Unity.Jobs.CodeGen.JobsILPostProcessor, zzzUnity.Burst.CodeGen.BurstILPostProcessor
running Unity.Jobs.CodeGen.JobsILPostProcessor
running zzzUnity.Burst.CodeGen.BurstILPostProcessor
[346/353    0s] CopyFiles Library/Bee/PlayerScriptAssemblies/Unity.Burst.pdb
[347/353    0s] CopyFiles Library/Bee/PlayerScriptAssemblies/Unity.Burst.dll
[348/353    0s] ILPostProcess Library/Bee/artifacts/1300b0aP.dag/post-processed/Unity.Collections.dll (+pdb)
Processing assembly Library/Bee/artifacts/1300b0aP.dag/Unity.Collections.dll, with 139 defines and 186 references
processors: Unity.Jobs.CodeGen.JobsILPostProcessor, zzzUnity.Burst.CodeGen.BurstILPostProcessor
running Unity.Jobs.CodeGen.JobsILPostProcessor
running zzzUnity.Burst.CodeGen.BurstILPostProcessor
[349/353    0s] CopyFiles Library/Bee/PlayerScriptAssemblies/Unity.Collections.pdb
[350/353    0s] CopyFiles Library/Bee/PlayerScriptAssemblies/Unity.Collections.dll
[352/353    0s] BuildPlayerDataGenerator Library/BuildPlayerData/Player/RuntimeInitializeOnLoads.json (+1 other)
*** Tundra build success (7.10 seconds), 53 items updated, 353 evaluated
Rebuilding Data files because the assembly list is dirty
[Licensing::Client] Successfully resolved entitlement details
[Licensing::Client] Successfully resolved entitlement details
Opening scene 'Assets/_Project/Scenes/Main.unity'
Unloading 3 Unused Serialized files (Serialized files now loaded: 0)
Loaded scene 'Assets/_Project/Scenes/Main.unity'
	Deserialize:            2.549 ms
	Integration:            193.106 ms
	Integration of assets:  0.002 ms
	Thread Wait Time:       0.018 ms
	Total Operation Time:   195.676 ms
Unloading 130 unused Assets / (36.8 MB). Loaded Objects now: 3102.
Memory consumption went from 176.8 MB to 140.0 MB.
Total: 11.721613 ms (FindLiveObjects: 0.234698 ms CreateObjectMapping: 0.046920 ms MarkObjects: 10.386030 ms  DeleteObjects: 1.053344 ms)

Created GICache directory at /root/.cache/unity3d/GiCache. Took: 0.012s, timestamps: [111.368 - 111.380]
﻿﻿﻿﻿

Mono dependencies included in the build
Dependency assembly - System.Net.Http.dll
Dependency assembly - System.Resources.ResourceManager.dll
Dependency assembly - I18N.Rare.dll
Dependency assembly - System.Security.Cryptography.ProtectedData.dll
Dependency assembly - GoogleMobileAds.dll
Dependency assembly - System.Net.Ping.dll
Dependency assembly - System.Runtime.CompilerServices.VisualC.dll
Dependency assembly - GoogleMobileAds.Android.dll
Dependency assembly - System.Linq.dll
Dependency assembly - I18N.MidEast.dll
Dependency assembly - Unity.InternalAPIEngineBridge.004.dll
Dependency assembly - System.Net.Mail.dll
Dependency assembly - I18N.dll
Dependency assembly - System.Collections.Specialized.dll
Dependency assembly - System.Net.Http.WebRequest.dll
Dependency assembly - System.Web.ApplicationServices.dll
Dependency assembly - System.IO.FileSystem.DriveInfo.dll
Dependency assembly - System.DirectoryServices.Protocols.dll
Dependency assembly - System.Reflection.Extensions.dll
Dependency assembly - System.Runtime.InteropServices.RuntimeInformation.dll
Dependency assembly - I18N.West.dll
Dependency assembly - System.Threading.ThreadPool.dll
Dependency assembly - System.Data.OracleClient.dll
Dependency assembly - System.Data.DataSetExtensions.dll
Dependency assembly - System.Linq.Expressions.dll
Dependency assembly - System.Xml.XPath.dll
Dependency assembly - System.Xml.dll
Dependency assembly - System.Numerics.Vectors.dll
Dependency assembly - System.Security.Cryptography.X509Certificates.dll
Dependency assembly - System.Threading.Tasks.dll
Dependency assembly - System.Net.HttpListener.dll
Dependency assembly - System.ServiceModel.Web.dll
Dependency assembly - System.Reflection.Primitives.dll
Dependency assembly - System.Security.AccessControl.dll
Dependency assembly - System.ServiceModel.Primitives.dll
Dependency assembly - System.Data.SqlClient.dll
Dependency assembly - System.Linq.Parallel.dll
Dependency assembly - System.ObjectModel.dll
Dependency assembly - System.Security.Cryptography.OpenSsl.dll
Dependency assembly - PofudukFilo.Runtime.dll
Dependency assembly - System.Data.Common.dll
Dependency assembly - System.Security.SecureString.dll
Dependency assembly - System.Web.DynamicData.dll
Dependency assembly - System.Reflection.Emit.dll
Dependency assembly - System.IO.Pipes.dll
Dependency assembly - System.Runtime.Caching.dll
Dependency assembly - System.Web.Extensions.Design.dll
Dependency assembly - System.Diagnostics.StackTrace.dll
Dependency assembly - System.Security.Cryptography.Encryption.dll
Dependency assembly - System.Runtime.InteropServices.WindowsRuntime.dll
Dependency assembly - System.Runtime.Serialization.Formatters.dll
Dependency assembly - System.Security.Cryptography.Hashing.Algorithms.dll
Dependency assembly - System.ComponentModel.DataAnnotations.dll
Dependency assembly - System.Reflection.DispatchProxy.dll
Dependency assembly - I18N.CJK.dll
Dependency assembly - System.IO.Compression.FileSystem.dll
Dependency assembly - Mono.Security.dll
Dependency assembly - System.Text.Encoding.dll
Dependency assembly - System.AppContext.dll
Dependency assembly - System.IO.FileSystem.Watcher.dll
Dependency assembly - Microsoft.Win32.Primitives.dll
Dependency assembly - System.Threading.Tasks.Extensions.dll
Dependency assembly - Accessibility.dll
Dependency assembly - System.Runtime.DurableInstancing.dll
Dependency assembly - System.ComponentModel.EventBasedAsync.dll
Dependency assembly - System.Runtime.Numerics.dll
Dependency assembly - System.Transactions.dll
Dependency assembly - System.Threading.Timer.dll
Dependency assembly - System.IO.dll
Dependency assembly - System.Xml.XDocument.dll
Dependency assembly - Mono.Data.Tds.dll
Dependency assembly - System.Text.Encoding.Extensions.dll
Dependency assembly - System.Globalization.dll
Dependency assembly - System.Net.Utilities.dll
Dependency assembly - System.Security.Principal.dll
Dependency assembly - System.Xml.XPath.XDocument.dll
Dependency assembly - System.Xaml.dll
Dependency assembly - System.Collections.dll
Dependency assembly - System.Diagnostics.Tracing.dll
Dependency assembly - System.Security.Cryptography.Primitives.dll
Dependency assembly - System.ServiceModel.NetTcp.dll
Dependency assembly - System.Security.Cryptography.Pkcs.dll
Dependency assembly - System.EnterpriseServices.dll
Dependency assembly - System.dll
Dependency assembly - System.Diagnostics.Contracts.dll
Dependency assembly - System.Net.Requests.dll
Dependency assembly - System.Dynamic.Runtime.dll
Dependency assembly - System.Xml.Xsl.Primitives.dll
Dependency assembly - System.ComponentModel.Primitives.dll
Dependency assembly - System.ServiceProcess.ServiceController.dll
Dependency assembly - System.Security.Cryptography.Csp.dll
Dependency assembly - System.Windows.Forms.DataVisualization.dll
Dependency assembly - System.Threading.dll
Dependency assembly - System.ComponentModel.dll
Dependency assembly - System.Diagnostics.FileVersionInfo.dll
Dependency assembly - System.Drawing.Primitives.dll
Dependency assembly - System.Web.Services.dll
Dependency assembly - System.Security.Cryptography.Cng.dll
Dependency assembly - System.Xml.Serialization.dll
Dependency assembly - Unity.Burst.Unsafe.dll
Dependency assembly - System.Security.Cryptography.Encryption.Aes.dll
Dependency assembly - System.Design.dll
Dependency assembly - System.ServiceModel.Activation.dll
Dependency assembly - System.Reflection.TypeExtensions.dll
Dependency assembly - System.Data.Linq.dll
Dependency assembly - System.Diagnostics.TraceSource.dll
Dependency assembly - System.ServiceModel.Routing.dll
Dependency assembly - System.Security.Cryptography.Hashing.dll
Dependency assembly - System.Runtime.Serialization.Primitives.dll
Dependency assembly - System.Text.Encoding.CodePages.dll
Dependency assembly - System.Resources.Reader.dll
Dependency assembly - System.Data.Entity.dll
Dependency assembly - System.Reflection.Emit.ILGeneration.dll
Dependency assembly - System.Drawing.dll
Dependency assembly - System.Security.Claims.dll
Dependency assembly - System.ServiceModel.dll
Dependency assembly - System.Net.WebHeaderCollection.dll
Dependency assembly - System.ServiceModel.Internals.dll
Dependency assembly - System.Net.dll
Dependency assembly - Microsoft.Win32.Registry.AccessControl.dll
Dependency assembly - System.IO.MemoryMappedFiles.dll
Dependency assembly - System.IO.FileSystem.Primitives.dll
Dependency assembly - System.IO.Compression.dll
Dependency assembly - System.Diagnostics.TraceEvent.dll
Dependency assembly - System.Net.Security.dll
Dependency assembly - System.IO.Compression.ZipFile.dll
Dependency assembly - System.Security.Cryptography.DeriveBytes.dll
Dependency assembly - System.Management.dll
Dependency assembly - System.Data.dll
Dependency assembly - System.Threading.Tasks.Parallel.dll
Dependency assembly - System.Threading.AccessControl.dll
Dependency assembly - System.Linq.Queryable.dll
Dependency assembly - System.IdentityModel.Selectors.dll
Dependency assembly - System.Collections.Concurrent.dll
Dependency assembly - System.Memory.dll
Dependency assembly - System.Resources.Writer.dll
Dependency assembly - System.Windows.Forms.dll
Dependency assembly - System.Collections.NonGeneric.dll
Dependency assembly - System.Net.Sockets.dll
Dependency assembly - System.Runtime.Serialization.dll
Dependency assembly - System.Numerics.dll
Dependency assembly - UnityEngine.UI.dll
Dependency assembly - System.Net.AuthenticationManager.dll
Dependency assembly - System.IO.UnmanagedMemoryStream.dll
Dependency assembly - GoogleMobileAds.Common.dll
Dependency assembly - System.Console.dll
Dependency assembly - Unity.Collections.dll
Dependency assembly - System.IO.FileSystem.AccessControl.dll
Dependency assembly - System.Globalization.Calendars.dll
Dependency assembly - Microsoft.Win32.Registry.dll
Dependency assembly - System.Core.dll
Dependency assembly - System.Security.Cryptography.Encryption.ECDsa.dll
Dependency assembly - Microsoft.CSharp.dll
Dependency assembly - GoogleMobileAds.Ump.Android.dll
Dependency assembly - System.Runtime.Serialization.Xml.dll
Dependency assembly - System.Net.NameResolution.dll
Dependency assembly - System.ServiceModel.Http.dll
Dependency assembly - System.Runtime.Remoting.dll
Dependency assembly - Unity.TextMeshPro.dll
Dependency assembly - System.Net.Cache.dll
Dependency assembly - System.Runtime.InteropServices.dll
Dependency assembly - System.Runtime.Serialization.Formatters.Soap.dll
Dependency assembly - System.Security.Cryptography.Encoding.dll
Dependency assembly - System.Net.ServicePoint.dll
Dependency assembly - System.ServiceModel.Discovery.dll
Dependency assembly - System.Security.Cryptography.Encryption.ECDiffieHellman.dll
Dependency assembly - System.Security.Cryptography.RSA.dll
Dependency assembly - System.ServiceModel.Duplex.dll
Dependency assembly - System.Buffers.dll
Dependency assembly - Unity.InputSystem.ForUI.dll
Dependency assembly - Mono.Data.Sqlite.dll
Dependency assembly - System.Diagnostics.Tools.dll
Dependency assembly - System.Json.dll
Dependency assembly - System.Text.RegularExpressions.dll
Dependency assembly - System.Security.dll
Dependency assembly - System.Security.Cryptography.Algorithms.dll
Dependency assembly - System.Runtime.dll
Dependency assembly - System.Messaging.dll
Dependency assembly - System.Diagnostics.Process.dll
Dependency assembly - System.Reflection.dll
Dependency assembly - System.Resources.ReaderWriter.dll
Dependency assembly - GoogleMobileAds.Core.dll
Dependency assembly - System.Xml.ReaderWriter.dll
Dependency assembly - System.Diagnostics.Debug.dll
Dependency assembly - System.Reflection.Context.dll
Dependency assembly - System.Drawing.Design.dll
Dependency assembly - System.Windows.dll
Dependency assembly - Unity.Burst.dll
Dependency assembly - System.Data.Services.Client.dll
Dependency assembly - System.Runtime.Loader.dll
Dependency assembly - System.Security.Principal.Windows.dll
Dependency assembly - System.IO.FileSystem.dll
Dependency assembly - System.Net.NetworkInformation.dll
Dependency assembly - System.ServiceModel.Security.dll
Dependency assembly - System.Web.RegularExpressions.dll
Dependency assembly - System.Xml.XPath.XmlDocument.dll
Dependency assembly - GoogleMobileAds.Ump.dll
Dependency assembly - System.ValueTuple.dll
Dependency assembly - Unity.Collections.LowLevel.ILSupport.dll
Dependency assembly - System.Net.WebSockets.dll
Dependency assembly - System.Net.Primitives.dll
Dependency assembly - System.Web.Extensions.dll
Dependency assembly - System.Reflection.Emit.Lightweight.dll
Dependency assembly - Unity.Mathematics.dll
Dependency assembly - System.Threading.Thread.dll
Dependency assembly - netstandard.dll
Dependency assembly - System.Threading.Overlapped.dll
Dependency assembly - System.Runtime.Serialization.Json.dll
Dependency assembly - System.Security.Cryptography.RandomNumberGenerator.dll
Dependency assembly - System.ComponentModel.Annotations.dll
Dependency assembly - System.Diagnostics.TextWriterTraceListener.dll
Dependency assembly - mscorlib.dll
Dependency assembly - System.Runtime.Handles.dll
Dependency assembly - System.Web.dll
Dependency assembly - System.Xml.XmlDocument.dll
Dependency assembly - System.IO.IsolatedStorage.dll
Dependency assembly - System.Configuration.Install.dll
Dependency assembly - System.Configuration.dll
Dependency assembly - I18N.Other.dll
Dependency assembly - System.ComponentModel.TypeConverter.dll
Dependency assembly - System.Runtime.Extensions.dll
Dependency assembly - System.ServiceProcess.dll
Dependency assembly - System.Globalization.Extensions.dll
Dependency assembly - System.Data.Services.dll
Dependency assembly - Unity.InputSystem.dll
Dependency assembly - System.Net.WebSockets.Client.dll
Dependency assembly - System.DirectoryServices.dll
Dependency assembly - System.Xml.XmlSerializer.dll
Dependency assembly - System.IdentityModel.dll
Dependency assembly - System.Xml.Linq.dll
Dependency assembly - System.ComponentModel.Composition.dll

DisplayProgressbar: Fetching assembly references
Unloading 6 Unused Serialized files (Serialized files now loaded: 0)
Unloading 640 unused Assets / (26.0 MB). Loaded Objects now: 2458.
Memory consumption went from 139.5 MB to 113.5 MB.
Total: 12.453620 ms (FindLiveObjects: 0.149732 ms CreateObjectMapping: 0.052088 ms MarkObjects: 9.792789 ms  DeleteObjects: 2.458280 ms)

Unloading 0 Unused Serialized files (Serialized files now loaded: 0)
Unloading 0 unused Assets / (5.0 KB). Loaded Objects now: 2458.
Memory consumption went from 113.5 MB to 113.5 MB.
Total: 7.183665 ms (FindLiveObjects: 0.098887 ms CreateObjectMapping: 0.028172 ms MarkObjects: 7.045530 ms  DeleteObjects: 0.010335 ms)

Unloading 1 Unused Serialized files (Serialized files now loaded: 0)
Unloading 185 unused Assets / (146.2 MB). Loaded Objects now: 2458.
Memory consumption went from 260.2 MB to 114.0 MB.
Total: 21.989998 ms (FindLiveObjects: 0.092147 ms CreateObjectMapping: 0.029984 ms MarkObjects: 8.933704 ms  DeleteObjects: 12.933542 ms)

Compiling shader "Skybox/Procedural"
  Pass "" (vp)
    Target graphics API: gles3
    Full variant space:         3
    After settings filtering:   3
    After built-in stripping:   9
    After scriptable stripping: 9
    Processed in 0.00 seconds
    Target graphics API: vulkan
    Full variant space:         3
    After settings filtering:   3
    After built-in stripping:   9
    After scriptable stripping: 9
    Processed in 0.00 seconds
  Pass  (vp, gles3) finished in 0.01 seconds. Local cache hits 9 (0.01s CPU time), remote cache hits 0 (0.00s CPU time), compiled 0 variants (0.00s CPU time), skipped 0 variants.
  Pass  (vp, vulkan) finished in 0.01 seconds. Local cache hits 9 (0.01s CPU time), remote cache hits 0 (0.00s CPU time), compiled 0 variants (0.00s CPU time), skipped 0 variants.
    Prepared data for serialisation in 0.00s
Serialized binary data for shader Skybox/Procedural in 0.00s
    gles3 (total internal programs: 9, unique: 3)
    vulkan (total internal programs: 9, unique: 3)
Compiling shader "PofudukFilo/InstancedSprite"
  Pass "" (vp)
    Target graphics API: gles3
    Full variant space:         2
    After settings filtering:   2
    After built-in stripping:   6
    After scriptable stripping: 6
    Processed in 0.00 seconds
    Target graphics API: vulkan
    Full variant space:         2
    After settings filtering:   2
    After built-in stripping:   6
    After scriptable stripping: 6
    Processed in 0.00 seconds
  Pass  (vp, gles3) finished in 0.00 seconds. Local cache hits 6 (0.00s CPU time), remote cache hits 0 (0.00s CPU time), compiled 0 variants (0.00s CPU time), skipped 0 variants.
  Pass  (vp, vulkan) finished in 0.00 seconds. Local cache hits 6 (0.00s CPU time), remote cache hits 0 (0.00s CPU time), compiled 0 variants (0.00s CPU time), skipped 0 variants.
    Prepared data for serialisation in 0.00s
Serialized binary data for shader PofudukFilo/InstancedSprite in 0.00s
    gles3 (total internal programs: 6, unique: 2)
    vulkan (total internal programs: 6, unique: 2)
Compiling shader "PofudukFilo/SpriteWhiteFlash"
  Pass "" (vp)
    Target graphics API: gles3
    Full variant space:         1
    After settings filtering:   1
    After built-in stripping:   3
    After scriptable stripping: 3
    Processed in 0.00 seconds
    Target graphics API: vulkan
    Full variant space:         1
    After settings filtering:   1
    After built-in stripping:   3
    After scriptable stripping: 3
    Processed in 0.00 seconds
  Pass  (vp, gles3) finished in 0.00 seconds. Local cache hits 3 (0.00s CPU time), remote cache hits 0 (0.00s CPU time), compiled 0 variants (0.00s CPU time), skipped 0 variants.
  Pass  (vp, vulkan) finished in 0.00 seconds. Local cache hits 3 (0.00s CPU time), remote cache hits 0 (0.00s CPU time), compiled 0 variants (0.00s CPU time), skipped 0 variants.
    Prepared data for serialisation in 0.00s
Serialized binary data for shader PofudukFilo/SpriteWhiteFlash in 0.00s
    gles3 (total internal programs: 3, unique: 1)
    vulkan (total internal programs: 3, unique: 1)
Compiling shader "Legacy Shaders/VertexLit"
  Pass "" (vp)
    Target graphics API: gles3
    Full variant space:         12
    After settings filtering:   12
    After built-in stripping:   9
    After scriptable stripping: 9
    Processed in 0.00 seconds
    Target graphics API: vulkan
    Full variant space:         12
    After settings filtering:   12
    After built-in stripping:   9
    After scriptable stripping: 9
    Processed in 0.00 seconds
  Pass "" (vp)
    Target graphics API: gles3
    Full variant space:         4
    After settings filtering:   4
    After built-in stripping:   3
    After scriptable stripping: 3
    Processed in 0.00 seconds
    Target graphics API: vulkan
    Full variant space:         4
    After settings filtering:   4
    After built-in stripping:   3
    After scriptable stripping: 3
    Processed in 0.00 seconds
  Pass "ShadowCaster" (vp)
    Target graphics API: gles3
    Full variant space:         4
    After settings filtering:   4
    After built-in stripping:   6
    After scriptable stripping: 6
    Processed in 0.00 seconds
    Target graphics API: vulkan
    Full variant space:         4
    After settings filtering:   4
    After built-in stripping:   6
    After scriptable stripping: 6
    Processed in 0.00 seconds
  Pass  (vp, gles3) finished in 0.00 seconds. Local cache hits 9 (0.00s CPU time), remote cache hits 0 (0.00s CPU time), compiled 0 variants (0.00s CPU time), skipped 0 variants.
  Pass  (vp, vulkan) finished in 0.00 seconds. Local cache hits 9 (0.00s CPU time), remote cache hits 0 (0.00s CPU time), compiled 0 variants (0.00s CPU time), skipped 0 variants.
    Prepared data for serialisation in 0.00s
  Pass  (vp, gles3) finished in 0.00 seconds. Local cache hits 3 (0.00s CPU time), remote cache hits 0 (0.00s CPU time), compiled 0 variants (0.00s CPU time), skipped 0 variants.
  Pass  (vp, vulkan) finished in 0.00 seconds. Local cache hits 3 (0.00s CPU time), remote cache hits 0 (0.00s CPU time), compiled 0 variants (0.00s CPU time), skipped 0 variants.
    Prepared data for serialisation in 0.00s
  Pass ShadowCaster (vp, gles3) finished in 0.00 seconds. Local cache hits 6 (0.00s CPU time), remote cache hits 0 (0.00s CPU time), compiled 0 variants (0.00s CPU time), skipped 0 variants.
  Pass ShadowCaster (vp, vulkan) finished in 0.00 seconds. Local cache hits 6 (0.00s CPU time), remote cache hits 0 (0.00s CPU time), compiled 0 variants (0.00s CPU time), skipped 0 variants.
    Prepared data for serialisation in 0.00s
Serialized binary data for shader Legacy Shaders/VertexLit in 0.00s
    gles3 (total internal programs: 18, unique: 6)
    vulkan (total internal programs: 18, unique: 6)
Compiling shader "Legacy Shaders/Diffuse"
  Pass "FORWARD" (vp)
    Target graphics API: gles3
    Full variant space:         664
    After settings filtering:   664
    After built-in stripping:   24
    After scriptable stripping: 24
    Processed in 0.00 seconds
    Target graphics API: vulkan
    Full variant space:         664
    After settings filtering:   664
    After built-in stripping:   24
    After scriptable stripping: 24
    Processed in 0.00 seconds
  Pass "FORWARD" (vp)
    Target graphics API: gles3
    Full variant space:         20
    After settings filtering:   20
    After built-in stripping:   15
    After scriptable stripping: 15
    Processed in 0.00 seconds
    Target graphics API: vulkan
    Full variant space:         20
    After settings filtering:   20
    After built-in stripping:   15
    After scriptable stripping: 15
    Processed in 0.00 seconds
  Pass "DEFERRED" (vp)
    Target graphics API: gles3
    Full variant space:         76
    After settings filtering:   76
    After built-in stripping:   12
    After scriptable stripping: 12
    Processed in 0.00 seconds
    Target graphics API: vulkan
    Full variant space:         76
    After settings filtering:   76
    After built-in stripping:   12
    After scriptable stripping: 12
    Processed in 0.00 seconds
  Pass FORWARD (vp, gles3) finished in 0.00 seconds. Local cache hits 24 (0.00s CPU time), remote cache hits 0 (0.00s CPU time), compiled 0 variants (0.00s CPU time), skipped 0 variants.
  Pass FORWARD (vp, vulkan) finished in 0.00 seconds. Local cache hits 24 (0.00s CPU time), remote cache hits 0 (0.00s CPU time), compiled 0 variants (0.00s CPU time), skipped 0 variants.
    Prepared data for serialisation in 0.00s
  Pass FORWARD (vp, gles3) finished in 0.00 seconds. Local cache hits 15 (0.00s CPU time), remote cache hits 0 (0.00s CPU time), compiled 0 variants (0.00s CPU time), skipped 0 variants.
  Pass FORWARD (vp, vulkan) finished in 0.00 seconds. Local cache hits 15 (0.00s CPU time), remote cache hits 0 (0.00s CPU time), compiled 0 variants (0.00s CPU time), skipped 0 variants.
    Prepared data for serialisation in 0.00s
  Pass DEFERRED (vp, gles3) finished in 0.00 seconds. Local cache hits 12 (0.00s CPU time), remote cache hits 0 (0.00s CPU time), compiled 0 variants (0.00s CPU time), skipped 0 variants.
  Pass DEFERRED (vp, vulkan) finished in 0.00 seconds. Local cache hits 12 (0.00s CPU time), remote cache hits 0 (0.00s CPU time), compiled 0 variants (0.00s CPU time), skipped 0 variants.
    Prepared data for serialisation in 0.00s
Serialized binary data for shader Legacy Shaders/Diffuse in 0.00s
    gles3 (total internal programs: 51, unique: 17)
    vulkan (total internal programs: 51, unique: 17)
Compiling shader "Hidden/Internal-StencilWrite"
  Pass "" (vp)
    Target graphics API: gles3
    Full variant space:         1
    After settings filtering:   1
    After built-in stripping:   3
    After scriptable stripping: 3
    Processed in 0.00 seconds
    Target graphics API: vulkan
    Full variant space:         1
    After settings filtering:   1
    After built-in stripping:   3
    After scriptable stripping: 3
    Processed in 0.00 seconds
  Pass  (vp, gles3) finished in 0.00 seconds. Local cache hits 3 (0.00s CPU time), remote cache hits 0 (0.00s CPU time), compiled 0 variants (0.00s CPU time), skipped 0 variants.
  Pass  (vp, vulkan) finished in 0.00 seconds. Local cache hits 3 (0.00s CPU time), remote cache hits 0 (0.00s CPU time), compiled 0 variants (0.00s CPU time), skipped 0 variants.
    Prepared data for serialisation in 0.00s
Serialized binary data for shader Hidden/Internal-StencilWrite in 0.00s
    gles3 (total internal programs: 3, unique: 1)
    vulkan (total internal programs: 3, unique: 1)
Compiling shader "Hidden/Internal-DepthNormalsTexture"
  Pass "" (vp)
    Target graphics API: gles3
    Full variant space:         1
    After settings filtering:   1
    After built-in stripping:   3
    After scriptable stripping: 3
    Processed in 0.00 seconds
    Target graphics API: vulkan
    Full variant space:         1
    After settings filtering:   1
    After built-in stripping:   3
    After scriptable stripping: 3
    Processed in 0.00 seconds
  Pass "" (vp)
    Target graphics API: gles3
    Full variant space:         1
    After settings filtering:   1
    After built-in stripping:   3
    After scriptable stripping: 3
    Processed in 0.00 seconds
    Target graphics API: vulkan
    Full variant space:         1
    After settings filtering:   1
    After built-in stripping:   3
    After scriptable stripping: 3
    Processed in 0.00 seconds
  Pass "" (vp)
    Target graphics API: gles3
    Full variant space:         1
    After settings filtering:   1
    After built-in stripping:   3
    After scriptable stripping: 3
    Processed in 0.00 seconds
    Target graphics API: vulkan
    Full variant space:         1
    After settings filtering:   1
    After built-in stripping:   3
    After scriptable stripping: 3
    Processed in 0.00 seconds
  Pass "" (vp)
    Target graphics API: gles3
    Full variant space:         1
    After settings filtering:   1
    After built-in stripping:   3
    After scriptable stripping: 3
    Processed in 0.00 seconds
    Target graphics API: vulkan
    Full variant space:         1
    After settings filtering:   1
    After built-in stripping:   3
    After scriptable stripping: 3
    Processed in 0.00 seconds
  Pass "" (vp)
    Target graphics API: gles3
    Full variant space:         1
    After settings filtering:   1
    After built-in stripping:   3
    After scriptable stripping: 3
    Processed in 0.00 seconds
    Target graphics API: vulkan
    Full variant space:         1
    After settings filtering:   1
    After built-in stripping:   3
    After scriptable stripping: 3
    Processed in 0.00 seconds
  Pass "" (vp)
    Target graphics API: gles3
    Full variant space:         1
    After settings filtering:   1
    After built-in stripping:   3
    After scriptable stripping: 3
    Processed in 0.00 seconds
    Target graphics API: vulkan
    Full variant space:         1
    After settings filtering:   1
    After built-in stripping:   3
    After scriptable stripping: 3
    Processed in 0.00 seconds
  Pass "" (vp)
    Target graphics API: gles3
    Full variant space:         1
    After settings filtering:   1
    After built-in stripping:   3
    After scriptable stripping: 3
    Processed in 0.00 seconds
    Target graphics API: vulkan
    Full variant space:         1
    After settings filtering:   1
    After built-in stripping:   3
    After scriptable stripping: 3
    Processed in 0.00 seconds
  Pass "" (vp)
    Target graphics API: gles3
    Full variant space:         1
    After settings filtering:   1
    After built-in stripping:   3
    After scriptable stripping: 3
    Processed in 0.00 seconds
    Target graphics API: vulkan
    Full variant space:         1
    After settings filtering:   1
    After built-in stripping:   3
    After scriptable stripping: 3
    Processed in 0.00 seconds
  Pass "" (vp)
    Target graphics API: gles3
    Full variant space:         1
    After settings filtering:   1
    After built-in stripping:   3
    After scriptable stripping: 3
    Processed in 0.00 seconds
    Target graphics API: vulkan
    Full variant space:         1
    After settings filtering:   1
    After built-in stripping:   3
    After scriptable stripping: 3
    Processed in 0.00 seconds
  Pass "" (vp)
    Target graphics API: gles3
    Full variant space:         1
    After settings filtering:   1
    After built-in stripping:   3
    After scriptable stripping: 3
    Processed in 0.00 seconds
    Target graphics API: vulkan
    Full variant space:         1
    After settings filtering:   1
    After built-in stripping:   3
    After scriptable stripping: 3
    Processed in 0.00 seconds
  Pass  (vp, gles3) finished in 0.00 seconds. Local cache hits 3 (0.00s CPU time), remote cache hits 0 (0.00s CPU time), compiled 0 variants (0.00s CPU time), skipped 0 variants.
  Pass  (vp, vulkan) finished in 0.00 seconds. Local cache hits 3 (0.00s CPU time), remote cache hits 0 (0.00s CPU time), compiled 0 variants (0.00s CPU time), skipped 0 variants.
    Prepared data for serialisation in 0.00s
  Pass  (vp, gles3) finished in 0.00 seconds. Local cache hits 3 (0.00s CPU time), remote cache hits 0 (0.00s CPU time), compiled 0 variants (0.00s CPU time), skipped 0 variants.
  Pass  (vp, vulkan) finished in 0.00 seconds. Local cache hits 3 (0.00s CPU time), remote cache hits 0 (0.00s CPU time), compiled 0 variants (0.00s CPU time), skipped 0 variants.
    Prepared data for serialisation in 0.00s
  Pass  (vp, gles3) finished in 0.00 seconds. Local cache hits 3 (0.00s CPU time), remote cache hits 0 (0.00s CPU time), compiled 0 variants (0.00s CPU time), skipped 0 variants.
  Pass  (vp, vulkan) finished in 0.00 seconds. Local cache hits 3 (0.00s CPU time), remote cache hits 0 (0.00s CPU time), compiled 0 variants (0.00s CPU time), skipped 0 variants.
    Prepared data for serialisation in 0.00s
  Pass  (vp, gles3) finished in 0.00 seconds. Local cache hits 3 (0.00s CPU time), remote cache hits 0 (0.00s CPU time), compiled 0 variants (0.00s CPU time), skipped 0 variants.
  Pass  (vp, vulkan) finished in 0.00 seconds. Local cache hits 3 (0.00s CPU time), remote cache hits 0 (0.00s CPU time), compiled 0 variants (0.00s CPU time), skipped 0 variants.
    Prepared data for serialisation in 0.00s
  Pass  (vp, gles3) finished in 0.00 seconds. Local cache hits 3 (0.00s CPU time), remote cache hits 0 (0.00s CPU time), compiled 0 variants (0.00s CPU time), skipped 0 variants.
  Pass  (vp, vulkan) finished in 0.00 seconds. Local cache hits 3 (0.00s CPU time), remote cache hits 0 (0.00s CPU time), compiled 0 variants (0.00s CPU time), skipped 0 variants.
    Prepared data for serialisation in 0.00s
  Pass  (vp, gles3) finished in 0.00 seconds. Local cache hits 3 (0.00s CPU time), remote cache hits 0 (0.00s CPU time), compiled 0 variants (0.00s CPU time), skipped 0 variants.
  Pass  (vp, vulkan) finished in 0.00 seconds. Local cache hits 3 (0.00s CPU time), remote cache hits 0 (0.00s CPU time), compiled 0 variants (0.00s CPU time), skipped 0 variants.
    Prepared data for serialisation in 0.00s
  Pass  (vp, gles3) finished in 0.00 seconds. Local cache hits 3 (0.00s CPU time), remote cache hits 0 (0.00s CPU time), compiled 0 variants (0.00s CPU time), skipped 0 variants.
  Pass  (vp, vulkan) finished in 0.00 seconds. Local cache hits 3 (0.00s CPU time), remote cache hits 0 (0.00s CPU time), compiled 0 variants (0.00s CPU time), skipped 0 variants.
    Prepared data for serialisation in 0.00s
  Pass  (vp, gles3) finished in 0.00 seconds. Local cache hits 3 (0.00s CPU time), remote cache hits 0 (0.00s CPU time), compiled 0 variants (0.00s CPU time), skipped 0 variants.
  Pass  (vp, vulkan) finished in 0.00 seconds. Local cache hits 3 (0.00s CPU time), remote cache hits 0 (0.00s CPU time), compiled 0 variants (0.00s CPU time), skipped 0 variants.
    Prepared data for serialisation in 0.00s
  Pass  (vp, gles3) finished in 0.00 seconds. Local cache hits 3 (0.00s CPU time), remote cache hits 0 (0.00s CPU time), compiled 0 variants (0.00s CPU time), skipped 0 variants.
  Pass  (vp, vulkan) finished in 0.00 seconds. Local cache hits 3 (0.00s CPU time), remote cache hits 0 (0.00s CPU time), compiled 0 variants (0.00s CPU time), skipped 0 variants.
    Prepared data for serialisation in 0.00s
  Pass  (vp, gles3) finished in 0.00 seconds. Local cache hits 3 (0.00s CPU time), remote cache hits 0 (0.00s CPU time), compiled 0 variants (0.00s CPU time), skipped 0 variants.
  Pass  (vp, vulkan) finished in 0.00 seconds. Local cache hits 3 (0.00s CPU time), remote cache hits 0 (0.00s CPU time), compiled 0 variants (0.00s CPU time), skipped 0 variants.
    Prepared data for serialisation in 0.00s
Serialized binary data for shader Hidden/Internal-DepthNormalsTexture in 0.00s
    gles3 (total internal programs: 30, unique: 10)
    vulkan (total internal programs: 30, unique: 10)
Compiling shader "Hidden/Internal-ScreenSpaceShadows"
  Pass "" (vp)
    Target graphics API: gles3
    Full variant space:         4
    After settings filtering:   4
    After built-in stripping:   12
    After scriptable stripping: 12
    Processed in 0.00 seconds
    Target graphics API: vulkan
    Full variant space:         4
    After settings filtering:   4
    After built-in stripping:   12
    After scriptable stripping: 12
    Processed in 0.00 seconds
  Pass "" (vp)
    Target graphics API: gles3
    Full variant space:         4
    After settings filtering:   4
    After built-in stripping:   12
    After scriptable stripping: 12
    Processed in 0.00 seconds
    Target graphics API: vulkan
    Full variant space:         4
    After settings filtering:   4
    After built-in stripping:   12
    After scriptable stripping: 12
    Processed in 0.00 seconds
  Pass "" (vp)
    Target graphics API: gles3
    Full variant space:         4
    After settings filtering:   4
    After built-in stripping:   12
    After scriptable stripping: 12
    Processed in 0.00 seconds
    Target graphics API: vulkan
    Full variant space:         4
    After settings filtering:   4
    After built-in stripping:   12
    After scriptable stripping: 12
    Processed in 0.00 seconds
  Pass "" (vp)
    Target graphics API: gles3
    Full variant space:         4
    After settings filtering:   4
    After built-in stripping:   12
    After scriptable stripping: 12
    Processed in 0.00 seconds
    Target graphics API: vulkan
    Full variant space:         4
    After settings filtering:   4
    After built-in stripping:   12
    After scriptable stripping: 12
    Processed in 0.00 seconds
  Pass  (vp, gles3) finished in 0.00 seconds. Local cache hits 12 (0.00s CPU time), remote cache hits 0 (0.00s CPU time), compiled 0 variants (0.00s CPU time), skipped 0 variants.
  Pass  (vp, vulkan) finished in 0.00 seconds. Local cache hits 12 (0.00s CPU time), remote cache hits 0 (0.00s CPU time), compiled 0 variants (0.00s CPU time), skipped 0 variants.
    Prepared data for serialisation in 0.00s
  Pass  (vp, gles3) finished in 0.00 seconds. Local cache hits 12 (0.00s CPU time), remote cache hits 0 (0.00s CPU time), compiled 0 variants (0.00s CPU time), skipped 0 variants.
  Pass  (vp, vulkan) finished in 0.00 seconds. Local cache hits 12 (0.00s CPU time), remote cache hits 0 (0.00s CPU time), compiled 0 variants (0.00s CPU time), skipped 0 variants.
    Prepared data for serialisation in 0.00s
  Pass  (vp, gles3) finished in 0.00 seconds. Local cache hits 12 (0.00s CPU time), remote cache hits 0 (0.00s CPU time), compiled 0 variants (0.00s CPU time), skipped 0 variants.
  Pass  (vp, vulkan) finished in 0.00 seconds. Local cache hits 12 (0.00s CPU time), remote cache hits 0 (0.00s CPU time), compiled 0 variants (0.00s CPU time), skipped 0 variants.
    Prepared data for serialisation in 0.00s
  Pass  (vp, gles3) finished in 0.00 seconds. Local cache hits 12 (0.00s CPU time), remote cache hits 0 (0.00s CPU time), compiled 0 variants (0.00s CPU time), skipped 0 variants.
  Pass  (vp, vulkan) finished in 0.00 seconds. Local cache hits 12 (0.00s CPU time), remote cache hits 0 (0.00s CPU time), compiled 0 variants (0.00s CPU time), skipped 0 variants.
    Prepared data for serialisation in 0.00s
Serialized binary data for shader Hidden/Internal-ScreenSpaceShadows in 0.00s
    gles3 (total internal programs: 48, unique: 16)
    vulkan (total internal programs: 48, unique: 16)
Compiling shader "Hidden/Internal-CombineDepthNormals"
  Pass "" (vp)
    Target graphics API: gles3
    Full variant space:         1
    After settings filtering:   1
    After built-in stripping:   3
    After scriptable stripping: 3
    Processed in 0.00 seconds
    Target graphics API: vulkan
    Full variant space:         1
    After settings filtering:   1
    After built-in stripping:   3
    After scriptable stripping: 3
    Processed in 0.00 seconds
  Pass  (vp, gles3) finished in 0.00 seconds. Local cache hits 3 (0.00s CPU time), remote cache hits 0 (0.00s CPU time), compiled 0 variants (0.00s CPU time), skipped 0 variants.
  Pass  (vp, vulkan) finished in 0.00 seconds. Local cache hits 3 (0.00s CPU time), remote cache hits 0 (0.00s CPU time), compiled 0 variants (0.00s CPU time), skipped 0 variants.
    Prepared data for serialisation in 0.00s
Serialized binary data for shader Hidden/Internal-CombineDepthNormals in 0.00s
    gles3 (total internal programs: 3, unique: 1)
    vulkan (total internal programs: 3, unique: 1)
Compiling shader "Hidden/BlitCopy"
  Pass "" (vp)
    Target graphics API: gles3
    Full variant space:         1
    After settings filtering:   1
    After built-in stripping:   3
    After scriptable stripping: 3
    Processed in 0.00 seconds
    Target graphics API: vulkan
    Full variant space:         1
    After settings filtering:   1
    After built-in stripping:   3
    After scriptable stripping: 3
    Processed in 0.00 seconds
  Pass  (vp, gles3) finished in 0.00 seconds. Local cache hits 3 (0.00s CPU time), remote cache hits 0 (0.00s CPU time), compiled 0 variants (0.00s CPU time), skipped 0 variants.
  Pass  (vp, vulkan) finished in 0.00 seconds. Local cache hits 3 (0.00s CPU time), remote cache hits 0 (0.00s CPU time), compiled 0 variants (0.00s CPU time), skipped 0 variants.
    Prepared data for serialisation in 0.00s
Serialized binary data for shader Hidden/BlitCopy in 0.00s
    gles3 (total internal programs: 3, unique: 1)
    vulkan (total internal programs: 3, unique: 1)
Compiling shader "Hidden/BlitCopyDepth"
  Pass "" (vp)
    Target graphics API: gles3
    Full variant space:         1
    After settings filtering:   1
    After built-in stripping:   3
    After scriptable stripping: 3
    Processed in 0.00 seconds
    Target graphics API: vulkan
    Full variant space:         1
    After settings filtering:   1
    After built-in stripping:   3
    After scriptable stripping: 3
    Processed in 0.00 seconds
  Pass  (vp, gles3) finished in 0.00 seconds. Local cache hits 3 (0.00s CPU time), remote cache hits 0 (0.00s CPU time), compiled 0 variants (0.00s CPU time), skipped 0 variants.
  Pass  (vp, vulkan) finished in 0.00 seconds. Local cache hits 3 (0.00s CPU time), remote cache hits 0 (0.00s CPU time), compiled 0 variants (0.00s CPU time), skipped 0 variants.
    Prepared data for serialisation in 0.00s
Serialized binary data for shader Hidden/BlitCopyDepth in 0.00s
    gles3 (total internal programs: 3, unique: 1)
    vulkan (total internal programs: 3, unique: 1)
Compiling shader "Hidden/ConvertTexture"
  Pass "" (vp)
    Target graphics API: gles3
    Full variant space:         1
    After settings filtering:   1
    After built-in stripping:   3
    After scriptable stripping: 3
    Processed in 0.00 seconds
    Target graphics API: vulkan
    Full variant space:         1
    After settings filtering:   1
    After built-in stripping:   3
    After scriptable stripping: 3
    Processed in 0.00 seconds
  Pass  (vp, gles3) finished in 0.00 seconds. Local cache hits 3 (0.00s CPU time), remote cache hits 0 (0.00s CPU time), compiled 0 variants (0.00s CPU time), skipped 0 variants.
  Pass  (vp, vulkan) finished in 0.00 seconds. Local cache hits 3 (0.00s CPU time), remote cache hits 0 (0.00s CPU time), compiled 0 variants (0.00s CPU time), skipped 0 variants.
    Prepared data for serialisation in 0.00s
Serialized binary data for shader Hidden/ConvertTexture in 0.00s
    gles3 (total internal programs: 3, unique: 1)
    vulkan (total internal programs: 3, unique: 1)
Compiling shader "Hidden/Internal-DeferredShading"
  Pass "" (vp)
    Target graphics API: gles3
    Full variant space:         94
    After settings filtering:   94
    After built-in stripping:   78
    After scriptable stripping: 78
    Processed in 0.00 seconds
    Target graphics API: vulkan
    Full variant space:         94
    After settings filtering:   94
    After built-in stripping:   78
    After scriptable stripping: 78
    Processed in 0.00 seconds
  Pass "" (vp)
    Target graphics API: gles3
    Full variant space:         1
    After settings filtering:   1
    After built-in stripping:   3
    After scriptable stripping: 3
    Processed in 0.00 seconds
    Target graphics API: vulkan
    Full variant space:         1
    After settings filtering:   1
    After built-in stripping:   3
    After scriptable stripping: 3
    Processed in 0.00 seconds
  Pass  (vp, gles3) finished in 0.00 seconds. Local cache hits 78 (0.01s CPU time), remote cache hits 0 (0.00s CPU time), compiled 0 variants (0.00s CPU time), skipped 0 variants.
  Pass  (vp, vulkan) finished in 0.00 seconds. Local cache hits 78 (0.01s CPU time), remote cache hits 0 (0.00s CPU time), compiled 0 variants (0.00s CPU time), skipped 0 variants.
    Prepared data for serialisation in 0.00s
  Pass  (vp, gles3) finished in 0.00 seconds. Local cache hits 3 (0.00s CPU time), remote cache hits 0 (0.00s CPU time), compiled 0 variants (0.00s CPU time), skipped 0 variants.
  Pass  (vp, vulkan) finished in 0.00 seconds. Local cache hits 3 (0.00s CPU time), remote cache hits 0 (0.00s CPU time), compiled 0 variants (0.00s CPU time), skipped 0 variants.
    Prepared data for serialisation in 0.00s
Serialized binary data for shader Hidden/Internal-DeferredShading in 0.00s
    gles3 (total internal programs: 81, unique: 53)
    vulkan (total internal programs: 81, unique: 53)
Compiling shader "Hidden/Internal-DeferredReflections"
  Pass "" (vp)
    Target graphics API: gles3
    Full variant space:         1
    After settings filtering:   1
    After built-in stripping:   3
    After scriptable stripping: 3
    Processed in 0.00 seconds
    Target graphics API: vulkan
    Full variant space:         1
    After settings filtering:   1
    After built-in stripping:   3
    After scriptable stripping: 3
    Processed in 0.00 seconds
  Pass "" (vp)
    Target graphics API: gles3
    Full variant space:         2
    After settings filtering:   2
    After built-in stripping:   6
    After scriptable stripping: 6
    Processed in 0.00 seconds
    Target graphics API: vulkan
    Full variant space:         2
    After settings filtering:   2
    After built-in stripping:   6
    After scriptable stripping: 6
    Processed in 0.00 seconds
  Pass  (vp, gles3) finished in 0.00 seconds. Local cache hits 3 (0.00s CPU time), remote cache hits 0 (0.00s CPU time), compiled 0 variants (0.00s CPU time), skipped 0 variants.
  Pass  (vp, vulkan) finished in 0.00 seconds. Local cache hits 3 (0.00s CPU time), remote cache hits 0 (0.00s CPU time), compiled 0 variants (0.00s CPU time), skipped 0 variants.
    Prepared data for serialisation in 0.00s
  Pass  (vp, gles3) finished in 0.09 seconds. Local cache hits 6 (0.17s CPU time), remote cache hits 0 (0.00s CPU time), compiled 0 variants (0.00s CPU time), skipped 0 variants.
  Pass  (vp, vulkan) finished in 0.09 seconds. Local cache hits 6 (0.00s CPU time), remote cache hits 0 (0.00s CPU time), compiled 0 variants (0.00s CPU time), skipped 0 variants.
    Prepared data for serialisation in 0.00s
Serialized binary data for shader Hidden/Internal-DeferredReflections in 0.00s
    gles3 (total internal programs: 9, unique: 4)
    vulkan (total internal programs: 9, unique: 4)
Compiling shader "Hidden/Internal-MotionVectors"
  Pass "" (vp)
    Target graphics API: gles3
    Full variant space:         1
    After settings filtering:   1
    After built-in stripping:   3
    After scriptable stripping: 3
    Processed in 0.00 seconds
    Target graphics API: vulkan
    Full variant space:         1
    After settings filtering:   1
    After built-in stripping:   3
    After scriptable stripping: 3
    Processed in 0.00 seconds
  Pass "" (vp)
    Target graphics API: gles3
    Full variant space:         1
    After settings filtering:   1
    After built-in stripping:   3
    After scriptable stripping: 3
    Processed in 0.00 seconds
    Target graphics API: vulkan
    Full variant space:         1
    After settings filtering:   1
    After built-in stripping:   3
    After scriptable stripping: 3
    Processed in 0.00 seconds
  Pass "" (vp)
    Target graphics API: gles3
    Full variant space:         1
    After settings filtering:   1
    After built-in stripping:   3
    After scriptable stripping: 3
    Processed in 0.00 seconds
    Target graphics API: vulkan
    Full variant space:         1
    After settings filtering:   1
    After built-in stripping:   3
    After scriptable stripping: 3
    Processed in 0.00 seconds
  Pass  (vp, gles3) finished in 0.00 seconds. Local cache hits 3 (0.00s CPU time), remote cache hits 0 (0.00s CPU time), compiled 0 variants (0.00s CPU time), skipped 0 variants.
  Pass  (vp, vulkan) finished in 0.00 seconds. Local cache hits 3 (0.00s CPU time), remote cache hits 0 (0.00s CPU time), compiled 0 variants (0.00s CPU time), skipped 0 variants.
    Prepared data for serialisation in 0.00s
  Pass  (vp, gles3) finished in 0.00 seconds. Local cache hits 3 (0.00s CPU time), remote cache hits 0 (0.00s CPU time), compiled 0 variants (0.00s CPU time), skipped 0 variants.
  Pass  (vp, vulkan) finished in 0.00 seconds. Local cache hits 3 (0.00s CPU time), remote cache hits 0 (0.00s CPU time), compiled 0 variants (0.00s CPU time), skipped 0 variants.
    Prepared data for serialisation in 0.00s
  Pass  (vp, gles3) finished in 0.00 seconds. Local cache hits 3 (0.00s CPU time), remote cache hits 0 (0.00s CPU time), compiled 0 variants (0.00s CPU time), skipped 0 variants.
  Pass  (vp, vulkan) finished in 0.00 seconds. Local cache hits 3 (0.00s CPU time), remote cache hits 0 (0.00s CPU time), compiled 0 variants (0.00s CPU time), skipped 0 variants.
    Prepared data for serialisation in 0.00s
Serialized binary data for shader Hidden/Internal-MotionVectors in 0.00s
    gles3 (total internal programs: 9, unique: 3)
    vulkan (total internal programs: 9, unique: 3)
Compiling shader "Hidden/Internal-Flare"
  Pass "" (vp)
    Target graphics API: gles3
    Full variant space:         1
    After settings filtering:   1
    After built-in stripping:   3
    After scriptable stripping: 3
    Processed in 0.00 seconds
    Target graphics API: vulkan
    Full variant space:         1
    After settings filtering:   1
    After built-in stripping:   3
    After scriptable stripping: 3
    Processed in 0.00 seconds
  Pass  (vp, gles3) finished in 0.00 seconds. Local cache hits 3 (0.00s CPU time), remote cache hits 0 (0.00s CPU time), compiled 0 variants (0.00s CPU time), skipped 0 variants.
  Pass  (vp, vulkan) finished in 0.00 seconds. Local cache hits 3 (0.00s CPU time), remote cache hits 0 (0.00s CPU time), compiled 0 variants (0.00s CPU time), skipped 0 variants.
    Prepared data for serialisation in 0.00s
Serialized binary data for shader Hidden/Internal-Flare in 0.00s
    gles3 (total internal programs: 3, unique: 1)
    vulkan (total internal programs: 3, unique: 1)
Compiling shader "Hidden/Internal-Halo"
  Pass "" (vp)
    Target graphics API: gles3
    Full variant space:         4
    After settings filtering:   4
    After built-in stripping:   3
    After scriptable stripping: 3
    Processed in 0.00 seconds
    Target graphics API: vulkan
    Full variant space:         4
    After settings filtering:   4
    After built-in stripping:   3
    After scriptable stripping: 3
    Processed in 0.00 seconds
  Pass  (vp, gles3) finished in 0.00 seconds. Local cache hits 3 (0.00s CPU time), remote cache hits 0 (0.00s CPU time), compiled 0 variants (0.00s CPU time), skipped 0 variants.
  Pass  (vp, vulkan) finished in 0.00 seconds. Local cache hits 3 (0.00s CPU time), remote cache hits 0 (0.00s CPU time), compiled 0 variants (0.00s CPU time), skipped 0 variants.
    Prepared data for serialisation in 0.00s
Serialized binary data for shader Hidden/Internal-Halo in 0.00s
    gles3 (total internal programs: 3, unique: 1)
    vulkan (total internal programs: 3, unique: 1)
Compiling shader "Hidden/BlitCopyWithDepth"
  Pass "" (vp)
    Target graphics API: gles3
    Full variant space:         1
    After settings filtering:   1
    After built-in stripping:   3
    After scriptable stripping: 3
    Processed in 0.00 seconds
    Target graphics API: vulkan
    Full variant space:         1
    After settings filtering:   1
    After built-in stripping:   3
    After scriptable stripping: 3
    Processed in 0.00 seconds
  Pass  (vp, gles3) finished in 0.00 seconds. Local cache hits 3 (0.00s CPU time), remote cache hits 0 (0.00s CPU time), compiled 0 variants (0.00s CPU time), skipped 0 variants.
  Pass  (vp, vulkan) finished in 0.00 seconds. Local cache hits 3 (0.00s CPU time), remote cache hits 0 (0.00s CPU time), compiled 0 variants (0.00s CPU time), skipped 0 variants.
    Prepared data for serialisation in 0.00s
Serialized binary data for shader Hidden/BlitCopyWithDepth in 0.00s
    gles3 (total internal programs: 3, unique: 1)
    vulkan (total internal programs: 3, unique: 1)
Compiling shader "Hidden/BlitToDepth"
  Pass "" (vp)
    Target graphics API: gles3
    Full variant space:         1
    After settings filtering:   1
    After built-in stripping:   3
    After scriptable stripping: 3
    Processed in 0.00 seconds
    Target graphics API: vulkan
    Full variant space:         1
    After settings filtering:   1
    After built-in stripping:   3
    After scriptable stripping: 3
    Processed in 0.00 seconds
  Pass  (vp, gles3) finished in 0.00 seconds. Local cache hits 3 (0.00s CPU time), remote cache hits 0 (0.00s CPU time), compiled 0 variants (0.00s CPU time), skipped 0 variants.
  Pass  (vp, vulkan) finished in 0.00 seconds. Local cache hits 3 (0.00s CPU time), remote cache hits 0 (0.00s CPU time), compiled 0 variants (0.00s CPU time), skipped 0 variants.
    Prepared data for serialisation in 0.00s
Serialized binary data for shader Hidden/BlitToDepth in 0.00s
    gles3 (total internal programs: 3, unique: 1)
    vulkan (total internal programs: 3, unique: 1)
Compiling shader "Hidden/BlitToDepth_MSAA"
  Pass "" (vp)
    Target graphics API: gles3
    Full variant space:         1
    After settings filtering:   1
    After built-in stripping:   3
    After scriptable stripping: 3
    Processed in 0.00 seconds
    Target graphics API: vulkan
    Full variant space:         1
    After settings filtering:   1
    After built-in stripping:   3
    After scriptable stripping: 3
    Processed in 0.00 seconds
  Pass  (vp, gles3) finished in 0.00 seconds. Local cache hits 3 (0.00s CPU time), remote cache hits 0 (0.00s CPU time), compiled 0 variants (0.00s CPU time), skipped 0 variants.
  Pass  (vp, vulkan) finished in 0.00 seconds. Local cache hits 3 (0.00s CPU time), remote cache hits 0 (0.00s CPU time), compiled 0 variants (0.00s CPU time), skipped 0 variants.
    Prepared data for serialisation in 0.00s
Serialized binary data for shader Hidden/BlitToDepth_MSAA in 0.00s
    gles3 (total internal programs: 3, unique: 1)
    vulkan (total internal programs: 3, unique: 1)
Compiling shader "Hidden/BlitCopyHDRTonemap"
  Pass "" (vp)
    Target graphics API: gles3
    Full variant space:         1
    After settings filtering:   1
    After built-in stripping:   3
    After scriptable stripping: 3
    Processed in 0.00 seconds
    Target graphics API: vulkan
    Full variant space:         1
    After settings filtering:   1
    After built-in stripping:   3
    After scriptable stripping: 3
    Processed in 0.00 seconds
  Pass  (vp, gles3) finished in 0.00 seconds. Local cache hits 3 (0.00s CPU time), remote cache hits 0 (0.00s CPU time), compiled 0 variants (0.00s CPU time), skipped 0 variants.
  Pass  (vp, vulkan) finished in 0.00 seconds. Local cache hits 3 (0.00s CPU time), remote cache hits 0 (0.00s CPU time), compiled 0 variants (0.00s CPU time), skipped 0 variants.
    Prepared data for serialisation in 0.00s
Serialized binary data for shader Hidden/BlitCopyHDRTonemap in 0.00s
    gles3 (total internal programs: 3, unique: 1)
    vulkan (total internal programs: 3, unique: 1)
Compiling shader "Hidden/Internal-DebugPattern"
  Pass "Target Color and DepthStencil" (vp)
    Target graphics API: gles3
    Full variant space:         1
    After settings filtering:   1
    After built-in stripping:   3
    After scriptable stripping: 3
    Processed in 0.00 seconds
    Target graphics API: vulkan
    Full variant space:         1
    After settings filtering:   1
    After built-in stripping:   3
    After scriptable stripping: 3
    Processed in 0.00 seconds
  Pass "Target only Color" (vp)
    Target graphics API: gles3
    Full variant space:         1
    After settings filtering:   1
    After built-in stripping:   3
    After scriptable stripping: 3
    Processed in 0.00 seconds
    Target graphics API: vulkan
    Full variant space:         1
    After settings filtering:   1
    After built-in stripping:   3
    After scriptable stripping: 3
    Processed in 0.00 seconds
  Pass "Target only DepthStencil" (vp)
    Target graphics API: gles3
    Full variant space:         1
    After settings filtering:   1
    After built-in stripping:   3
    After scriptable stripping: 3
    Processed in 0.00 seconds
    Target graphics API: vulkan
    Full variant space:         1
    After settings filtering:   1
    After built-in stripping:   3
    After scriptable stripping: 3
    Processed in 0.00 seconds
  Pass Target Color and DepthStencil (vp, gles3) finished in 0.00 seconds. Local cache hits 3 (0.00s CPU time), remote cache hits 0 (0.00s CPU time), compiled 0 variants (0.00s CPU time), skipped 0 variants.
  Pass Target Color and DepthStencil (vp, vulkan) finished in 0.00 seconds. Local cache hits 3 (0.00s CPU time), remote cache hits 0 (0.00s CPU time), compiled 0 variants (0.00s CPU time), skipped 0 variants.
    Prepared data for serialisation in 0.00s
  Pass Target only Color (vp, gles3) finished in 0.00 seconds. Local cache hits 3 (0.00s CPU time), remote cache hits 0 (0.00s CPU time), compiled 0 variants (0.00s CPU time), skipped 0 variants.
  Pass Target only Color (vp, vulkan) finished in 0.00 seconds. Local cache hits 3 (0.00s CPU time), remote cache hits 0 (0.00s CPU time), compiled 0 variants (0.00s CPU time), skipped 0 variants.
    Prepared data for serialisation in 0.00s
  Pass Target only DepthStencil (vp, gles3) finished in 0.00 seconds. Local cache hits 3 (0.00s CPU time), remote cache hits 0 (0.00s CPU time), compiled 0 variants (0.00s CPU time), skipped 0 variants.
  Pass Target only DepthStencil (vp, vulkan) finished in 0.00 seconds. Local cache hits 3 (0.00s CPU time), remote cache hits 0 (0.00s CPU time), compiled 0 variants (0.00s CPU time), skipped 0 variants.
    Prepared data for serialisation in 0.00s
Serialized binary data for shader Hidden/Internal-DebugPattern in 0.00s
    gles3 (total internal programs: 9, unique: 3)
    vulkan (total internal programs: 9, unique: 3)
Compiling shader "Hidden/Internal-GUITextureClip"
  Pass "" (vp)
    Target graphics API: gles3
    Full variant space:         1
    After settings filtering:   1
    After built-in stripping:   3
    After scriptable stripping: 3
    Processed in 0.00 seconds
    Target graphics API: vulkan
    Full variant space:         1
    After settings filtering:   1
    After built-in stripping:   3
    After scriptable stripping: 3
    Processed in 0.00 seconds
  Pass "" (vp)
    Target graphics API: gles3
    Full variant space:         1
    After settings filtering:   1
    After built-in stripping:   3
    After scriptable stripping: 3
    Processed in 0.00 seconds
    Target graphics API: vulkan
    Full variant space:         1
    After settings filtering:   1
    After built-in stripping:   3
    After scriptable stripping: 3
    Processed in 0.00 seconds
  Pass  (vp, gles3) finished in 0.00 seconds. Local cache hits 3 (0.00s CPU time), remote cache hits 0 (0.00s CPU time), compiled 0 variants (0.00s CPU time), skipped 0 variants.
  Pass  (vp, vulkan) finished in 0.00 seconds. Local cache hits 3 (0.00s CPU time), remote cache hits 0 (0.00s CPU time), compiled 0 variants (0.00s CPU time), skipped 0 variants.
    Prepared data for serialisation in 0.00s
  Pass  (vp, gles3) finished in 0.00 seconds. Local cache hits 3 (0.00s CPU time), remote cache hits 0 (0.00s CPU time), compiled 0 variants (0.00s CPU time), skipped 0 variants.
  Pass  (vp, vulkan) finished in 0.00 seconds. Local cache hits 3 (0.00s CPU time), remote cache hits 0 (0.00s CPU time), compiled 0 variants (0.00s CPU time), skipped 0 variants.
    Prepared data for serialisation in 0.00s
Serialized binary data for shader Hidden/Internal-GUITextureClip in 0.00s
    gles3 (total internal programs: 6, unique: 1)
    vulkan (total internal programs: 6, unique: 1)
Compiling shader "Hidden/Internal-GUITextureClipText"
  Pass "" (vp)
    Target graphics API: gles3
    Full variant space:         1
    After settings filtering:   1
    After built-in stripping:   3
    After scriptable stripping: 3
    Processed in 0.00 seconds
    Target graphics API: vulkan
    Full variant space:         1
    After settings filtering:   1
    After built-in stripping:   3
    After scriptable stripping: 3
    Processed in 0.00 seconds
  Pass "" (vp)
    Target graphics API: gles3
    Full variant space:         1
    After settings filtering:   1
    After built-in stripping:   3
    After scriptable stripping: 3
    Processed in 0.00 seconds
    Target graphics API: vulkan
    Full variant space:         1
    After settings filtering:   1
    After built-in stripping:   3
    After scriptable stripping: 3
    Processed in 0.00 seconds
  Pass  (vp, gles3) finished in 0.00 seconds. Local cache hits 3 (0.00s CPU time), remote cache hits 0 (0.00s CPU time), compiled 0 variants (0.00s CPU time), skipped 0 variants.
  Pass  (vp, vulkan) finished in 0.00 seconds. Local cache hits 3 (0.00s CPU time), remote cache hits 0 (0.00s CPU time), compiled 0 variants (0.00s CPU time), skipped 0 variants.
    Prepared data for serialisation in 0.00s
  Pass  (vp, gles3) finished in 0.00 seconds. Local cache hits 3 (0.00s CPU time), remote cache hits 0 (0.00s CPU time), compiled 0 variants (0.00s CPU time), skipped 0 variants.
  Pass  (vp, vulkan) finished in 0.00 seconds. Local cache hits 3 (0.00s CPU time), remote cache hits 0 (0.00s CPU time), compiled 0 variants (0.00s CPU time), skipped 0 variants.
    Prepared data for serialisation in 0.00s
Serialized binary data for shader Hidden/Internal-GUITextureClipText in 0.00s
    gles3 (total internal programs: 6, unique: 1)
    vulkan (total internal programs: 6, unique: 1)
Compiling shader "Hidden/Internal-GUITexture"
  Pass "" (vp)
    Target graphics API: gles3
    Full variant space:         1
    After settings filtering:   1
    After built-in stripping:   3
    After scriptable stripping: 3
    Processed in 0.00 seconds
    Target graphics API: vulkan
    Full variant space:         1
    After settings filtering:   1
    After built-in stripping:   3
    After scriptable stripping: 3
    Processed in 0.00 seconds
  Pass "" (vp)
    Target graphics API: gles3
    Full variant space:         1
    After settings filtering:   1
    After built-in stripping:   3
    After scriptable stripping: 3
    Processed in 0.00 seconds
    Target graphics API: vulkan
    Full variant space:         1
    After settings filtering:   1
    After built-in stripping:   3
    After scriptable stripping: 3
    Processed in 0.00 seconds
  Pass  (vp, gles3) finished in 0.00 seconds. Local cache hits 3 (0.00s CPU time), remote cache hits 0 (0.00s CPU time), compiled 0 variants (0.00s CPU time), skipped 0 variants.
  Pass  (vp, vulkan) finished in 0.00 seconds. Local cache hits 3 (0.00s CPU time), remote cache hits 0 (0.00s CPU time), compiled 0 variants (0.00s CPU time), skipped 0 variants.
    Prepared data for serialisation in 0.00s
  Pass  (vp, gles3) finished in 0.00 seconds. Local cache hits 3 (0.00s CPU time), remote cache hits 0 (0.00s CPU time), compiled 0 variants (0.00s CPU time), skipped 0 variants.
  Pass  (vp, vulkan) finished in 0.00 seconds. Local cache hits 3 (0.00s CPU time), remote cache hits 0 (0.00s CPU time), compiled 0 variants (0.00s CPU time), skipped 0 variants.
    Prepared data for serialisation in 0.00s
Serialized binary data for shader Hidden/Internal-GUITexture in 0.00s
    gles3 (total internal programs: 6, unique: 1)
    vulkan (total internal programs: 6, unique: 1)
Compiling shader "Hidden/Internal-GUITextureBlit"
  Pass "" (vp)
    Target graphics API: gles3
    Full variant space:         1
    After settings filtering:   1
    After built-in stripping:   3
    After scriptable stripping: 3
    Processed in 0.00 seconds
    Target graphics API: vulkan
    Full variant space:         1
    After settings filtering:   1
    After built-in stripping:   3
    After scriptable stripping: 3
    Processed in 0.00 seconds
  Pass "" (vp)
    Target graphics API: gles3
    Full variant space:         1
    After settings filtering:   1
    After built-in stripping:   3
    After scriptable stripping: 3
    Processed in 0.00 seconds
    Target graphics API: vulkan
    Full variant space:         1
    After settings filtering:   1
    After built-in stripping:   3
    After scriptable stripping: 3
    Processed in 0.00 seconds
  Pass  (vp, gles3) finished in 0.00 seconds. Local cache hits 3 (0.00s CPU time), remote cache hits 0 (0.00s CPU time), compiled 0 variants (0.00s CPU time), skipped 0 variants.
  Pass  (vp, vulkan) finished in 0.00 seconds. Local cache hits 3 (0.00s CPU time), remote cache hits 0 (0.00s CPU time), compiled 0 variants (0.00s CPU time), skipped 0 variants.
    Prepared data for serialisation in 0.00s
  Pass  (vp, gles3) finished in 0.00 seconds. Local cache hits 3 (0.00s CPU time), remote cache hits 0 (0.00s CPU time), compiled 0 variants (0.00s CPU time), skipped 0 variants.
  Pass  (vp, vulkan) finished in 0.00 seconds. Local cache hits 3 (0.00s CPU time), remote cache hits 0 (0.00s CPU time), compiled 0 variants (0.00s CPU time), skipped 0 variants.
    Prepared data for serialisation in 0.00s
Serialized binary data for shader Hidden/Internal-GUITextureBlit in 0.00s
    gles3 (total internal programs: 6, unique: 1)
    vulkan (total internal programs: 6, unique: 1)
Compiling shader "Hidden/Internal-GUIRoundedRect"
  Pass "" (vp)
    Target graphics API: gles3
    Full variant space:         1
    After settings filtering:   1
    After built-in stripping:   3
    After scriptable stripping: 3
    Processed in 0.00 seconds
    Target graphics API: vulkan
    Full variant space:         1
    After settings filtering:   1
    After built-in stripping:   3
    After scriptable stripping: 3
    Processed in 0.00 seconds
  Pass "" (vp)
    Target graphics API: gles3
    Full variant space:         1
    After settings filtering:   1
    After built-in stripping:   3
    After scriptable stripping: 3
    Processed in 0.00 seconds
    Target graphics API: vulkan
    Full variant space:         1
    After settings filtering:   1
    After built-in stripping:   3
    After scriptable stripping: 3
    Processed in 0.00 seconds
  Pass  (vp, gles3) finished in 0.00 seconds. Local cache hits 3 (0.00s CPU time), remote cache hits 0 (0.00s CPU time), compiled 0 variants (0.00s CPU time), skipped 0 variants.
  Pass  (vp, vulkan) finished in 0.00 seconds. Local cache hits 3 (0.00s CPU time), remote cache hits 0 (0.00s CPU time), compiled 0 variants (0.00s CPU time), skipped 0 variants.
    Prepared data for serialisation in 0.00s
  Pass  (vp, gles3) finished in 0.00 seconds. Local cache hits 3 (0.00s CPU time), remote cache hits 0 (0.00s CPU time), compiled 0 variants (0.00s CPU time), skipped 0 variants.
  Pass  (vp, vulkan) finished in 0.00 seconds. Local cache hits 3 (0.00s CPU time), remote cache hits 0 (0.00s CPU time), compiled 0 variants (0.00s CPU time), skipped 0 variants.
    Prepared data for serialisation in 0.00s
Serialized binary data for shader Hidden/Internal-GUIRoundedRect in 0.00s
    gles3 (total internal programs: 6, unique: 1)
    vulkan (total internal programs: 6, unique: 1)
Compiling shader "Hidden/Internal-GUIRoundedRectWithColorPerBorder"
  Pass "" (vp)
    Target graphics API: gles3
    Full variant space:         1
    After settings filtering:   1
    After built-in stripping:   3
    After scriptable stripping: 3
    Processed in 0.00 seconds
    Target graphics API: vulkan
    Full variant space:         1
    After settings filtering:   1
    After built-in stripping:   3
    After scriptable stripping: 3
    Processed in 0.00 seconds
  Pass "" (vp)
    Target graphics API: gles3
    Full variant space:         1
    After settings filtering:   1
    After built-in stripping:   3
    After scriptable stripping: 3
    Processed in 0.00 seconds
    Target graphics API: vulkan
    Full variant space:         1
    After settings filtering:   1
    After built-in stripping:   3
    After scriptable stripping: 3
    Processed in 0.00 seconds
  Pass  (vp, gles3) finished in 0.00 seconds. Local cache hits 3 (0.00s CPU time), remote cache hits 0 (0.00s CPU time), compiled 0 variants (0.00s CPU time), skipped 0 variants.
  Pass  (vp, vulkan) finished in 0.00 seconds. Local cache hits 3 (0.00s CPU time), remote cache hits 0 (0.00s CPU time), compiled 0 variants (0.00s CPU time), skipped 0 variants.
    Prepared data for serialisation in 0.00s
  Pass  (vp, gles3) finished in 0.00 seconds. Local cache hits 3 (0.00s CPU time), remote cache hits 0 (0.00s CPU time), compiled 0 variants (0.00s CPU time), skipped 0 variants.
  Pass  (vp, vulkan) finished in 0.00 seconds. Local cache hits 3 (0.00s CPU time), remote cache hits 0 (0.00s CPU time), compiled 0 variants (0.00s CPU time), skipped 0 variants.
    Prepared data for serialisation in 0.00s
Serialized binary data for shader Hidden/Internal-GUIRoundedRectWithColorPerBorder in 0.00s
    gles3 (total internal programs: 6, unique: 1)
    vulkan (total internal programs: 6, unique: 1)
Compiling shader "Hidden/Internal-UIRDefault"
  Pass "" (vp)
    Target graphics API: gles3
    Full variant space:         40
    After settings filtering:   40
    After built-in stripping:   120
    After scriptable stripping: 120
    Processed in 0.00 seconds
    Target graphics API: vulkan
    Full variant space:         40
    After settings filtering:   40
    After built-in stripping:   120
    After scriptable stripping: 120
    Processed in 0.00 seconds
  Pass  (vp, gles3) finished in 0.01 seconds. Local cache hits 120 (0.02s CPU time), remote cache hits 0 (0.00s CPU time), compiled 0 variants (0.00s CPU time), skipped 0 variants.
  Pass  (vp, vulkan) finished in 0.11 seconds. Local cache hits 120 (0.37s CPU time), remote cache hits 0 (0.00s CPU time), compiled 0 variants (0.00s CPU time), skipped 0 variants.
    Prepared data for serialisation in 0.00s
Serialized binary data for shader Hidden/Internal-UIRDefault in 0.00s
    gles3 (total internal programs: 120, unique: 40)
    vulkan (total internal programs: 120, unique: 40)
Compiling shader "Hidden/Internal-UIRAtlasBlitCopy"
  Pass "" (vp)
    Target graphics API: gles3
    Full variant space:         1
    After settings filtering:   1
    After built-in stripping:   3
    After scriptable stripping: 3
    Processed in 0.00 seconds
    Target graphics API: vulkan
    Full variant space:         1
    After settings filtering:   1
    After built-in stripping:   3
    After scriptable stripping: 3
    Processed in 0.00 seconds
  Pass  (vp, gles3) finished in 0.06 seconds. Local cache hits 3 (0.06s CPU time), remote cache hits 0 (0.00s CPU time), compiled 0 variants (0.00s CPU time), skipped 0 variants.
  Pass  (vp, vulkan) finished in 0.06 seconds. Local cache hits 3 (0.00s CPU time), remote cache hits 0 (0.00s CPU time), compiled 0 variants (0.00s CPU time), skipped 0 variants.
    Prepared data for serialisation in 0.00s
Serialized binary data for shader Hidden/Internal-UIRAtlasBlitCopy in 0.00s
    gles3 (total internal programs: 3, unique: 1)
    vulkan (total internal programs: 3, unique: 1)
Compiling shader "Sprites/Default"
  Pass "" (vp)
    Target graphics API: gles3
    Full variant space:         8
    After settings filtering:   8
    After built-in stripping:   12
    After scriptable stripping: 12
    Processed in 0.00 seconds
    Target graphics API: vulkan
    Full variant space:         8
    After settings filtering:   8
    After built-in stripping:   12
    After scriptable stripping: 12
    Processed in 0.00 seconds
  Pass  (vp, gles3) finished in 0.01 seconds. Local cache hits 12 (0.02s CPU time), remote cache hits 0 (0.00s CPU time), compiled 0 variants (0.00s CPU time), skipped 0 variants.
  Pass  (vp, vulkan) finished in 0.01 seconds. Local cache hits 12 (0.02s CPU time), remote cache hits 0 (0.00s CPU time), compiled 0 variants (0.00s CPU time), skipped 0 variants.
    Prepared data for serialisation in 0.00s
Serialized binary data for shader Sprites/Default in 0.00s
    gles3 (total internal programs: 12, unique: 4)
    vulkan (total internal programs: 12, unique: 4)
Compiling shader "Sprites/Mask"
  Pass "" (vp)
    Target graphics API: gles3
    Full variant space:         4
    After settings filtering:   4
    After built-in stripping:   12
    After scriptable stripping: 12
    Processed in 0.00 seconds
    Target graphics API: vulkan
    Full variant space:         4
    After settings filtering:   4
    After built-in stripping:   12
    After scriptable stripping: 12
    Processed in 0.00 seconds
  Pass  (vp, gles3) finished in 0.03 seconds. Local cache hits 12 (0.06s CPU time), remote cache hits 0 (0.00s CPU time), compiled 0 variants (0.00s CPU time), skipped 0 variants.
  Pass  (vp, vulkan) finished in 0.03 seconds. Local cache hits 12 (0.03s CPU time), remote cache hits 0 (0.00s CPU time), compiled 0 variants (0.00s CPU time), skipped 0 variants.
    Prepared data for serialisation in 0.00s
Serialized binary data for shader Sprites/Mask in 0.00s
    gles3 (total internal programs: 12, unique: 4)
    vulkan (total internal programs: 12, unique: 4)
Compiling shader "UI/Default"
  Pass "Default" (vp)
    Target graphics API: gles3
    Full variant space:         4
    After settings filtering:   4
    After built-in stripping:   12
    After scriptable stripping: 12
    Processed in 0.00 seconds
    Target graphics API: vulkan
    Full variant space:         4
    After settings filtering:   4
    After built-in stripping:   12
    After scriptable stripping: 12
    Processed in 0.00 seconds
  Pass Default (vp, gles3) finished in 0.00 seconds. Local cache hits 12 (0.00s CPU time), remote cache hits 0 (0.00s CPU time), compiled 0 variants (0.00s CPU time), skipped 0 variants.
  Pass Default (vp, vulkan) finished in 0.00 seconds. Local cache hits 12 (0.00s CPU time), remote cache hits 0 (0.00s CPU time), compiled 0 variants (0.00s CPU time), skipped 0 variants.
    Prepared data for serialisation in 0.00s
Serialized binary data for shader UI/Default in 0.00s
    gles3 (total internal programs: 12, unique: 4)
    vulkan (total internal programs: 12, unique: 4)
Compiling shader "UI/DefaultETC1"
  Pass "Default" (vp)
    Target graphics API: gles3
    Full variant space:         4
    After settings filtering:   4
    After built-in stripping:   12
    After scriptable stripping: 12
    Processed in 0.00 seconds
    Target graphics API: vulkan
    Full variant space:         4
    After settings filtering:   4
    After built-in stripping:   12
    After scriptable stripping: 12
    Processed in 0.00 seconds
  Pass Default (vp, gles3) finished in 0.00 seconds. Local cache hits 12 (0.00s CPU time), remote cache hits 0 (0.00s CPU time), compiled 0 variants (0.00s CPU time), skipped 0 variants.
  Pass Default (vp, vulkan) finished in 0.00 seconds. Local cache hits 12 (0.00s CPU time), remote cache hits 0 (0.00s CPU time), compiled 0 variants (0.00s CPU time), skipped 0 variants.
    Prepared data for serialisation in 0.00s
Serialized binary data for shader UI/DefaultETC1 in 0.00s
    gles3 (total internal programs: 12, unique: 4)
    vulkan (total internal programs: 12, unique: 4)
Compiling shader "Hidden/CubeBlur"
  Pass "" (vp)
    Target graphics API: gles3
    Full variant space:         1
    After settings filtering:   1
    After built-in stripping:   3
    After scriptable stripping: 3
    Processed in 0.00 seconds
    Target graphics API: vulkan
    Full variant space:         1
    After settings filtering:   1
    After built-in stripping:   3
    After scriptable stripping: 3
    Processed in 0.00 seconds
  Pass "" (vp)
    Target graphics API: gles3
    Full variant space:         1
    After settings filtering:   1
    After built-in stripping:   3
    After scriptable stripping: 3
    Processed in 0.00 seconds
    Target graphics API: vulkan
    Full variant space:         1
    After settings filtering:   1
    After built-in stripping:   3
    After scriptable stripping: 3
    Processed in 0.00 seconds
  Pass  (vp, gles3) finished in 0.00 seconds. Local cache hits 3 (0.00s CPU time), remote cache hits 0 (0.00s CPU time), compiled 0 variants (0.00s CPU time), skipped 0 variants.
  Pass  (vp, vulkan) finished in 0.00 seconds. Local cache hits 3 (0.00s CPU time), remote cache hits 0 (0.00s CPU time), compiled 0 variants (0.00s CPU time), skipped 0 variants.
    Prepared data for serialisation in 0.00s
  Pass  (vp, gles3) finished in 0.00 seconds. Local cache hits 3 (0.00s CPU time), remote cache hits 0 (0.00s CPU time), compiled 0 variants (0.00s CPU time), skipped 0 variants.
  Pass  (vp, vulkan) finished in 0.00 seconds. Local cache hits 3 (0.00s CPU time), remote cache hits 0 (0.00s CPU time), compiled 0 variants (0.00s CPU time), skipped 0 variants.
    Prepared data for serialisation in 0.00s
Serialized binary data for shader Hidden/CubeBlur in 0.00s
    gles3 (total internal programs: 6, unique: 2)
    vulkan (total internal programs: 6, unique: 2)
Compiling shader "Hidden/CubeCopy"
  Pass "" (vp)
    Target graphics API: gles3
    Full variant space:         1
    After settings filtering:   1
    After built-in stripping:   3
    After scriptable stripping: 3
    Processed in 0.00 seconds
    Target graphics API: vulkan
    Full variant space:         1
    After settings filtering:   1
    After built-in stripping:   3
    After scriptable stripping: 3
    Processed in 0.00 seconds
  Pass "" (vp)
    Target graphics API: gles3
    Full variant space:         1
    After settings filtering:   1
    After built-in stripping:   3
    After scriptable stripping: 3
    Processed in 0.00 seconds
    Target graphics API: vulkan
    Full variant space:         1
    After settings filtering:   1
    After built-in stripping:   3
    After scriptable stripping: 3
    Processed in 0.00 seconds
  Pass  (vp, gles3) finished in 0.00 seconds. Local cache hits 3 (0.00s CPU time), remote cache hits 0 (0.00s CPU time), compiled 0 variants (0.00s CPU time), skipped 0 variants.
  Pass  (vp, vulkan) finished in 0.00 seconds. Local cache hits 3 (0.00s CPU time), remote cache hits 0 (0.00s CPU time), compiled 0 variants (0.00s CPU time), skipped 0 variants.
    Prepared data for serialisation in 0.00s
  Pass  (vp, gles3) finished in 0.00 seconds. Local cache hits 3 (0.00s CPU time), remote cache hits 0 (0.00s CPU time), compiled 0 variants (0.00s CPU time), skipped 0 variants.
  Pass  (vp, vulkan) finished in 0.00 seconds. Local cache hits 3 (0.00s CPU time), remote cache hits 0 (0.00s CPU time), compiled 0 variants (0.00s CPU time), skipped 0 variants.
    Prepared data for serialisation in 0.00s
Serialized binary data for shader Hidden/CubeCopy in 0.00s
    gles3 (total internal programs: 6, unique: 1)
    vulkan (total internal programs: 6, unique: 1)
Compiling shader "Hidden/CubeBlend"
  Pass "" (vp)
    Target graphics API: gles3
    Full variant space:         1
    After settings filtering:   1
    After built-in stripping:   3
    After scriptable stripping: 3
    Processed in 0.00 seconds
    Target graphics API: vulkan
    Full variant space:         1
    After settings filtering:   1
    After built-in stripping:   3
    After scriptable stripping: 3
    Processed in 0.00 seconds
  Pass "" (vp)
    Target graphics API: gles3
    Full variant space:         1
    After settings filtering:   1
    After built-in stripping:   3
    After scriptable stripping: 3
    Processed in 0.00 seconds
    Target graphics API: vulkan
    Full variant space:         1
    After settings filtering:   1
    After built-in stripping:   3
    After scriptable stripping: 3
    Processed in 0.00 seconds
  Pass  (vp, gles3) finished in 0.00 seconds. Local cache hits 3 (0.00s CPU time), remote cache hits 0 (0.00s CPU time), compiled 0 variants (0.00s CPU time), skipped 0 variants.
  Pass  (vp, vulkan) finished in 0.00 seconds. Local cache hits 3 (0.00s CPU time), remote cache hits 0 (0.00s CPU time), compiled 0 variants (0.00s CPU time), skipped 0 variants.
    Prepared data for serialisation in 0.00s
  Pass  (vp, gles3) finished in 0.00 seconds. Local cache hits 3 (0.00s CPU time), remote cache hits 0 (0.00s CPU time), compiled 0 variants (0.00s CPU time), skipped 0 variants.
  Pass  (vp, vulkan) finished in 0.00 seconds. Local cache hits 3 (0.00s CPU time), remote cache hits 0 (0.00s CPU time), compiled 0 variants (0.00s CPU time), skipped 0 variants.
    Prepared data for serialisation in 0.00s
Serialized binary data for shader Hidden/CubeBlend in 0.00s
    gles3 (total internal programs: 6, unique: 1)
    vulkan (total internal programs: 6, unique: 1)
Compiling shader "Hidden/VR/BlitTexArraySlice"
  Pass "" (vp)
    Target graphics API: gles3
    Full variant space:         1
    After settings filtering:   1
    After built-in stripping:   3
    After scriptable stripping: 3
    Processed in 0.00 seconds
    Target graphics API: vulkan
    Full variant space:         1
    After settings filtering:   1
    After built-in stripping:   3
    After scriptable stripping: 3
    Processed in 0.00 seconds
  Pass  (vp, gles3) finished in 0.00 seconds. Local cache hits 3 (0.00s CPU time), remote cache hits 0 (0.00s CPU time), compiled 0 variants (0.00s CPU time), skipped 0 variants.
  Pass  (vp, vulkan) finished in 0.00 seconds. Local cache hits 3 (0.00s CPU time), remote cache hits 0 (0.00s CPU time), compiled 0 variants (0.00s CPU time), skipped 0 variants.
    Prepared data for serialisation in 0.00s
Serialized binary data for shader Hidden/VR/BlitTexArraySlice in 0.00s
    gles3 (total internal programs: 3, unique: 1)
    vulkan (total internal programs: 3, unique: 1)
Compiling shader "Hidden/Internal-ODSWorldTexture"
  Pass "" (vp)
    Target graphics API: gles3
    Full variant space:         1
    After settings filtering:   1
    After built-in stripping:   3
    After scriptable stripping: 3
    Processed in 0.00 seconds
    Target graphics API: vulkan
    Full variant space:         1
    After settings filtering:   1
    After built-in stripping:   3
    After scriptable stripping: 3
    Processed in 0.00 seconds
  Pass "" (vp)
    Target graphics API: gles3
    Full variant space:         1
    After settings filtering:   1
    After built-in stripping:   3
    After scriptable stripping: 3
    Processed in 0.00 seconds
    Target graphics API: vulkan
    Full variant space:         1
    After settings filtering:   1
    After built-in stripping:   3
    After scriptable stripping: 3
    Processed in 0.00 seconds
  Pass "" (vp)
    Target graphics API: gles3
    Full variant space:         1
    After settings filtering:   1
    After built-in stripping:   3
    After scriptable stripping: 3
    Processed in 0.00 seconds
    Target graphics API: vulkan
    Full variant space:         1
    After settings filtering:   1
    After built-in stripping:   3
    After scriptable stripping: 3
    Processed in 0.00 seconds
  Pass "" (vp)
    Target graphics API: gles3
    Full variant space:         1
    After settings filtering:   1
    After built-in stripping:   3
    After scriptable stripping: 3
    Processed in 0.00 seconds
    Target graphics API: vulkan
    Full variant space:         1
    After settings filtering:   1
    After built-in stripping:   3
    After scriptable stripping: 3
    Processed in 0.00 seconds
  Pass "" (vp)
    Target graphics API: gles3
    Full variant space:         1
    After settings filtering:   1
    After built-in stripping:   3
    After scriptable stripping: 3
    Processed in 0.00 seconds
    Target graphics API: vulkan
    Full variant space:         1
    After settings filtering:   1
    After built-in stripping:   3
    After scriptable stripping: 3
    Processed in 0.00 seconds
  Pass "" (vp)
    Target graphics API: gles3
    Full variant space:         1
    After settings filtering:   1
    After built-in stripping:   3
    After scriptable stripping: 3
    Processed in 0.00 seconds
    Target graphics API: vulkan
    Full variant space:         1
    After settings filtering:   1
    After built-in stripping:   3
    After scriptable stripping: 3
    Processed in 0.00 seconds
  Pass "" (vp)
    Target graphics API: gles3
    Full variant space:         1
    After settings filtering:   1
    After built-in stripping:   3
    After scriptable stripping: 3
    Processed in 0.00 seconds
    Target graphics API: vulkan
    Full variant space:         1
    After settings filtering:   1
    After built-in stripping:   3
    After scriptable stripping: 3
    Processed in 0.00 seconds
  Pass "" (vp)
    Target graphics API: gles3
    Full variant space:         1
    After settings filtering:   1
    After built-in stripping:   3
    After scriptable stripping: 3
    Processed in 0.00 seconds
    Target graphics API: vulkan
    Full variant space:         1
    After settings filtering:   1
    After built-in stripping:   3
    After scriptable stripping: 3
    Processed in 0.00 seconds
  Pass "" (vp)
    Target graphics API: gles3
    Full variant space:         1
    After settings filtering:   1
    After built-in stripping:   3
    After scriptable stripping: 3
    Processed in 0.00 seconds
    Target graphics API: vulkan
    Full variant space:         1
    After settings filtering:   1
    After built-in stripping:   3
    After scriptable stripping: 3
    Processed in 0.00 seconds
  Pass "" (vp)
    Target graphics API: gles3
    Full variant space:         1
    After settings filtering:   1
    After built-in stripping:   3
    After scriptable stripping: 3
    Processed in 0.00 seconds
    Target graphics API: vulkan
    Full variant space:         1
    After settings filtering:   1
    After built-in stripping:   3
    After scriptable stripping: 3
    Processed in 0.00 seconds
  Pass  (vp, gles3) finished in 0.00 seconds. Local cache hits 3 (0.00s CPU time), remote cache hits 0 (0.00s CPU time), compiled 0 variants (0.00s CPU time), skipped 0 variants.
  Pass  (vp, vulkan) finished in 0.00 seconds. Local cache hits 3 (0.00s CPU time), remote cache hits 0 (0.00s CPU time), compiled 0 variants (0.00s CPU time), skipped 0 variants.
    Prepared data for serialisation in 0.00s
  Pass  (vp, gles3) finished in 0.00 seconds. Local cache hits 3 (0.00s CPU time), remote cache hits 0 (0.00s CPU time), compiled 0 variants (0.00s CPU time), skipped 0 variants.
  Pass  (vp, vulkan) finished in 0.00 seconds. Local cache hits 3 (0.00s CPU time), remote cache hits 0 (0.00s CPU time), compiled 0 variants (0.00s CPU time), skipped 0 variants.
    Prepared data for serialisation in 0.00s
  Pass  (vp, gles3) finished in 0.00 seconds. Local cache hits 3 (0.00s CPU time), remote cache hits 0 (0.00s CPU time), compiled 0 variants (0.00s CPU time), skipped 0 variants.
  Pass  (vp, vulkan) finished in 0.00 seconds. Local cache hits 3 (0.00s CPU time), remote cache hits 0 (0.00s CPU time), compiled 0 variants (0.00s CPU time), skipped 0 variants.
    Prepared data for serialisation in 0.00s
  Pass  (vp, gles3) finished in 0.00 seconds. Local cache hits 3 (0.00s CPU time), remote cache hits 0 (0.00s CPU time), compiled 0 variants (0.00s CPU time), skipped 0 variants.
  Pass  (vp, vulkan) finished in 0.00 seconds. Local cache hits 3 (0.00s CPU time), remote cache hits 0 (0.00s CPU time), compiled 0 variants (0.00s CPU time), skipped 0 variants.
    Prepared data for serialisation in 0.00s
  Pass  (vp, gles3) finished in 0.00 seconds. Local cache hits 3 (0.00s CPU time), remote cache hits 0 (0.00s CPU time), compiled 0 variants (0.00s CPU time), skipped 0 variants.
  Pass  (vp, vulkan) finished in 0.00 seconds. Local cache hits 3 (0.00s CPU time), remote cache hits 0 (0.00s CPU time), compiled 0 variants (0.00s CPU time), skipped 0 variants.
    Prepared data for serialisation in 0.00s
  Pass  (vp, gles3) finished in 0.00 seconds. Local cache hits 3 (0.00s CPU time), remote cache hits 0 (0.00s CPU time), compiled 0 variants (0.00s CPU time), skipped 0 variants.
  Pass  (vp, vulkan) finished in 0.00 seconds. Local cache hits 3 (0.00s CPU time), remote cache hits 0 (0.00s CPU time), compiled 0 variants (0.00s CPU time), skipped 0 variants.
    Prepared data for serialisation in 0.00s
  Pass  (vp, gles3) finished in 0.00 seconds. Local cache hits 3 (0.00s CPU time), remote cache hits 0 (0.00s CPU time), compiled 0 variants (0.00s CPU time), skipped 0 variants.
  Pass  (vp, vulkan) finished in 0.00 seconds. Local cache hits 3 (0.00s CPU time), remote cache hits 0 (0.00s CPU time), compiled 0 variants (0.00s CPU time), skipped 0 variants.
    Prepared data for serialisation in 0.00s
  Pass  (vp, gles3) finished in 0.00 seconds. Local cache hits 3 (0.00s CPU time), remote cache hits 0 (0.00s CPU time), compiled 0 variants (0.00s CPU time), skipped 0 variants.
  Pass  (vp, vulkan) finished in 0.00 seconds. Local cache hits 3 (0.00s CPU time), remote cache hits 0 (0.00s CPU time), compiled 0 variants (0.00s CPU time), skipped 0 variants.
    Prepared data for serialisation in 0.00s
  Pass  (vp, gles3) finished in 0.00 seconds. Local cache hits 3 (0.00s CPU time), remote cache hits 0 (0.00s CPU time), compiled 0 variants (0.00s CPU time), skipped 0 variants.
  Pass  (vp, vulkan) finished in 0.00 seconds. Local cache hits 3 (0.00s CPU time), remote cache hits 0 (0.00s CPU time), compiled 0 variants (0.00s CPU time), skipped 0 variants.
    Prepared data for serialisation in 0.00s
  Pass  (vp, gles3) finished in 0.00 seconds. Local cache hits 3 (0.00s CPU time), remote cache hits 0 (0.00s CPU time), compiled 0 variants (0.00s CPU time), skipped 0 variants.
  Pass  (vp, vulkan) finished in 0.00 seconds. Local cache hits 3 (0.00s CPU time), remote cache hits 0 (0.00s CPU time), compiled 0 variants (0.00s CPU time), skipped 0 variants.
    Prepared data for serialisation in 0.00s
Serialized binary data for shader Hidden/Internal-ODSWorldTexture in 0.00s
    gles3 (total internal programs: 30, unique: 9)
    vulkan (total internal programs: 30, unique: 9)
Compiling shader "Hidden/Internal-CubemapToEquirect"
  Pass "" (vp)
    Target graphics API: gles3
    Full variant space:         1
    After settings filtering:   1
    After built-in stripping:   3
    After scriptable stripping: 3
    Processed in 0.00 seconds
    Target graphics API: vulkan
    Full variant space:         1
    After settings filtering:   1
    After built-in stripping:   3
    After scriptable stripping: 3
    Processed in 0.00 seconds
  Pass  (vp, gles3) finished in 0.00 seconds. Local cache hits 3 (0.00s CPU time), remote cache hits 0 (0.00s CPU time), compiled 0 variants (0.00s CPU time), skipped 0 variants.
  Pass  (vp, vulkan) finished in 0.00 seconds. Local cache hits 3 (0.00s CPU time), remote cache hits 0 (0.00s CPU time), compiled 0 variants (0.00s CPU time), skipped 0 variants.
    Prepared data for serialisation in 0.00s
Serialized binary data for shader Hidden/Internal-CubemapToEquirect in 0.00s
    gles3 (total internal programs: 3, unique: 1)
    vulkan (total internal programs: 3, unique: 1)
Compiling shader "Hidden/VR/BlitFromTex2DToTexArraySlice"
  Pass "" (vp)
    Target graphics API: gles3
    Full variant space:         1
    After settings filtering:   1
    After built-in stripping:   3
    After scriptable stripping: 3
    Processed in 0.00 seconds
  Pass "" (vp)
    Target graphics API: gles3
    Full variant space:         1
    After settings filtering:   1
    After built-in stripping:   3
    After scriptable stripping: 3
    Processed in 0.00 seconds
    Target graphics API: vulkan
    Full variant space:         1
    After settings filtering:   1
    After built-in stripping:   3
    After scriptable stripping: 3
    Processed in 0.00 seconds
  Pass  (vp, gles3) finished in 0.00 seconds. Local cache hits 3 (0.00s CPU time), remote cache hits 0 (0.00s CPU time), compiled 0 variants (0.00s CPU time), skipped 0 variants.
    Prepared data for serialisation in 0.00s
  Pass  (vp, gles3) finished in 0.00 seconds. Local cache hits 3 (0.00s CPU time), remote cache hits 0 (0.00s CPU time), compiled 0 variants (0.00s CPU time), skipped 0 variants.
  Pass  (vp, vulkan) finished in 0.00 seconds. Local cache hits 3 (0.00s CPU time), remote cache hits 0 (0.00s CPU time), compiled 0 variants (0.00s CPU time), skipped 0 variants.
    Prepared data for serialisation in 0.00s
Serialized binary data for shader Hidden/VR/BlitFromTex2DToTexArraySlice in 0.00s
    gles3 (total internal programs: 6, unique: 2)
    vulkan (total internal programs: 3, unique: 1)
Compiling shader "Hidden/VideoComposite"
  Pass "Default" (vp)
    Target graphics API: gles3
    Full variant space:         1
    After settings filtering:   1
    After built-in stripping:   3
    After scriptable stripping: 3
    Processed in 0.00 seconds
    Target graphics API: vulkan
    Full variant space:         1
    After settings filtering:   1
    After built-in stripping:   3
    After scriptable stripping: 3
    Processed in 0.00 seconds
  Pass Default (vp, gles3) finished in 0.00 seconds. Local cache hits 3 (0.00s CPU time), remote cache hits 0 (0.00s CPU time), compiled 0 variants (0.00s CPU time), skipped 0 variants.
  Pass Default (vp, vulkan) finished in 0.00 seconds. Local cache hits 3 (0.00s CPU time), remote cache hits 0 (0.00s CPU time), compiled 0 variants (0.00s CPU time), skipped 0 variants.
    Prepared data for serialisation in 0.00s
Serialized binary data for shader Hidden/VideoComposite in 0.00s
    gles3 (total internal programs: 3, unique: 1)
    vulkan (total internal programs: 3, unique: 1)
Compiling shader "Hidden/VideoDecode"
  Pass "YCbCr_To_RGB1" (vp)
    Target graphics API: gles3
    Full variant space:         2
    After settings filtering:   2
    After built-in stripping:   6
    After scriptable stripping: 6
    Processed in 0.00 seconds
    Target graphics API: vulkan
    Full variant space:         2
    After settings filtering:   2
    After built-in stripping:   6
    After scriptable stripping: 6
    Processed in 0.00 seconds
  Pass "YCbCrA_To_RGBAFull" (vp)
    Target graphics API: gles3
    Full variant space:         2
    After settings filtering:   2
    After built-in stripping:   6
    After scriptable stripping: 6
    Processed in 0.00 seconds
    Target graphics API: vulkan
    Full variant space:         2
    After settings filtering:   2
    After built-in stripping:   6
    After scriptable stripping: 6
    Processed in 0.00 seconds
  Pass "YCbCrA_To_RGBA" (vp)
    Target graphics API: gles3
    Full variant space:         2
    After settings filtering:   2
    After built-in stripping:   6
    After scriptable stripping: 6
    Processed in 0.00 seconds
    Target graphics API: vulkan
    Full variant space:         2
    After settings filtering:   2
    After built-in stripping:   6
    After scriptable stripping: 6
    Processed in 0.00 seconds
  Pass "Flip_RGBA_To_RGBA" (vp)
    Target graphics API: gles3
    Full variant space:         2
    After settings filtering:   2
    After built-in stripping:   6
    After scriptable stripping: 6
    Processed in 0.00 seconds
    Target graphics API: vulkan
    Full variant space:         2
    After settings filtering:   2
    After built-in stripping:   6
    After scriptable stripping: 6
    Processed in 0.00 seconds
  Pass "Flip_RGBASplit_To_RGBA" (vp)
    Target graphics API: gles3
    Full variant space:         2
    After settings filtering:   2
    After built-in stripping:   6
    After scriptable stripping: 6
    Processed in 0.00 seconds
    Target graphics API: vulkan
    Full variant space:         2
    After settings filtering:   2
    After built-in stripping:   6
    After scriptable stripping: 6
    Processed in 0.00 seconds
  Pass "Flip_NV12_To_RGB1" (vp)
    Target graphics API: gles3
    Full variant space:         2
    After settings filtering:   2
    After built-in stripping:   6
    After scriptable stripping: 6
    Processed in 0.00 seconds
    Target graphics API: vulkan
    Full variant space:         2
    After settings filtering:   2
    After built-in stripping:   6
    After scriptable stripping: 6
    Processed in 0.00 seconds
  Pass "Flip_NV12_To_RGBA" (vp)
    Target graphics API: gles3
    Full variant space:         2
    After settings filtering:   2
    After built-in stripping:   6
    After scriptable stripping: 6
    Processed in 0.00 seconds
    Target graphics API: vulkan
    Full variant space:         2
    After settings filtering:   2
    After built-in stripping:   6
    After scriptable stripping: 6
    Processed in 0.00 seconds
  Pass "Flip_P010_To_RGB1" (vp)
    Target graphics API: gles3
    Full variant space:         1
    After settings filtering:   1
    After built-in stripping:   3
    After scriptable stripping: 3
    Processed in 0.00 seconds
    Target graphics API: vulkan
    Full variant space:         1
    After settings filtering:   1
    After built-in stripping:   3
    After scriptable stripping: 3
    Processed in 0.00 seconds
  Pass YCbCr_To_RGB1 (vp, gles3) finished in 0.00 seconds. Local cache hits 6 (0.00s CPU time), remote cache hits 0 (0.00s CPU time), compiled 0 variants (0.00s CPU time), skipped 0 variants.
  Pass YCbCr_To_RGB1 (vp, vulkan) finished in 0.00 seconds. Local cache hits 6 (0.00s CPU time), remote cache hits 0 (0.00s CPU time), compiled 0 variants (0.00s CPU time), skipped 0 variants.
    Prepared data for serialisation in 0.00s
  Pass YCbCrA_To_RGBAFull (vp, gles3) finished in 0.00 seconds. Local cache hits 6 (0.00s CPU time), remote cache hits 0 (0.00s CPU time), compiled 0 variants (0.00s CPU time), skipped 0 variants.
  Pass YCbCrA_To_RGBAFull (vp, vulkan) finished in 0.00 seconds. Local cache hits 6 (0.00s CPU time), remote cache hits 0 (0.00s CPU time), compiled 0 variants (0.00s CPU time), skipped 0 variants.
    Prepared data for serialisation in 0.00s
  Pass YCbCrA_To_RGBA (vp, gles3) finished in 0.00 seconds. Local cache hits 6 (0.00s CPU time), remote cache hits 0 (0.00s CPU time), compiled 0 variants (0.00s CPU time), skipped 0 variants.
  Pass YCbCrA_To_RGBA (vp, vulkan) finished in 0.00 seconds. Local cache hits 6 (0.00s CPU time), remote cache hits 0 (0.00s CPU time), compiled 0 variants (0.00s CPU time), skipped 0 variants.
    Prepared data for serialisation in 0.00s
  Pass Flip_RGBA_To_RGBA (vp, gles3) finished in 0.00 seconds. Local cache hits 6 (0.00s CPU time), remote cache hits 0 (0.00s CPU time), compiled 0 variants (0.00s CPU time), skipped 0 variants.
  Pass Flip_RGBA_To_RGBA (vp, vulkan) finished in 0.00 seconds. Local cache hits 6 (0.00s CPU time), remote cache hits 0 (0.00s CPU time), compiled 0 variants (0.00s CPU time), skipped 0 variants.
    Prepared data for serialisation in 0.00s
  Pass Flip_RGBASplit_To_RGBA (vp, gles3) finished in 0.00 seconds. Local cache hits 6 (0.00s CPU time), remote cache hits 0 (0.00s CPU time), compiled 0 variants (0.00s CPU time), skipped 0 variants.
  Pass Flip_RGBASplit_To_RGBA (vp, vulkan) finished in 0.00 seconds. Local cache hits 6 (0.00s CPU time), remote cache hits 0 (0.00s CPU time), compiled 0 variants (0.00s CPU time), skipped 0 variants.
    Prepared data for serialisation in 0.00s
  Pass Flip_NV12_To_RGB1 (vp, gles3) finished in 0.00 seconds. Local cache hits 6 (0.00s CPU time), remote cache hits 0 (0.00s CPU time), compiled 0 variants (0.00s CPU time), skipped 0 variants.
  Pass Flip_NV12_To_RGB1 (vp, vulkan) finished in 0.00 seconds. Local cache hits 6 (0.00s CPU time), remote cache hits 0 (0.00s CPU time), compiled 0 variants (0.00s CPU time), skipped 0 variants.
    Prepared data for serialisation in 0.00s
  Pass Flip_NV12_To_RGBA (vp, gles3) finished in 0.00 seconds. Local cache hits 6 (0.00s CPU time), remote cache hits 0 (0.00s CPU time), compiled 0 variants (0.00s CPU time), skipped 0 variants.
  Pass Flip_NV12_To_RGBA (vp, vulkan) finished in 0.00 seconds. Local cache hits 6 (0.00s CPU time), remote cache hits 0 (0.00s CPU time), compiled 0 variants (0.00s CPU time), skipped 0 variants.
    Prepared data for serialisation in 0.00s
  Pass Flip_P010_To_RGB1 (vp, gles3) finished in 0.00 seconds. Local cache hits 3 (0.00s CPU time), remote cache hits 0 (0.00s CPU time), compiled 0 variants (0.00s CPU time), skipped 0 variants.
  Pass Flip_P010_To_RGB1 (vp, vulkan) finished in 0.00 seconds. Local cache hits 3 (0.00s CPU time), remote cache hits 0 (0.00s CPU time), compiled 0 variants (0.00s CPU time), skipped 0 variants.
    Prepared data for serialisation in 0.00s
Serialized binary data for shader Hidden/VideoDecode in 0.00s
    gles3 (total internal programs: 45, unique: 15)
    vulkan (total internal programs: 45, unique: 15)
Compiling shader "Hidden/VideoDecodeAndroid"
  Pass "RGBAExternal_To_RGBA" (vp)
    Target graphics API: gles3
    Full variant space:         2
    After settings filtering:   2
    After built-in stripping:   6
    After scriptable stripping: 6
    Processed in 0.00 seconds
  Pass "RGBASplitExternal_To_RGBA" (vp)
    Target graphics API: gles3
    Full variant space:         2
    After settings filtering:   2
    After built-in stripping:   6
    After scriptable stripping: 6
    Processed in 0.00 seconds
  Pass RGBAExternal_To_RGBA (vp, gles3) finished in 0.00 seconds. Local cache hits 6 (0.00s CPU time), remote cache hits 0 (0.00s CPU time), compiled 0 variants (0.00s CPU time), skipped 0 variants.
    Prepared data for serialisation in 0.00s
  Pass RGBASplitExternal_To_RGBA (vp, gles3) finished in 0.00 seconds. Local cache hits 6 (0.00s CPU time), remote cache hits 0 (0.00s CPU time), compiled 0 variants (0.00s CPU time), skipped 0 variants.
    Prepared data for serialisation in 0.00s
Serialized binary data for shader Hidden/VideoDecodeAndroid in 0.00s
    gles3 (total internal programs: 12, unique: 12)
    vulkan (total internal programs: 0, unique: 0)
Compiling shader "Hidden/TextCore/Distance Field SSD"
  Pass "" (vp)
    Target graphics API: gles3
    Full variant space:         1
    After settings filtering:   1
    After built-in stripping:   3
    After scriptable stripping: 3
    Processed in 0.00 seconds
    Target graphics API: vulkan
    Full variant space:         1
    After settings filtering:   1
    After built-in stripping:   3
    After scriptable stripping: 3
    Processed in 0.00 seconds
  Pass  (vp, gles3) finished in 0.00 seconds. Local cache hits 3 (0.00s CPU time), remote cache hits 0 (0.00s CPU time), compiled 0 variants (0.00s CPU time), skipped 0 variants.
  Pass  (vp, vulkan) finished in 0.00 seconds. Local cache hits 3 (0.00s CPU time), remote cache hits 0 (0.00s CPU time), compiled 0 variants (0.00s CPU time), skipped 0 variants.
    Prepared data for serialisation in 0.00s
Serialized binary data for shader Hidden/TextCore/Distance Field SSD in 0.00s
    gles3 (total internal programs: 3, unique: 1)
    vulkan (total internal programs: 3, unique: 1)
Compiling shader "Hidden/Physics2D/SDF_CircleGeometry"
  Pass "" (vp)
    Target graphics API: gles3
    Full variant space:         2
    After settings filtering:   2
    After built-in stripping:   3
    After scriptable stripping: 3
    Processed in 0.00 seconds
    Target graphics API: vulkan
    Full variant space:         2
    After settings filtering:   2
    After built-in stripping:   3
    After scriptable stripping: 3
    Processed in 0.00 seconds
  Pass  (vp, gles3) finished in 0.00 seconds. Local cache hits 3 (0.00s CPU time), remote cache hits 0 (0.00s CPU time), compiled 0 variants (0.00s CPU time), skipped 0 variants.
  Pass  (vp, vulkan) finished in 0.00 seconds. Local cache hits 3 (0.00s CPU time), remote cache hits 0 (0.00s CPU time), compiled 0 variants (0.00s CPU time), skipped 0 variants.
    Prepared data for serialisation in 0.00s
Serialized binary data for shader Hidden/Physics2D/SDF_CircleGeometry in 0.00s
    gles3 (total internal programs: 3, unique: 1)
    vulkan (total internal programs: 3, unique: 1)
Compiling shader "Hidden/Physics2D/SDF_CapsuleGeometry"
  Pass "" (vp)
    Target graphics API: gles3
    Full variant space:         2
    After settings filtering:   2
    After built-in stripping:   3
    After scriptable stripping: 3
    Processed in 0.00 seconds
    Target graphics API: vulkan
    Full variant space:         2
    After settings filtering:   2
    After built-in stripping:   3
    After scriptable stripping: 3
    Processed in 0.00 seconds
  Pass  (vp, gles3) finished in 0.00 seconds. Local cache hits 3 (0.00s CPU time), remote cache hits 0 (0.00s CPU time), compiled 0 variants (0.00s CPU time), skipped 0 variants.
  Pass  (vp, vulkan) finished in 0.00 seconds. Local cache hits 3 (0.00s CPU time), remote cache hits 0 (0.00s CPU time), compiled 0 variants (0.00s CPU time), skipped 0 variants.
    Prepared data for serialisation in 0.00s
Serialized binary data for shader Hidden/Physics2D/SDF_CapsuleGeometry in 0.00s
    gles3 (total internal programs: 3, unique: 1)
    vulkan (total internal programs: 3, unique: 1)
Compiling shader "Hidden/Physics2D/SDF_PolygonGeometry"
  Pass "" (vp)
    Target graphics API: gles3
    Full variant space:         2
    After settings filtering:   2
    After built-in stripping:   3
    After scriptable stripping: 3
    Processed in 0.00 seconds
    Target graphics API: vulkan
    Full variant space:         2
    After settings filtering:   2
    After built-in stripping:   3
    After scriptable stripping: 3
    Processed in 0.00 seconds
  Pass  (vp, gles3) finished in 0.00 seconds. Local cache hits 3 (0.00s CPU time), remote cache hits 0 (0.00s CPU time), compiled 0 variants (0.00s CPU time), skipped 0 variants.
  Pass  (vp, vulkan) finished in 0.00 seconds. Local cache hits 3 (0.00s CPU time), remote cache hits 0 (0.00s CPU time), compiled 0 variants (0.00s CPU time), skipped 0 variants.
    Prepared data for serialisation in 0.00s
Serialized binary data for shader Hidden/Physics2D/SDF_PolygonGeometry in 0.00s
    gles3 (total internal programs: 3, unique: 1)
    vulkan (total internal programs: 3, unique: 1)
Compiling shader "Hidden/Physics2D/SDF_Line"
  Pass "" (vp)
    Target graphics API: gles3
    Full variant space:         2
    After settings filtering:   2
    After built-in stripping:   3
    After scriptable stripping: 3
    Processed in 0.00 seconds
    Target graphics API: vulkan
    Full variant space:         2
    After settings filtering:   2
    After built-in stripping:   3
    After scriptable stripping: 3
    Processed in 0.00 seconds
  Pass  (vp, gles3) finished in 0.00 seconds. Local cache hits 3 (0.00s CPU time), remote cache hits 0 (0.00s CPU time), compiled 0 variants (0.00s CPU time), skipped 0 variants.
  Pass  (vp, vulkan) finished in 0.00 seconds. Local cache hits 3 (0.00s CPU time), remote cache hits 0 (0.00s CPU time), compiled 0 variants (0.00s CPU time), skipped 0 variants.
    Prepared data for serialisation in 0.00s
Serialized binary data for shader Hidden/Physics2D/SDF_Line in 0.00s
    gles3 (total internal programs: 3, unique: 1)
    vulkan (total internal programs: 3, unique: 1)
Compiling shader "Hidden/Physics2D/SDF_Point"
  Pass "" (vp)
    Target graphics API: gles3
    Full variant space:         2
    After settings filtering:   2
    After built-in stripping:   3
    After scriptable stripping: 3
    Processed in 0.00 seconds
    Target graphics API: vulkan
    Full variant space:         2
    After settings filtering:   2
    After built-in stripping:   3
    After scriptable stripping: 3
    Processed in 0.00 seconds
  Pass  (vp, gles3) finished in 0.00 seconds. Local cache hits 3 (0.00s CPU time), remote cache hits 0 (0.00s CPU time), compiled 0 variants (0.00s CPU time), skipped 0 variants.
  Pass  (vp, vulkan) finished in 0.00 seconds. Local cache hits 3 (0.00s CPU time), remote cache hits 0 (0.00s CPU time), compiled 0 variants (0.00s CPU time), skipped 0 variants.
    Prepared data for serialisation in 0.00s
Serialized binary data for shader Hidden/Physics2D/SDF_Point in 0.00s
    gles3 (total internal programs: 3, unique: 1)
    vulkan (total internal programs: 3, unique: 1)
SpriteAtlasDatabase::Cleanup
DisplayProgressbar: Initializing
Android PostProcess task "Initializing" took 0.7996 ms
DisplayProgressbar: Check gradle project collisions
Android PostProcess task "Check gradle project collisions" took 0.2287 ms
DisplayProgressbar: Preparing banner
Android PostProcess task "Preparing banner" took 0.3314 ms
info: Microsoft.AspNetCore.Hosting.Diagnostics[1]
      Request starting HTTP/2 POST http://ilpp/UnityILPP.PostProcessing/Ping application/grpc -
info: Microsoft.AspNetCore.Routing.EndpointMiddleware[0]
      Executing endpoint 'gRPC - /UnityILPP.PostProcessing/Ping'
info: Microsoft.AspNetCore.Routing.EndpointMiddleware[1]
      Executed endpoint 'gRPC - /UnityILPP.PostProcessing/Ping'
info: Microsoft.AspNetCore.Hosting.Diagnostics[2]
      Request finished HTTP/2 POST http://ilpp/UnityILPP.PostProcessing/Ping application/grpc - - 200 - application/grpc 0.2288ms
Plugin 'Packages/com.google.ads.mobile/Plugins/iOS/unity-plugin-library.xcframework' is not supported on Android, please deselect it in Plugin Inspector
UnityEngine.Debug:ExtractStackTraceNoAlloc (byte*,int,string)
UnityEngine.StackTraceUtility:ExtractStackTrace () (at /home/bokken/build/output/unity/unity/Runtime/Export/Scripting/StackTrace.cs:35)
UnityEngine.DebugLogHandler:Internal_Log (UnityEngine.LogType,UnityEngine.LogOption,string,UnityEngine.Object)
UnityEngine.DebugLogHandler:LogFormat (UnityEngine.LogType,UnityEngine.Object,string,object[])
UnityEngine.Logger:Log (UnityEngine.LogType,object)
UnityEngine.Debug:LogWarning (object)
UnityEditor.Android.AndroidBuildPostprocessor:PluginsDataFor (UnityEditor.Modules.BuildPostProcessArgs) (at /home/bokken/build/output/unity/unity/PlatformDependent/AndroidPlayer/Editor/Managed/ExtensionModule.cs:651)
UnityEditor.Modules.BeeBuildPostprocessor/<GetDataForBuildProgramFor>d__65:MoveNext () (at /home/bokken/build/output/unity/unity/Editor/Mono/Modules/BeeBuildPostprocessor.cs:547)
UnityEditor.Android.AndroidBuildPostprocessor/<GetDataForBuildProgramFor>d__31:MoveNext () (at /home/bokken/build/output/unity/unity/PlatformDependent/AndroidPlayer/Editor/Managed/ExtensionModule.cs:796)
System.Linq.Enumerable/WhereEnumerableIterator`1<object>:MoveNext ()
Bee.BeeDriver.BeeDriver:WriteDataForBuildProgram (Bee.BeeDriver.InternalState,System.Threading.Tasks.TaskCompletionSource`1<int>) (at /home/bokken/build/output/unity/unity/Tools/Bee/Bee.BeeDriver2/BeeDriver.cs:99)
Bee.BeeDriver.BeeDriver/<>c__DisplayClass0_0:<BuildAsync>g__WriteData|0 () (at /home/bokken/build/output/unity/unity/Tools/Bee/Bee.BeeDriver2/BeeDriver.cs:74)
Bee.BeeDriver.BeeDriver:BuildAsync (Bee.BeeDriver.BuildRequest,System.Threading.CancellationToken) (at /home/bokken/build/output/unity/unity/Tools/Bee/Bee.BeeDriver2/BeeDriver.cs:77)
UnityEditor.Modules.BeeBuildPostprocessor:PostProcess (UnityEditor.Modules.BuildPostProcessArgs) (at /home/bokken/build/output/unity/unity/Editor/Mono/Modules/BeeBuildPostprocessor.cs:750)
UnityEditor.Modules.BeeBuildPostprocessor:PostProcess (UnityEditor.Modules.BuildPostProcessArgs,UnityEditor.BuildProperties&) (at /home/bokken/build/output/unity/unity/Editor/Mono/Modules/BeeBuildPostprocessor.cs:40)
UnityEditor.Android.AndroidBuildPostprocessor:PostProcess (UnityEditor.Modules.BuildPostProcessArgs,UnityEditor.BuildProperties&) (at /home/bokken/build/output/unity/unity/PlatformDependent/AndroidPlayer/Editor/Managed/ExtensionModule.cs:399)
UnityEditor.PostprocessBuildPlayer:Postprocess (UnityEditor.BuildTarget,int,string,string,string,UnityEditor.BuildOptions,UnityEditor.RuntimeClassRegistry,UnityEditor.Build.Reporting.BuildReport) (at /home/bokken/build/output/unity/unity/Editor/Mono/BuildPipeline/PostprocessBuildPlayer.cs:315)
UnityEditor.BuildPipeline:BuildPlayerInternalNoCheck (string[],string,string,UnityEditor.BuildTargetGroup,UnityEditor.BuildTarget,int,UnityEditor.BuildOptions,string[],bool)
UnityEditor.BuildPipeline:BuildPlayerInternal (string[],string,string,UnityEditor.BuildTargetGroup,UnityEditor.BuildTarget,int,UnityEditor.BuildOptions,string[]) (at /home/bokken/build/output/unity/unity/Editor/Mono/BuildPipeline.bindings.cs:494)
UnityEditor.BuildPipeline:BuildPlayer (string[],string,string,UnityEditor.BuildTargetGroup,UnityEditor.BuildTarget,int,UnityEditor.BuildOptions,string[]) (at /home/bokken/build/output/unity/unity/Editor/Mono/BuildPipeline.bindings.cs:410)
UnityEditor.BuildPipeline:BuildPlayer (UnityEditor.BuildPlayerOptions) (at /home/bokken/build/output/unity/unity/Editor/Mono/BuildPipeline.bindings.cs:356)
PofudukFilo.EditorTools.CiBuild:BuildAndroid () (at Assets/_Project/Scripts/Editor/CiBuild.cs:44)

(Filename: /home/bokken/build/output/unity/unity/PlatformDependent/AndroidPlayer/Editor/Managed/ExtensionModule.cs Line: 651)

Starting: /opt/unity/Editor/Data/Tools/BuildPipeline/bee_backend --ipc --dagfile="Library/Bee/Playerfd8a7abd.dag" --profile="Library/Bee/backend1.traceevents" Player
WorkingDir: /project
DisplayProgressbar: Incremental Player Build
Rebuilding DAG because FileSignature timestamp changed: Library/Bee/Playerfd8a7abd-inputdata.json
*** Tundra requires additional run (0.12 seconds), 0 items updated, 0 evaluated
Starting: /opt/unity/Editor/Data/netcorerun/netcorerun "/opt/unity/Editor/Data/PlaybackEngines/AndroidPlayer/AndroidPlayerBuildProgram.exe" "/opt/unity/Editor/Data/PlaybackEngines/AndroidPlayer/Bee:/opt/unity/Editor/Data/Tools/BuildPipeline" "Library/Bee/Playerfd8a7abd.dag.json" "Library/Bee/Playerfd8a7abd-inputdata.json" "Library/Bee/buildprogram0.traceevents"
WorkingDir: /project
ExitCode: 4 Duration: 0s209ms
ExitCode: 0 Duration: 0s834ms
Starting: /opt/unity/Editor/Data/Tools/BuildPipeline/bee_backend --ipc --dagfile="Library/Bee/Playerfd8a7abd.dag" --dagfilejson="Library/Bee/Playerfd8a7abd.dag.json" --profile="Library/Bee/backend2.traceevents" Player
WorkingDir: /project
Finished compiling graph: 1067 nodes, 2945 flattened edges (2940 ToBuild, 5 ToUse), maximum node priority 2147483647
[           0s] Delete 10 artifact files that are no longer in use. (like Library/Bee/artifacts/Android/Gradle/settings.gradle.xml)
[ 47/876    0s] WriteText Library/Bee/artifacts/csharpactions/IntermediateFiles.txt_ri9j.info
[ 49/876    0s] WriteText Library/Bee/artifacts/csharpactions/boot.config_x4e9.info
[ 51/876    0s] SplitFile Library/Bee/artifacts/Android/Split/globalgamemanagers.assets
[ 52/876    0s] AddBootConfigGUID Library/Bee/artifacts/Android/boot.config
[ 53/876    0s] SplitFile Library/Bee/artifacts/Android/Split/sharedassets0.assets
[ 55/876    0s] WriteText Library/Bee/artifacts/csharpactions/unity_app_guid_oqjt.info
[ 59/876    0s] CopyFiles /project/Library/Bee/Android/Prj/IL2CPP/Gradle/unityLibrary/GoogleMobileAdsPlugin.androidlib/packaging_options.gradle
[ 61/876    0s] WriteText /project/Library/Bee/Android/Prj/IL2CPP/Gradle/launcher/src/main/res/values/strings.xml
[ 62/876    0s] CopyFiles /project/Library/Bee/Android/Prj/IL2CPP/Gradle/unityLibrary/src/main/assets/bin/Data/boot.config
[ 63/876    0s] CopyFiles /project/Library/Bee/Android/Prj/IL2CPP/Gradle/launcher/src/main/res/mipmap-xxxhdpi/app_icon.png
[ 64/876    0s] CopyFiles /project/Library/Bee/Android/Prj/IL2CPP/Gradle/unityLibrary/GoogleMobileAdsPlugin.androidlib/next_gen_resolution_strategy.gradle
[ 65/876    0s] CopyFiles /project/Library/Bee/Android/Prj/IL2CPP/Gradle/unityLibrary/src/main/assets/bin/Data/Resources/unity_builtin_extra
[ 66/876    0s] CopyFiles /project/Library/Bee/Android/Prj/IL2CPP/Gradle/unityLibrary/src/main/assets/bin/Data/d4f3b5ad2017d82a892744ff1f58a2d5
[ 67/876    0s] CopyFiles /project/Library/Bee/Android/Prj/IL2CPP/Gradle/unityLibrary/src/main/assets/bin/Data/a187246822bbb47529482707f3e0eff8
[ 68/876    0s] CopyFiles /project/Library/Bee/Android/Prj/IL2CPP/Gradle/unityLibrary/src/main/assets/bin/Data/globalgamemanagers
[ 69/876    0s] CopyFiles /project/Library/Bee/Android/Prj/IL2CPP/Gradle/unityLibrary/libs/googlemobileads-unity.aar
[ 70/876    0s] SplitFile Library/Bee/artifacts/Android/Split/level0
[ 73/876    0s] CopyFiles /project/Library/Bee/Android/Prj/IL2CPP/Gradle/launcher/src/main/res/mipmap-xhdpi/app_icon.png
[ 74/876    0s] CopyFiles /project/Library/Bee/Android/Prj/IL2CPP/Gradle/unityLibrary/GoogleMobileAdsPlugin.androidlib/AndroidManifest.xml
[ 75/876    0s] CopyFiles /project/Library/Bee/Android/Prj/IL2CPP/Gradle/unityLibrary/src/main/assets/bin/Data/8add6058af9b157e3a126564a409bb00
[ 76/876    0s] CopyFiles /project/Library/Bee/Android/Prj/IL2CPP/Gradle/launcher/src/main/res/mipmap-mdpi/app_icon.png
[ 77/876    0s] CopyFiles /project/Library/Bee/Android/Prj/IL2CPP/Gradle/launcher/src/main/res/mipmap-hdpi/app_icon.png
[ 78/876    0s] CopyFiles /project/Library/Bee/Android/Prj/IL2CPP/Gradle/unityLibrary/src/main/assets/bin/Data/ScriptingAssemblies.json
[ 79/876    0s] CopyFiles /project/Library/Bee/Android/Prj/IL2CPP/Gradle/unityLibrary/src/main/assets/bin/Data/1a4d15e8ff301b0f883c88b156c0faad
[ 80/876    0s] CopyFiles /project/Library/Bee/Android/Prj/IL2CPP/Gradle/launcher/src/main/res/mipmap-ldpi/app_icon.png
[ 81/876    0s] CopyFiles /project/Library/Bee/Android/Prj/IL2CPP/Gradle/launcher/src/main/res/mipmap-ldpi/app_icon_round.png
[ 83/876    0s] CopyFiles /project/Library/Bee/Android/Prj/IL2CPP/Gradle/launcher/src/main/res/mipmap-xxhdpi/app_icon.png
[ 85/876    0s] CopyFiles /project/Library/Bee/Android/Prj/IL2CPP/Gradle/unityLibrary/src/main/assets/bin/Data/level0
[ 86/876    0s] CopyFiles /project/Library/Bee/Android/Prj/IL2CPP/Gradle/launcher/src/main/res/mipmap-mdpi/app_icon_round.png
[ 89/876    0s] CopyFiles /project/Library/Bee/Android/Prj/IL2CPP/Gradle/launcher/src/main/res/mipmap-xxxhdpi/app_icon_round.png
[ 90/876    0s] CopyFiles /project/Library/Bee/Android/Prj/IL2CPP/Gradle/launcher/src/main/res/mipmap-xxhdpi/app_icon_round.png
[ 91/876    0s] CopyFiles /project/Library/Bee/Android/Prj/IL2CPP/Gradle/launcher/src/main/res/mipmap-xhdpi/app_icon_round.png
[ 92/876    0s] CopyFiles /project/Library/Bee/Android/Prj/IL2CPP/Gradle/launcher/src/main/res/mipmap-hdpi/app_icon_round.png
[ 93/876    0s] CopyFiles /project/Library/Bee/Android/Prj/IL2CPP/Gradle/unityLibrary/src/main/assets/bin/Data/RuntimeInitializeOnLoads.json
[ 95/876    0s] CopyFiles /project/Library/Bee/Android/Prj/IL2CPP/Gradle/unityLibrary/GoogleMobileAdsPlugin.androidlib/project.properties
[ 96/876    0s] CopyFiles /project/Library/Bee/Android/Prj/IL2CPP/Gradle/unityLibrary/GoogleMobileAdsPlugin.androidlib/next_gen_exclusions.gradle
[ 97/876    0s] ActionGenerateProjectFiles Library/Bee/artifacts/Android/IntermediateFiles.txt (+46 others)
[BUSY       6s] UnityLinker /project/Library/Bee/artifacts/unitylinker_xy1a.traceevents
[ 98/876    6s] UnityLinker /project/Library/Bee/artifacts/unitylinker_xy1a.traceevents
/opt/unity/Editor/Data/il2cpp/build/deploy/UnityLinker --allowed-assembly=/opt/unity/Editor/Data/PlaybackEngines/AndroidPlayer/Variations/il2cpp/Managed/UnityEngine.AIModule.dll --allowed-assembly=/opt/unity/Editor/Data/PlaybackEngines/AndroidPlayer/Variations/il2cpp/Managed/UnityEngine.ARModule.dll --allowed-assembly=/opt/unity/Editor/Data/PlaybackEngines/AndroidPlayer/Variations/il2cpp/Managed/UnityEngine.AccessibilityModule.dll --allowed-assembly=/opt/unity/Editor/Data/PlaybackEngines/AndroidPlayer/Variations/il2cpp/Managed/UnityEngine.AdaptivePerformanceModule.dll --allowed-assembly=/opt/unity/Editor/Data/PlaybackEngines/AndroidPlayer/Variations/il2cpp/Managed/UnityEngine.AndroidJNIModule.dll --allowed-assembly=/opt/unity/Editor/Data/PlaybackEngines/AndroidPlayer/Variations/il2cpp/Managed/UnityEngine.AnimationModule.dll --allowed-assembly=/opt/unity/Editor/Data/PlaybackEngines/AndroidPlayer/Variations/il2cpp/Managed/UnityEngine.AssetBundleModule.dll --allowed-assembly=/opt/unity/Editor/Data/PlaybackEngines/AndroidPlayer/Variations/il2cpp/Managed/UnityEngine.AudioModule.dll --allowed-assembly=/opt/unity/Editor/Data/PlaybackEngines/AndroidPlayer/Variations/il2cpp/Managed/UnityEngine.ClothModule.dll --allowed-assembly=/opt/unity/Editor/Data/PlaybackEngines/AndroidPlayer/Variations/il2cpp/Managed/UnityEngine.ContentLoadModule.dll --allowed-assembly=/opt/unity/Editor/Data/PlaybackEngines/AndroidPlayer/Variations/il2cpp/Managed/UnityEngine.CoreModule.dll --allowed-assembly=/opt/unity/Editor/Data/PlaybackEngines/AndroidPlayer/Variations/il2cpp/Managed/UnityEngine.CrashReportingModule.dll --allowed-assembly=/opt/unity/Editor/Data/PlaybackEngines/AndroidPlayer/Variations/il2cpp/Managed/UnityEngine.DSPGraphModule.dll --allowed-assembly=/opt/unity/Editor/Data/PlaybackEngines/AndroidPlayer/Variations/il2cpp/Managed/UnityEngine.DirectorModule.dll --allowed-assembly=/opt/unity/Editor/Data/PlaybackEngines/AndroidPlayer/Variations/il2cpp/Managed/UnityEngine.GIModule.dll --allowed-assembly=/opt/unity/Editor/Data/PlaybackEngines/AndroidPlayer/Variations/il2cpp/Managed/UnityEngine.GameCenterModule.dll --allowed-assembly=/opt/unity/Editor/Data/PlaybackEngines/AndroidPlayer/Variations/il2cpp/Managed/UnityEngine.GraphicsStateCollectionSerializerModule.dll --allowed-assembly=/opt/unity/Editor/Data/PlaybackEngines/AndroidPlayer/Variations/il2cpp/Managed/UnityEngine.GridModule.dll --allowed-assembly=/opt/unity/Editor/Data/PlaybackEngines/AndroidPlayer/Variations/il2cpp/Managed/UnityEngine.HierarchyCoreModule.dll --allowed-assembly=/opt/unity/Editor/Data/PlaybackEngines/AndroidPlayer/Variations/il2cpp/Managed/UnityEngine.HierarchyModule.dll --allowed-assembly=/opt/unity/Editor/Data/PlaybackEngines/AndroidPlayer/Variations/il2cpp/Managed/UnityEngine.HotReloadModule.dll --allowed-assembly=/opt/unity/Editor/Data/PlaybackEngines/AndroidPlayer/Variations/il2cpp/Managed/UnityEngine.IMGUIModule.dll --allowed-assembly=/opt/unity/Editor/Data/PlaybackEngines/AndroidPlayer/Variations/il2cpp/Managed/UnityEngine.IdentifiersModule.dll --allowed-assembly=/opt/unity/Editor/Data/PlaybackEngines/AndroidPlayer/Variations/il2cpp/Managed/UnityEngine.ImageConversionModule.dll --allowed-assembly=/opt/unity/Editor/Data/PlaybackEngines/AndroidPlayer/Variations/il2cpp/Managed/UnityEngine.InputForUIModule.dll --allowed-assembly=/opt/unity/Editor/Data/PlaybackEngines/AndroidPlayer/Variations/il2cpp/Managed/UnityEngine.InputLegacyModule.dll --allowed-assembly=/opt/unity/Editor/Data/PlaybackEngines/AndroidPlayer/Variations/il2cpp/Managed/UnityEngine.InputModule.dll --allowed-assembly=/opt/unity/Editor/Data/PlaybackEngines/AndroidPlayer/Variations/il2cpp/Managed/UnityEngine.InsightsModule.dll --allowed-assembly=/opt/unity/Editor/Data/PlaybackEngines/AndroidPlayer/Variations/il2cpp/Managed/UnityEngine.JSONSerializeModule.dll --allowed-assembly=/opt/unity/Editor/Data/PlaybackEngines/AndroidPlayer/Variations/il2cpp/Managed/UnityEngine.LocalizationModule.dll --allowed-assembly=/opt/unity/Editor/Data/PlaybackEngines/AndroidPlayer/Variations/il2cpp/Managed/UnityEngine.MarshallingModule.dll --allowed-assembly=/opt/unity/Editor/Data/PlaybackEngines/AndroidPlayer/Variations/il2cpp/Managed/UnityEngine.MultiplayerModule.dll --allowed-assembly=/opt/unity/Editor/Data/PlaybackEngines/AndroidPlayer/Variations/il2cpp/Managed/UnityEngine.ParticleSystemModule.dll --allowed-assembly=/opt/unity/Editor/Data/PlaybackEngines/AndroidPlayer/Variations/il2cpp/Managed/UnityEngine.PerformanceReportingModule.dll --allowed-assembly=/opt/unity/Editor/Data/PlaybackEngines/AndroidPlayer/Variations/il2cpp/Managed/UnityEngine.Physics2DModule.dll --allowed-assembly=/opt/unity/Editor/Data/PlaybackEngines/AndroidPlayer/Variations/il2cpp/Managed/UnityEngine.PhysicsBackendPhysXModule.dll --allowed-assembly=/opt/unity/Editor/Data/PlaybackEngines/AndroidPlayer/Variations/il2cpp/Managed/UnityEngine.PhysicsModule.dll --allowed-assembly=/opt/unity/Editor/Data/PlaybackEngines/AndroidPlayer/Variations/il2cpp/Managed/UnityEngine.PropertiesModule.dll --allowed-assembly=/opt/unity/Editor/Data/PlaybackEngines/AndroidPlayer/Variations/il2cpp/Managed/UnityEngine.RenderAs2DModule.dll --allowed-assembly=/opt/unity/Editor/Data/PlaybackEngines/AndroidPlayer/Variations/il2cpp/Managed/UnityEngine.RuntimeInitializeOnLoadManagerInitializerModule.dll --allowed-assembly=/opt/unity/Editor/Data/PlaybackEngines/AndroidPlayer/Variations/il2cpp/Managed/UnityEngine.ScreenCaptureModule.dll --allowed-assembly=/opt/unity/Editor/Data/PlaybackEngines/AndroidPlayer/Variations/il2cpp/Managed/UnityEngine.ShaderRuntimeModule.dll --allowed-assembly=/opt/unity/Editor/Data/PlaybackEngines/AndroidPlayer/Variations/il2cpp/Managed/UnityEngine.ShaderVariantAnalyticsModule.dll --allowed-assembly=/opt/unity/Editor/Data/PlaybackEngines/AndroidPlayer/Variations/il2cpp/Managed/UnityEngine.SharedInternalsModule.dll --allowed-assembly=/opt/unity/Editor/Data/PlaybackEngines/AndroidPlayer/Variations/il2cpp/Managed/UnityEngine.SpriteMaskModule.dll --allowed-assembly=/opt/unity/Editor/Data/PlaybackEngines/AndroidPlayer/Variations/il2cpp/Managed/UnityEngine.SpriteShapeModule.dll --allowed-assembly=/opt/unity/Editor/Data/PlaybackEngines/AndroidPlayer/Variations/il2cpp/Managed/UnityEngine.StreamingModule.dll --allowed-assembly=/opt/unity/Editor/Data/PlaybackEngines/AndroidPlayer/Variations/il2cpp/Managed/UnityEngine.SubstanceModule.dll --allowed-assembly=/opt/unity/Editor/Data/PlaybackEngines/AndroidPlayer/Variations/il2cpp/Managed/UnityEngine.SubsystemsModule.dll --allowed-assembly=/opt/unity/Editor/Data/PlaybackEngines/AndroidPlayer/Variations/il2cpp/Managed/UnityEngine.TLSModule.dll --allowed-assembly=/opt/unity/Editor/Data/PlaybackEngines/AndroidPlayer/Variations/il2cpp/Managed/UnityEngine.TerrainModule.dll --allowed-assembly=/opt/unity/Editor/Data/PlaybackEngines/AndroidPlayer/Variations/il2cpp/Managed/UnityEngine.TerrainPhysicsModule.dll --allowed-assembly=/opt/unity/Editor/Data/PlaybackEngines/AndroidPlayer/Variations/il2cpp/Managed/UnityEngine.TextCoreFontEngineModule.dll --allowed-assembly=/opt/unity/Editor/Data/PlaybackEngines/AndroidPlayer/Variations/il2cpp/Managed/UnityEngine.TextCoreTextEngineModule.dll --allowed-assembly=/opt/unity/Editor/Data/PlaybackEngines/AndroidPlayer/Variations/il2cpp/Managed/UnityEngine.TextRenderingModule.dll --allowed-assembly=/opt/unity/Editor/Data/PlaybackEngines/AndroidPlayer/Variations/il2cpp/Managed/UnityEngine.TilemapModule.dll --allowed-assembly=/opt/unity/Editor/Data/PlaybackEngines/AndroidPlayer/Variations/il2cpp/Managed/UnityEngine.UIElementsModule.dll --allowed-assembly=/opt/unity/Editor/Data/PlaybackEngines/AndroidPlayer/Variations/il2cpp/Managed/UnityEngine.UIModule.dll --allowed-assembly=/opt/unity/Editor/Data/PlaybackEngines/AndroidPlayer/Variations/il2cpp/Managed/UnityEngine.UmbraModule.dll --allowed-assembly=/opt/unity/Editor/Data/PlaybackEngines/AndroidPlayer/Variations/il2cpp/Managed/UnityEngine.UnityAnalyticsCommonModule.dll --allowed-assembly=/opt/unity/Editor/Data/PlaybackEngines/AndroidPlayer/Variations/il2cpp/Managed/UnityEngine.UnityAnalyticsModule.dll --allowed-assembly=/opt/unity/Editor/Data/PlaybackEngines/AndroidPlayer/Variations/il2cpp/Managed/UnityEngine.UnityConnectModule.dll --allowed-assembly=/opt/unity/Editor/Data/PlaybackEngines/AndroidPlayer/Variations/il2cpp/Managed/UnityEngine.UnityConsentModule.dll --allowed-assembly=/opt/unity/Editor/Data/PlaybackEngines/AndroidPlayer/Variations/il2cpp/Managed/UnityEngine.UnityCurlModule.dll --allowed-assembly=/opt/unity/Editor/Data/PlaybackEngines/AndroidPlayer/Variations/il2cpp/Managed/UnityEngine.UnityWebRequestAssetBundleModule.dll --allowed-assembly=/opt/unity/Editor/Data/PlaybackEngines/AndroidPlayer/Variations/il2cpp/Managed/UnityEngine.UnityWebRequestAudioModule.dll --allowed-assembly=/opt/unity/Editor/Data/PlaybackEngines/AndroidPlayer/Variations/il2cpp/Managed/UnityEngine.UnityWebRequestModule.dll --allowed-assembly=/opt/unity/Editor/Data/PlaybackEngines/AndroidPlayer/Variations/il2cpp/Managed/UnityEngine.UnityWebRequestTextureModule.dll --allowed-assembly=/opt/unity/Editor/Data/PlaybackEngines/AndroidPlayer/Variations/il2cpp/Managed/UnityEngine.UnityWebRequestWWWModule.dll --allowed-assembly=/opt/unity/Editor/Data/PlaybackEngines/AndroidPlayer/Variations/il2cpp/Managed/UnityEngine.VFXModule.dll --allowed-assembly=/opt/unity/Editor/Data/PlaybackEngines/AndroidPlayer/Variations/il2cpp/Managed/UnityEngine.VRModule.dll --allowed-assembly=/opt/unity/Editor/Data/PlaybackEngines/AndroidPlayer/Variations/il2cpp/Managed/UnityEngine.VectorGraphicsModule.dll --allowed-assembly=/opt/unity/Editor/Data/PlaybackEngines/AndroidPlayer/Variations/il2cpp/Managed/UnityEngine.VehiclesModule.dll --allowed-assembly=/opt/unity/Editor/Data/PlaybackEngines/AndroidPlayer/Variations/il2cpp/Managed/UnityEngine.VideoModule.dll --allowed-assembly=/opt/unity/Editor/Data/PlaybackEngines/AndroidPlayer/Variations/il2cpp/Managed/UnityEngine.WindModule.dll --allowed-assembly=/opt/unity/Editor/Data/PlaybackEngines/AndroidPlayer/Variations/il2cpp/Managed/UnityEngine.XRModule.dll --allowed-assembly=/opt/unity/Editor/Data/PlaybackEngines/AndroidPlayer/Variations/il2cpp/Managed/UnityEngine.dll --allowed-assembly=/project/Library/Bee/PlayerScriptAssemblies/PofudukFilo.Runtime.dll --allowed-assembly=/project/Library/Bee/PlayerScriptAssemblies/Unity.Burst.dll --allowed-assembly=/project/Library/Bee/PlayerScriptAssemblies/Unity.Collections.dll --allowed-assembly=/project/Library/Bee/PlayerScriptAssemblies/Unity.InputSystem.dll --allowed-assembly=/project/Library/Bee/PlayerScriptAssemblies/Unity.InputSystem.ForUI.dll --allowed-assembly=/project/Library/Bee/PlayerScriptAssemblies/Unity.InternalAPIEngineBridge.004.dll --allowed-assembly=/project/Library/Bee/PlayerScriptAssemblies/Unity.Mathematics.dll --allowed-assembly=/project/Library/Bee/PlayerScriptAssemblies/Unity.TextMeshPro.dll --allowed-assembly=/project/Library/Bee/PlayerScriptAssemblies/UnityEngine.UI.dll --allowed-assembly=/project/Library/PackageCache/com.google.ads.mobile@0e7fbe087950/GoogleMobileAds/GoogleMobileAds.Common.dll --allowed-assembly=/project/Library/PackageCache/com.unity.collections@84e8eb3fc12e/Unity.Collections.LowLevel.ILSupport/Unity.Collections.LowLevel.ILSupport.dll --allowed-assembly=/project/Library/PackageCache/com.google.ads.mobile@0e7fbe087950/GoogleMobileAds/GoogleMobileAds.dll --allowed-assembly=/project/Library/PackageCache/com.google.ads.mobile@0e7fbe087950/GoogleMobileAds/GoogleMobileAds.Core.dll --allowed-assembly=/project/Library/PackageCache/com.google.ads.mobile@0e7fbe087950/GoogleMobileAds/GoogleMobileAds.Ump.dll --allowed-assembly=/project/Library/PackageCache/com.unity.burst@2f3d916873ea/Unity.Burst.Unsafe.dll --allowed-assembly=/project/Library/PackageCache/com.google.ads.mobile@0e7fbe087950/GoogleMobileAds/GoogleMobileAds.Android.dll --allowed-assembly=/project/Library/PackageCache/com.google.ads.mobile@0e7fbe087950/GoogleMobileAds/GoogleMobileAds.Ump.Android.dll --allowed-assembly=/opt/unity/Editor/Data/MonoBleedingEdge/lib/mono/unityaot-linux/Accessibility.dll --allowed-assembly=/opt/unity/Editor/Data/MonoBleedingEdge/lib/mono/unityaot-linux/Facades/Microsoft.Win32.Primitives.dll --allowed-assembly=/opt/unity/Editor/Data/MonoBleedingEdge/lib/mono/unityaot-linux/Facades/Microsoft.Win32.Registry.AccessControl.dll --allowed-assembly=/opt/unity/Editor/Data/MonoBleedingEdge/lib/mono/unityaot-linux/Facades/Microsoft.Win32.Registry.dll --allowed-assembly=/opt/unity/Editor/Data/MonoBleedingEdge/lib/mono/unityaot-linux/Facades/System.AppContext.dll --allowed-assembly=/opt/unity/Editor/Data/MonoBleedingEdge/lib/mono/unityaot-linux/Facades/System.Buffers.dll --allowed-assembly=/opt/unity/Editor/Data/MonoBleedingEdge/lib/mono/unityaot-linux/Facades/System.Collections.Concurrent.dll --allowed-assembly=/opt/unity/Editor/Data/MonoBleedingEdge/lib/mono/unityaot-linux/Facades/System.Collections.NonGeneric.dll --allowed-assembly=/opt/unity/Editor/Data/MonoBleedingEdge/lib/mono/unityaot-linux/Facades/System.Collections.Specialized.dll --allowed-assembly=/opt/unity/Editor/Data/MonoBleedingEdge/lib/mono/unityaot-linux/Facades/System.Collections.dll --allowed-assembly=/opt/unity/Editor/Data/MonoBleedingEdge/lib/mono/unityaot-linux/Facades/System.ComponentModel.Annotations.dll --allowed-assembly=/opt/unity/Editor/Data/MonoBleedingEdge/lib/mono/unityaot-linux/Facades/System.ComponentModel.EventBasedAsync.dll --allowed-assembly=/opt/unity/Editor/Data/MonoBleedingEdge/lib/mono/unityaot-linux/Facades/System.ComponentModel.Primitives.dll --allowed-assembly=/opt/unity/Editor/Data/MonoBleedingEdge/lib/mono/unityaot-linux/Facades/System.ComponentModel.TypeConverter.dll --allowed-assembly=/opt/unity/Editor/Data/MonoBleedingEdge/lib/mono/unityaot-linux/Facades/System.ComponentModel.dll --allowed-assembly=/opt/unity/Editor/Data/MonoBleedingEdge/lib/mono/unityaot-linux/Facades/System.Console.dll --allowed-assembly=/opt/unity/Editor/Data/MonoBleedingEdge/lib/mono/unityaot-linux/Facades/System.Data.Common.dll --allowed-assembly=/opt/unity/Editor/Data/MonoBleedingEdge/lib/mono/unityaot-linux/Facades/System.Data.SqlClient.dll --allowed-assembly=/opt/unity/Editor/Data/MonoBleedingEdge/lib/mono/unityaot-linux/Facades/System.Diagnostics.Contracts.dll --allowed-assembly=/opt/unity/Editor/Data/MonoBleedingEdge/lib/mono/unityaot-linux/Facades/System.Diagnostics.Debug.dll --allowed-assembly=/opt/unity/Editor/Data/MonoBleedingEdge/lib/mono/unityaot-linux/Facades/System.Diagnostics.FileVersionInfo.dll --allowed-assembly=/opt/unity/Editor/Data/MonoBleedingEdge/lib/mono/unityaot-linux/Facades/System.Diagnostics.Process.dll --allowed-assembly=/opt/unity/Editor/Data/MonoBleedingEdge/lib/mono/unityaot-linux/Facades/System.Diagnostics.StackTrace.dll --allowed-assembly=/opt/unity/Editor/Data/MonoBleedingEdge/lib/mono/unityaot-linux/Facades/System.Diagnostics.TextWriterTraceListener.dll --allowed-assembly=/opt/unity/Editor/Data/MonoBleedingEdge/lib/mono/unityaot-linux/Facades/System.Diagnostics.Tools.dll --allowed-assembly=/opt/unity/Editor/Data/MonoBleedingEdge/lib/mono/unityaot-linux/Facades/System.Diagnostics.TraceEvent.dll --allowed-assembly=/opt/unity/Editor/Data/MonoBleedingEdge/lib/mono/unityaot-linux/Facades/System.Diagnostics.TraceSource.dll --allowed-assembly=/opt/unity/Editor/Data/MonoBleedingEdge/lib/mono/unityaot-linux/Facades/System.Diagnostics.Tracing.dll --allowed-assembly=/opt/unity/Editor/Data/MonoBleedingEdge/lib/mono/unityaot-linux/Facades/System.Drawing.Primitives.dll --allowed-assembly=/opt/unity/Editor/Data/MonoBleedingEdge/lib/mono/unityaot-linux/Facades/System.Dynamic.Runtime.dll --allowed-assembly=/opt/unity/Editor/Data/MonoBleedingEdge/lib/mono/unityaot-linux/Facades/System.Globalization.Calendars.dll --allowed-assembly=/opt/unity/Editor/Data/MonoBleedingEdge/lib/mono/unityaot-linux/Facades/System.Globalization.Extensions.dll --allowed-assembly=/opt/unity/Editor/Data/MonoBleedingEdge/lib/mono/unityaot-linux/Facades/System.Globalization.dll --allowed-assembly=/opt/unity/Editor/Data/MonoBleedingEdge/lib/mono/unityaot-linux/Facades/System.IO.Compression.ZipFile.dll --allowed-assembly=/opt/unity/Editor/Data/MonoBleedingEdge/lib/mono/unityaot-linux/Facades/System.IO.FileSystem.AccessControl.dll --allowed-assembly=/opt/unity/Editor/Data/MonoBleedingEdge/lib/mono/unityaot-linux/Facades/System.IO.FileSystem.DriveInfo.dll --allowed-assembly=/opt/unity/Editor/Data/MonoBleedingEdge/lib/mono/unityaot-linux/Facades/System.IO.FileSystem.Primitives.dll --allowed-assembly=/opt/unity/Editor/Data/MonoBleedingEdge/lib/mono/unityaot-linux/Facades/System.IO.FileSystem.Watcher.dll --allowed-assembly=/opt/unity/Editor/Data/MonoBleedingEdge/lib/mono/unityaot-linux/Facades/System.IO.FileSystem.dll --allowed-assembly=/opt/unity/Editor/Data/MonoBleedingEdge/lib/mono/unityaot-linux/Facades/System.IO.IsolatedStorage.dll --allowed-assembly=/opt/unity/Editor/Data/MonoBleedingEdge/lib/mono/unityaot-linux/Facades/System.IO.MemoryMappedFiles.dll --allowed-assembly=/opt/unity/Editor/Data/MonoBleedingEdge/lib/mono/unityaot-linux/Facades/System.IO.Pipes.dll --allowed-assembly=/opt/unity/Editor/Data/MonoBleedingEdge/lib/mono/unityaot-linux/Facades/System.IO.UnmanagedMemoryStream.dll --allowed-assembly=/opt/unity/Editor/Data/MonoBleedingEdge/lib/mono/unityaot-linux/Facades/System.IO.dll --allowed-assembly=/opt/unity/Editor/Data/MonoBleedingEdge/lib/mono/unityaot-linux/Facades/System.Linq.Expressions.dll --allowed-assembly=/opt/unity/Editor/Data/MonoBleedingEdge/lib/mono/unityaot-linux/Facades/System.Linq.Parallel.dll --allowed-assembly=/opt/unity/Editor/Data/MonoBleedingEdge/lib/mono/unityaot-linux/Facades/System.Linq.Queryable.dll --allowed-assembly=/opt/unity/Editor/Data/MonoBleedingEdge/lib/mono/unityaot-linux/Facades/System.Linq.dll --allowed-assembly=/opt/unity/Editor/Data/MonoBleedingEdge/lib/mono/unityaot-linux/Facades/System.Memory.dll --allowed-assembly=/opt/unity/Editor/Data/MonoBleedingEdge/lib/mono/unityaot-linux/Facades/System.Net.AuthenticationManager.dll --allowed-assembly=/opt/unity/Editor/Data/MonoBleedingEdge/lib/mono/unityaot-linux/Facades/System.Net.Cache.dll --allowed-assembly=/opt/unity/Editor/Data/MonoBleedingEdge/lib/mono/unityaot-linux/Facades/System.Net.HttpListener.dll --allowed-assembly=/opt/unity/Editor/Data/MonoBleedingEdge/lib/mono/unityaot-linux/Facades/System.Net.Mail.dll --allowed-assembly=/opt/unity/Editor/Data/MonoBleedingEdge/lib/mono/unityaot-linux/Facades/System.Net.NameResolution.dll --allowed-assembly=/opt/unity/Editor/Data/MonoBleedingEdge/lib/mono/unityaot-linux/Facades/System.Net.NetworkInformation.dll --allowed-assembly=/opt/unity/Editor/Data/MonoBleedingEdge/lib/mono/unityaot-linux/Facades/System.Net.Ping.dll --allowed-assembly=/opt/unity/Editor/Data/MonoBleedingEdge/lib/mono/unityaot-linux/Facades/System.Net.Primitives.dll --allowed-assembly=/opt/unity/Editor/Data/MonoBleedingEdge/lib/mono/unityaot-linux/Facades/System.Net.Requests.dll --allowed-assembly=/opt/unity/Editor/Data/MonoBleedingEdge/lib/mono/unityaot-linux/Facades/System.Net.Security.dll --allowed-assembly=/opt/unity/Editor/Data/MonoBleedingEdge/lib/mono/unityaot-linux/Facades/System.Net.ServicePoint.dll --allowed-assembly=/opt/unity/Editor/Data/MonoBleedingEdge/lib/mono/unityaot-linux/Facades/System.Net.Sockets.dll --allowed-assembly=/opt/unity/Editor/Data/MonoBleedingEdge/lib/mono/unityaot-linux/Facades/System.Net.Utilities.dll --allowed-assembly=/opt/unity/Editor/Data/MonoBleedingEdge/lib/mono/unityaot-linux/Facades/System.Net.WebHeaderCollection.dll --allowed-assembly=/opt/unity/Editor/Data/MonoBleedingEdge/lib/mono/unityaot-linux/Facades/System.Net.WebSockets.Client.dll --allowed-assembly=/opt/unity/Editor/Data/MonoBleedingEdge/lib/mono/unityaot-linux/Facades/System.Net.WebSockets.dll --allowed-assembly=/opt/unity/Editor/Data/MonoBleedingEdge/lib/mono/unityaot-linux/Facades/System.ObjectModel.dll --allowed-assembly=/opt/unity/Editor/Data/MonoBleedingEdge/lib/mono/unityaot-linux/Facades/System.Reflection.DispatchProxy.dll --allowed-assembly=/opt/unity/Editor/Data/MonoBleedingEdge/lib/mono/unityaot-linux/Facades/System.Reflection.Emit.ILGeneration.dll --allowed-assembly=/opt/unity/Editor/Data/MonoBleedingEdge/lib/mono/unityaot-linux/Facades/System.Reflection.Emit.Lightweight.dll --allowed-assembly=/opt/unity/Editor/Data/MonoBleedingEdge/lib/mono/unityaot-linux/Facades/System.Reflection.Emit.dll --allowed-assembly=/opt/unity/Editor/Data/MonoBleedingEdge/lib/mono/unityaot-linux/Facades/System.Reflection.Extensions.dll --allowed-assembly=/opt/unity/Editor/Data/MonoBleedingEdge/lib/mono/unityaot-linux/Facades/System.Reflection.Primitives.dll --allowed-assembly=/opt/unity/Editor/Data/MonoBleedingEdge/lib/mono/unityaot-linux/Facades/System.Reflection.TypeExtensions.dll --allowed-assembly=/opt/unity/Editor/Data/MonoBleedingEdge/lib/mono/unityaot-linux/Facades/System.Reflection.dll --allowed-assembly=/opt/unity/Editor/Data/MonoBleedingEdge/lib/mono/unityaot-linux/Facades/System.Resources.Reader.dll --allowed-assembly=/opt/unity/Editor/Data/MonoBleedingEdge/lib/mono/unityaot-linux/Facades/System.Resources.ReaderWriter.dll --allowed-assembly=/opt/unity/Editor/Data/MonoBleedingEdge/lib/mono/unityaot-linux/Facades/System.Resources.ResourceManager.dll --allowed-assembly=/opt/unity/Editor/Data/MonoBleedingEdge/lib/mono/unityaot-linux/Facades/System.Resources.Writer.dll --allowed-assembly=/opt/unity/Editor/Data/MonoBleedingEdge/lib/mono/unityaot-linux/Facades/System.Runtime.CompilerServices.VisualC.dll --allowed-assembly=/opt/unity/Editor/Data/MonoBleedingEdge/lib/mono/unityaot-linux/Facades/System.Runtime.Extensions.dll --allowed-assembly=/opt/unity/Editor/Data/MonoBleedingEdge/lib/mono/unityaot-linux/Facades/System.Runtime.Handles.dll --allowed-assembly=/opt/unity/Editor/Data/MonoBleedingEdge/lib/mono/unityaot-linux/Facades/System.Runtime.InteropServices.RuntimeInformation.dll --allowed-assembly=/opt/unity/Editor/Data/MonoBleedingEdge/lib/mono/unityaot-linux/Facades/System.Runtime.InteropServices.WindowsRuntime.dll --allowed-assembly=/opt/unity/Editor/Data/MonoBleedingEdge/lib/mono/unityaot-linux/Facades/System.Runtime.InteropServices.dll --allowed-assembly=/opt/unity/Editor/Data/MonoBleedingEdge/lib/mono/unityaot-linux/Facades/System.Runtime.Loader.dll --allowed-assembly=/opt/unity/Editor/Data/MonoBleedingEdge/lib/mono/unityaot-linux/Facades/System.Runtime.Numerics.dll --allowed-assembly=/opt/unity/Editor/Data/MonoBleedingEdge/lib/mono/unityaot-linux/Facades/System.Runtime.Serialization.Formatters.dll --allowed-assembly=/opt/unity/Editor/Data/MonoBleedingEdge/lib/mono/unityaot-linux/Facades/System.Runtime.Serialization.Json.dll --allowed-assembly=/opt/unity/Editor/Data/MonoBleedingEdge/lib/mono/unityaot-linux/Facades/System.Runtime.Serialization.Primitives.dll --allowed-assembly=/opt/unity/Editor/Data/MonoBleedingEdge/lib/mono/unityaot-linux/Facades/System.Runtime.Serialization.Xml.dll --allowed-assembly=/opt/unity/Editor/Data/MonoBleedingEdge/lib/mono/unityaot-linux/Facades/System.Runtime.dll --allowed-assembly=/opt/unity/Editor/Data/MonoBleedingEdge/lib/mono/unityaot-linux/Facades/System.Security.AccessControl.dll --allowed-assembly=/opt/unity/Editor/Data/MonoBleedingEdge/lib/mono/unityaot-linux/Facades/System.Security.Claims.dll --allowed-assembly=/opt/unity/Editor/Data/MonoBleedingEdge/lib/mono/unityaot-linux/Facades/System.Security.Cryptography.Algorithms.dll --allowed-assembly=/opt/unity/Editor/Data/MonoBleedingEdge/lib/mono/unityaot-linux/Facades/System.Security.Cryptography.Cng.dll --allowed-assembly=/opt/unity/Editor/Data/MonoBleedingEdge/lib/mono/unityaot-linux/Facades/System.Security.Cryptography.Csp.dll --allowed-assembly=/opt/unity/Editor/Data/MonoBleedingEdge/lib/mono/unityaot-linux/Facades/System.Security.Cryptography.DeriveBytes.dll --allowed-assembly=/opt/unity/Editor/Data/MonoBleedingEdge/lib/mono/unityaot-linux/Facades/System.Security.Cryptography.Encoding.dll --allowed-assembly=/opt/unity/Editor/Data/MonoBleedingEdge/lib/mono/unityaot-linux/Facades/System.Security.Cryptography.Encryption.Aes.dll --allowed-assembly=/opt/unity/Editor/Data/MonoBleedingEdge/lib/mono/unityaot-linux/Facades/System.Security.Cryptography.Encryption.ECDiffieHellman.dll --allowed-assembly=/opt/unity/Editor/Data/MonoBleedingEdge/lib/mono/unityaot-linux/Facades/System.Security.Cryptography.Encryption.ECDsa.dll --allowed-assembly=/opt/unity/Editor/Data/MonoBleedingEdge/lib/mono/unityaot-linux/Facades/System.Security.Cryptography.Encryption.dll --allowed-assembly=/opt/unity/Editor/Data/MonoBleedingEdge/lib/mono/unityaot-linux/Facades/System.Security.Cryptography.Hashing.Algorithms.dll --allowed-assembly=/opt/unity/Editor/Data/MonoBleedingEdge/lib/mono/unityaot-linux/Facades/System.Security.Cryptography.Hashing.dll --allowed-assembly=/opt/unity/Editor/Data/MonoBleedingEdge/lib/mono/unityaot-linux/Facades/System.Security.Cryptography.OpenSsl.dll --allowed-assembly=/opt/unity/Editor/Data/MonoBleedingEdge/lib/mono/unityaot-linux/Facades/System.Security.Cryptography.Pkcs.dll --allowed-assembly=/opt/unity/Editor/Data/MonoBleedingEdge/lib/mono/unityaot-linux/Facades/System.Security.Cryptography.Primitives.dll --allowed-assembly=/opt/unity/Editor/Data/MonoBleedingEdge/lib/mono/unityaot-linux/Facades/System.Security.Cryptography.ProtectedData.dll --allowed-assembly=/opt/unity/Editor/Data/MonoBleedingEdge/lib/mono/unityaot-linux/Facades/System.Security.Cryptography.RSA.dll --allowed-assembly=/opt/unity/Editor/Data/MonoBleedingEdge/lib/mono/unityaot-linux/Facades/System.Security.Cryptography.RandomNumberGenerator.dll --allowed-assembly=/opt/unity/Editor/Data/MonoBleedingEdge/lib/mono/unityaot-linux/Facades/System.Security.Cryptography.X509Certificates.dll --allowed-assembly=/opt/unity/Editor/Data/MonoBleedingEdge/lib/mono/unityaot-linux/Facades/System.Security.Principal.Windows.dll --allowed-assembly=/opt/unity/Editor/Data/MonoBleedingEdge/lib/mono/unityaot-linux/Facades/System.Security.Principal.dll --allowed-assembly=/opt/unity/Editor/Data/MonoBleedingEdge/lib/mono/unityaot-linux/Facades/System.Security.SecureString.dll --allowed-assembly=/opt/unity/Editor/Data/MonoBleedingEdge/lib/mono/unityaot-linux/Facades/System.ServiceModel.Duplex.dll --allowed-assembly=/opt/unity/Editor/Data/MonoBleedingEdge/lib/mono/unityaot-linux/Facades/System.ServiceModel.Http.dll --allowed-assembly=/opt/unity/Editor/Data/MonoBleedingEdge/lib/mono/unityaot-linux/Facades/System.ServiceModel.NetTcp.dll --allowed-assembly=/opt/unity/Editor/Data/MonoBleedingEdge/lib/mono/unityaot-linux/Facades/System.ServiceModel.Primitives.dll --allowed-assembly=/opt/unity/Editor/Data/MonoBleedingEdge/lib/mono/unityaot-linux/Facades/System.ServiceModel.Security.dll --allowed-assembly=/opt/unity/Editor/Data/MonoBleedingEdge/lib/mono/unityaot-linux/Facades/System.ServiceProcess.ServiceController.dll --allowed-assembly=/opt/unity/Editor/Data/MonoBleedingEdge/lib/mono/unityaot-linux/Facades/System.Text.Encoding.CodePages.dll --allowed-assembly=/opt/unity/Editor/Data/MonoBleedingEdge/lib/mono/unityaot-linux/Facades/System.Text.Encoding.Extensions.dll --allowed-assembly=/opt/unity/Editor/Data/MonoBleedingEdge/lib/mono/unityaot-linux/Facades/System.Text.Encoding.dll --allowed-assembly=/opt/unity/Editor/Data/MonoBleedingEdge/lib/mono/unityaot-linux/Facades/System.Text.RegularExpressions.dll --allowed-assembly=/opt/unity/Editor/Data/MonoBleedingEdge/lib/mono/unityaot-linux/Facades/System.Threading.AccessControl.dll --allowed-assembly=/opt/unity/Editor/Data/MonoBleedingEdge/lib/mono/unityaot-linux/Facades/System.Threading.Overlapped.dll --allowed-assembly=/opt/unity/Editor/Data/MonoBleedingEdge/lib/mono/unityaot-linux/Facades/System.Threading.Tasks.Extensions.dll --allowed-assembly=/opt/unity/Editor/Data/MonoBleedingEdge/lib/mono/unityaot-linux/Facades/System.Threading.Tasks.Parallel.dll --allowed-assembly=/opt/unity/Editor/Data/MonoBleedingEdge/lib/mono/unityaot-linux/Facades/System.Threading.Tasks.dll --allowed-assembly=/opt/unity/Editor/Data/MonoBleedingEdge/lib/mono/unityaot-linux/Facades/System.Threading.Thread.dll --allowed-assembly=/opt/unity/Editor/Data/MonoBleedingEdge/lib/mono/unityaot-linux/Facades/System.Threading.ThreadPool.dll --allowed-assembly=/opt/unity/Editor/Data/MonoBleedingEdge/lib/mono/unityaot-linux/Facades/System.Threading.Timer.dll --allowed-assembly=/opt/unity/Editor/Data/MonoBleedingEdge/lib/mono/unityaot-linux/Facades/System.Threading.dll --allowed-assembly=/opt/unity/Editor/Data/MonoBleedingEdge/lib/mono/unityaot-linux/Facades/System.ValueTuple.dll --allowed-assembly=/opt/unity/Editor/Data/MonoBleedingEdge/lib/mono/unityaot-linux/Facades/System.Xml.ReaderWriter.dll --allowed-assembly=/opt/unity/Editor/Data/MonoBleedingEdge/lib/mono/unityaot-linux/Facades/System.Xml.XDocument.dll --allowed-assembly=/opt/unity/Editor/Data/MonoBleedingEdge/lib/mono/unityaot-linux/Facades/System.Xml.XPath.XDocument.dll --allowed-assembly=/opt/unity/Editor/Data/MonoBleedingEdge/lib/mono/unityaot-linux/Facades/System.Xml.XPath.XmlDocument.dll --allowed-assembly=/opt/unity/Editor/Data/MonoBleedingEdge/lib/mono/unityaot-linux/Facades/System.Xml.XPath.dll --allowed-assembly=/opt/unity/Editor/Data/MonoBleedingEdge/lib/mono/unityaot-linux/Facades/System.Xml.XmlDocument.dll --allowed-assembly=/opt/unity/Editor/Data/MonoBleedingEdge/lib/mono/unityaot-linux/Facades/System.Xml.XmlSerializer.dll --allowed-assembly=/opt/unity/Editor/Data/MonoBleedingEdge/lib/mono/unityaot-linux/Facades/System.Xml.Xsl.Primitives.dll --allowed-assembly=/opt/unity/Editor/Data/MonoBleedingEdge/lib/mono/unityaot-linux/Facades/netstandard.dll --allowed-assembly=/opt/unity/Editor/Data/MonoBleedingEdge/lib/mono/unityaot-linux/I18N.CJK.dll --allowed-assembly=/opt/unity/Editor/Data/MonoBleedingEdge/lib/mono/unityaot-linux/I18N.MidEast.dll --allowed-assembly=/opt/unity/Editor/Data/MonoBleedingEdge/lib/mono/unityaot-linux/I18N.Other.dll --allowed-assembly=/opt/unity/Editor/Data/MonoBleedingEdge/lib/mono/unityaot-linux/I18N.Rare.dll --allowed-assembly=/opt/unity/Editor/Data/MonoBleedingEdge/lib/mono/unityaot-linux/I18N.West.dll --allowed-assembly=/opt/unity/Editor/Data/MonoBleedingEdge/lib/mono/unityaot-linux/I18N.dll --allowed-assembly=/opt/unity/Editor/Data/MonoBleedingEdge/lib/mono/unityaot-linux/Microsoft.CSharp.dll --allowed-assembly=/opt/unity/Editor/Data/MonoBleedingEdge/lib/mono/unityaot-linux/Mono.Data.Sqlite.dll --allowed-assembly=/opt/unity/Editor/Data/MonoBleedingEdge/lib/mono/unityaot-linux/Mono.Data.Tds.dll --allowed-assembly=/opt/unity/Editor/Data/MonoBleedingEdge/lib/mono/unityaot-linux/Mono.Security.dll --allowed-assembly=/opt/unity/Editor/Data/MonoBleedingEdge/lib/mono/unityaot-linux/System.ComponentModel.Composition.dll --allowed-assembly=/opt/unity/Editor/Data/MonoBleedingEdge/lib/mono/unityaot-linux/System.ComponentModel.DataAnnotations.dll --allowed-assembly=/opt/unity/Editor/Data/MonoBleedingEdge/lib/mono/unityaot-linux/System.Configuration.Install.dll --allowed-assembly=/opt/unity/Editor/Data/MonoBleedingEdge/lib/mono/unityaot-linux/System.Configuration.dll --allowed-assembly=/opt/unity/Editor/Data/MonoBleedingEdge/lib/mono/unityaot-linux/System.Core.dll --allowed-assembly=/opt/unity/Editor/Data/MonoBleedingEdge/lib/mono/unityaot-linux/System.Data.DataSetExtensions.dll --allowed-assembly=/opt/unity/Editor/Data/MonoBleedingEdge/lib/mono/unityaot-linux/System.Data.Entity.dll --allowed-assembly=/opt/unity/Editor/Data/MonoBleedingEdge/lib/mono/unityaot-linux/System.Data.Linq.dll --allowed-assembly=/opt/unity/Editor/Data/MonoBleedingEdge/lib/mono/unityaot-linux/System.Data.OracleClient.dll --allowed-assembly=/opt/unity/Editor/Data/MonoBleedingEdge/lib/mono/unityaot-linux/System.Data.Services.Client.dll --allowed-assembly=/opt/unity/Editor/Data/MonoBleedingEdge/lib/mono/unityaot-linux/System.Data.Services.dll --allowed-assembly=/opt/unity/Editor/Data/MonoBleedingEdge/lib/mono/unityaot-linux/System.Data.dll --allowed-assembly=/opt/unity/Editor/Data/MonoBleedingEdge/lib/mono/unityaot-linux/System.Design.dll --allowed-assembly=/opt/unity/Editor/Data/MonoBleedingEdge/lib/mono/unityaot-linux/System.DirectoryServices.Protocols.dll --allowed-assembly=/opt/unity/Editor/Data/MonoBleedingEdge/lib/mono/unityaot-linux/System.DirectoryServices.dll --allowed-assembly=/opt/unity/Editor/Data/MonoBleedingEdge/lib/mono/unityaot-linux/System.Drawing.Design.dll --allowed-assembly=/opt/unity/Editor/Data/MonoBleedingEdge/lib/mono/unityaot-linux/System.Drawing.dll --allowed-assembly=/opt/unity/Editor/Data/MonoBleedingEdge/lib/mono/unityaot-linux/System.EnterpriseServices.dll --allowed-assembly=/opt/unity/Editor/Data/MonoBleedingEdge/lib/mono/unityaot-linux/System.IO.Compression.FileSystem.dll --allowed-assembly=/opt/unity/Editor/Data/MonoBleedingEdge/lib/mono/unityaot-linux/System.IO.Compression.dll --allowed-assembly=/opt/unity/Editor/Data/MonoBleedingEdge/lib/mono/unityaot-linux/System.IdentityModel.Selectors.dll --allowed-assembly=/opt/unity/Editor/Data/MonoBleedingEdge/lib/mono/unityaot-linux/System.IdentityModel.dll --allowed-assembly=/opt/unity/Editor/Data/MonoBleedingEdge/lib/mono/unityaot-linux/System.Json.dll --allowed-assembly=/opt/unity/Editor/Data/MonoBleedingEdge/lib/mono/unityaot-linux/System.Management.dll --allowed-assembly=/opt/unity/Editor/Data/MonoBleedingEdge/lib/mono/unityaot-linux/System.Messaging.dll --allowed-assembly=/opt/unity/Editor/Data/MonoBleedingEdge/lib/mono/unityaot-linux/System.Net.Http.WebRequest.dll --allowed-assembly=/opt/unity/Editor/Data/MonoBleedingEdge/lib/mono/unityaot-linux/System.Net.Http.dll --allowed-assembly=/opt/unity/Editor/Data/MonoBleedingEdge/lib/mono/unityaot-linux/System.Net.dll --allowed-assembly=/opt/unity/Editor/Data/MonoBleedingEdge/lib/mono/unityaot-linux/System.Numerics.Vectors.dll --allowed-assembly=/opt/unity/Editor/Data/MonoBleedingEdge/lib/mono/unityaot-linux/System.Numerics.dll --allowed-assembly=/opt/unity/Editor/Data/MonoBleedingEdge/lib/mono/unityaot-linux/System.Reflection.Context.dll --allowed-assembly=/opt/unity/Editor/Data/MonoBleedingEdge/lib/mono/unityaot-linux/System.Runtime.Caching.dll --allowed-assembly=/opt/unity/Editor/Data/MonoBleedingEdge/lib/mono/unityaot-linux/System.Runtime.DurableInstancing.dll --allowed-assembly=/opt/unity/Editor/Data/MonoBleedingEdge/lib/mono/unityaot-linux/System.Runtime.Remoting.dll --allowed-assembly=/opt/unity/Editor/Data/MonoBleedingEdge/lib/mono/unityaot-linux/System.Runtime.Serialization.Formatters.Soap.dll --allowed-assembly=/opt/unity/Editor/Data/MonoBleedingEdge/lib/mono/unityaot-linux/System.Runtime.Serialization.dll --allowed-assembly=/opt/unity/Editor/Data/MonoBleedingEdge/lib/mono/unityaot-linux/System.Security.dll --allowed-assembly=/opt/unity/Editor/Data/MonoBleedingEdge/lib/mono/unityaot-linux/System.ServiceModel.Activation.dll --allowed-assembly=/opt/unity/Editor/Data/MonoBleedingEdge/lib/mono/unityaot-linux/System.ServiceModel.Discovery.dll --allowed-assembly=/opt/unity/Editor/Data/MonoBleedingEdge/lib/mono/unityaot-linux/System.ServiceModel.Internals.dll --allowed-assembly=/opt/unity/Editor/Data/MonoBleedingEdge/lib/mono/unityaot-linux/System.ServiceModel.Routing.dll --allowed-assembly=/opt/unity/Editor/Data/MonoBleedingEdge/lib/mono/unityaot-linux/System.ServiceModel.Web.dll --allowed-assembly=/opt/unity/Editor/Data/MonoBleedingEdge/lib/mono/unityaot-linux/System.ServiceModel.dll --allowed-assembly=/opt/unity/Editor/Data/MonoBleedingEdge/lib/mono/unityaot-linux/System.ServiceProcess.dll --allowed-assembly=/opt/unity/Editor/Data/MonoBleedingEdge/lib/mono/unityaot-linux/System.Transactions.dll --allowed-assembly=/opt/unity/Editor/Data/MonoBleedingEdge/lib/mono/unityaot-linux/System.Web.ApplicationServices.dll --allowed-assembly=/opt/unity/Editor/Data/MonoBleedingEdge/lib/mono/unityaot-linux/System.Web.DynamicData.dll --allowed-assembly=/opt/unity/Editor/Data/MonoBleedingEdge/lib/mono/unityaot-linux/System.Web.Extensions.Design.dll --allowed-assembly=/opt/unity/Editor/Data/MonoBleedingEdge/lib/mono/unityaot-linux/System.Web.Extensions.dll --allowed-assembly=/opt/unity/Editor/Data/MonoBleedingEdge/lib/mono/unityaot-linux/System.Web.RegularExpressions.dll --allowed-assembly=/opt/unity/Editor/Data/MonoBleedingEdge/lib/mono/unityaot-linux/System.Web.Services.dll --allowed-assembly=/opt/unity/Editor/Data/MonoBleedingEdge/lib/mono/unityaot-linux/System.Web.dll --allowed-assembly=/opt/unity/Editor/Data/MonoBleedingEdge/lib/mono/unityaot-linux/System.Windows.Forms.DataVisualization.dll --allowed-assembly=/opt/unity/Editor/Data/MonoBleedingEdge/lib/mono/unityaot-linux/System.Windows.Forms.dll --allowed-assembly=/opt/unity/Editor/Data/MonoBleedingEdge/lib/mono/unityaot-linux/System.Windows.dll --allowed-assembly=/opt/unity/Editor/Data/MonoBleedingEdge/lib/mono/unityaot-linux/System.Xaml.dll --allowed-assembly=/opt/unity/Editor/Data/MonoBleedingEdge/lib/mono/unityaot-linux/System.Xml.Linq.dll --allowed-assembly=/opt/unity/Editor/Data/MonoBleedingEdge/lib/mono/unityaot-linux/System.Xml.Serialization.dll --allowed-assembly=/opt/unity/Editor/Data/MonoBleedingEdge/lib/mono/unityaot-linux/System.Xml.dll --allowed-assembly=/opt/unity/Editor/Data/MonoBleedingEdge/lib/mono/unityaot-linux/System.dll --allowed-assembly=/opt/unity/Editor/Data/MonoBleedingEdge/lib/mono/unityaot-linux/mscorlib.dll --out=Library/Bee/artifacts/Android/ManagedStripped --include-link-xml=/project/Library/Bee/artifacts/UnityLinkerInputs/TypesInScenes.xml --include-link-xml=/project/Library/Bee/artifacts/UnityLinkerInputs/SerializedTypes.xml --include-link-xml=/project/Library/InputSystem/AndroidLink.xml --include-link-xml=/project/Assets/GoogleMobileAds/link.xml --include-link-xml=/opt/unity/Editor/Data/PlaybackEngines/AndroidPlayer/Tools/AndroidNativeLink.xml --include-directory=/project/Library/Bee/PlayerScriptAssemblies --include-directory=/opt/unity/Editor/Data/PlaybackEngines/AndroidPlayer/Variations/il2cpp/Managed --include-directory=/project/Library/PackageCache/com.google.ads.mobile@0e7fbe087950/GoogleMobileAds --include-directory=/project/Library/PackageCache/com.unity.collections@84e8eb3fc12e/Unity.Collections.LowLevel.ILSupport --include-directory=/project/Library/PackageCache/com.unity.burst@2f3d916873ea --include-directory=/opt/unity/Editor/Data/MonoBleedingEdge/lib/mono/unityaot-linux --include-directory=/opt/unity/Editor/Data/MonoBleedingEdge/lib/mono/unityaot-linux/Facades --profiler-report --profiler-output-file=/project/Library/Bee/artifacts/unitylinker_xy1a.traceevents --dotnetprofile=unityaot-linux --dotnetruntime=Il2Cpp --platform=Android --use-editor-options --enable-engine-module-stripping --engine-modules-asset-file=/opt/unity/Editor/Data/PlaybackEngines/AndroidPlayer/modules.asset --editor-data-file=/project/Library/Bee/artifacts/UnityLinkerInputs/EditorToUnityLinkerData.json --include-unity-root-assembly=/project/Library/Bee/PlayerScriptAssemblies/PofudukFilo.Runtime.dll --include-unity-root-assembly=/project/Library/Bee/PlayerScriptAssemblies/Unity.InputSystem.dll --print-command-line --enable-analytics
*** Tundra requires additional run (6.58 seconds), 38 items updated, 876 evaluated
*** Additional run caused by: contents change of Library/Bee/artifacts/Android/ManagedStripped
Starting: /opt/unity/Editor/Data/netcorerun/netcorerun "/opt/unity/Editor/Data/PlaybackEngines/AndroidPlayer/AndroidPlayerBuildProgram.exe" "/opt/unity/Editor/Data/PlaybackEngines/AndroidPlayer/Bee:/opt/unity/Editor/Data/Tools/BuildPipeline" "Library/Bee/Playerfd8a7abd.dag.json" "Library/Bee/Playerfd8a7abd-inputdata.json" "Library/Bee/buildprogram1.traceevents"
WorkingDir: /project
ExitCode: 4 Duration: 6s616ms
ExitCode: 0 Duration: 0s669ms
Starting: /opt/unity/Editor/Data/Tools/BuildPipeline/bee_backend --ipc --dagfile="Library/Bee/Playerfd8a7abd.dag" --dagfilejson="Library/Bee/Playerfd8a7abd.dag.json" --profile="Library/Bee/backend3.traceevents" Player
WorkingDir: /project
Finished compiling graph: 1108 nodes, 3068 flattened edges (3063 ToBuild, 5 ToUse), maximum node priority 2147483647
[           0s] Delete 4 artifact files that are no longer in use. (like /project/Library/Bee/Android/Prj/IL2CPP/Il2CppBackup/Managed/icallsummary.txt)
[ 18/917    0s] WriteText Library/Bee/artifacts/csharpactions/GoogleMobileAds.Android-FeaturesChecked.txt_k47t.info
[ 22/917    0s] WriteText Library/Bee/artifacts/csharpactions/GoogleMobileAds.Ump.Android-FeaturesChecked.txt_q9l4.info
[ 30/917    0s] WriteText Library/Bee/artifacts/csharpactions/GoogleMobileAds-FeaturesChecked.txt_jguv.info
[ 36/917    0s] WriteText Library/Bee/artifacts/csharpactions/GoogleMobileAds.Common-FeaturesChecked.txt_khku.info
[ 39/917    0s] WriteText Library/Bee/artifacts/csharpactions/UnityEngine.UnityWebRequestModule-FeaturesChecked.txt_jk15.info
[ 45/917    0s] WriteText Library/Bee/artifacts/csharpactions/GoogleMobileAds.Ump-FeaturesChecked.txt_d0jv.info
[ 46/917    0s] WriteText Library/Bee/artifacts/csharpactions/UnityEngine.ImageConversionModule-FeaturesChecked.txt_cml2.info
[ 53/917    0s] WriteText Library/Bee/artifacts/csharpactions/GoogleMobileAds.Core-FeaturesChecked.txt_wj4w.info
[ 55/917    0s] ExtractUsedFeatures Library/Bee/artifacts/Android/Features/GoogleMobileAds.Core-FeaturesChecked.txt
[ 62/917    0s] ClassRegistrationGenerator /project/Library/Bee/artifacts/Android/il2cppOutput/UnityClassRegistration.cpp
[ 66/917    0s] ExtractUsedFeatures Library/Bee/artifacts/Android/Features/UnityEngine-FeaturesChecked.txt
[ 70/917    0s] ExtractUsedFeatures Library/Bee/artifacts/Android/Features/UnityEngine.CoreModule-FeaturesChecked.txt
[ 71/917    0s] ExtractUsedFeatures Library/Bee/artifacts/Android/Features/GoogleMobileAds.Ump-FeaturesChecked.txt
[ 73/917    0s] ExtractUsedFeatures Library/Bee/artifacts/Android/Features/PofudukFilo.Runtime-FeaturesChecked.txt
[ 78/917    0s] ExtractUsedFeatures Library/Bee/artifacts/Android/Features/UnityEngine.UnityWebRequestModule-FeaturesChecked.txt
[ 80/917    0s] ExtractUsedFeatures Library/Bee/artifacts/Android/Features/GoogleMobileAds.Android-FeaturesChecked.txt
[ 81/917    1s] ICallRegistrationGenerator /project/Library/Bee/artifacts/Android/il2cppOutput/UnityICallRegistration.cpp
[ 82/917    0s] ExtractUsedFeatures Library/Bee/artifacts/Android/Features/Unity.Collections-FeaturesChecked.txt
[ 85/917    0s] ExtractUsedFeatures Library/Bee/artifacts/Android/Features/UnityEngine.UI-FeaturesChecked.txt
[ 91/917    0s] ExtractUsedFeatures Library/Bee/artifacts/Android/Features/System-FeaturesChecked.txt
[ 92/917    0s] ExtractUsedFeatures Library/Bee/artifacts/Android/Features/Unity.InputSystem-FeaturesChecked.txt
[ 94/917    0s] ExtractUsedFeatures Library/Bee/artifacts/Android/Features/Unity.InputSystem.ForUI-FeaturesChecked.txt
[ 99/917    0s] ExtractUsedFeatures Library/Bee/artifacts/Android/Features/UnityEngine.ImageConversionModule-FeaturesChecked.txt
[100/917    0s] ExtractUsedFeatures Library/Bee/artifacts/Android/Features/GoogleMobileAds-FeaturesChecked.txt
[101/917    0s] ExtractUsedFeatures Library/Bee/artifacts/Android/Features/GoogleMobileAds.Common-FeaturesChecked.txt
[102/917    0s] ExtractUsedFeatures Library/Bee/artifacts/Android/Features/mscorlib-FeaturesChecked.txt
[103/917    0s] ExtractUsedFeatures Library/Bee/artifacts/Android/Features/Unity.Mathematics-FeaturesChecked.txt
[104/917    1s] Compile UnityICallRegistration Library/Bee/artifacts/Android/libunity/arm64-v8a/UnityICallRegistration.o
clang++: warning: '-x c++' after last input file has no effect [-Wunused-command-line-argument]
[105/917    0s] ExtractUsedFeatures Library/Bee/artifacts/Android/Features/GoogleMobileAds.Ump.Android-FeaturesChecked.txt
[110/917    0s] WriteText Library/Bee/artifacts/csharpactions/IntermediateLauncherManifestDiag.txt_4oyd.info
[117/917    0s] WriteText Library/Bee/artifacts/csharpactions/unity_app_guid_oqjt.info
[119/917    0s] CopyFiles /project/Library/Bee/Android/Prj/IL2CPP/Gradle/unityLibrary/src/main/assets/bin/Data/globalgamemanagers.assets
[122/917    0s] CopyFiles /project/Library/Bee/Android/Prj/IL2CPP/Il2CppBackup/Managed/GoogleMobileAds.Core.dll
[125/917    0s] CopyFiles /project/Library/Bee/Android/Prj/IL2CPP/Il2CppBackup/Managed/UnityEngine.UI.dll
[133/917    0s] CopyFiles /project/Library/Bee/Android/Prj/IL2CPP/Il2CppBackup/Managed/GoogleMobileAds.Ump.Android.dll
[135/917    0s] CopyFiles /project/Library/Bee/Android/Prj/IL2CPP/Il2CppBackup/Managed/UnityEngine.dll
[143/917    0s] CopyFiles /project/Library/Bee/Android/Prj/IL2CPP/Il2CppBackup/Managed/Unity.InputSystem.dll
[159/917    0s] CopyFiles /project/Library/Bee/Android/Prj/IL2CPP/Il2CppBackup/Managed/GoogleMobileAds.Android.dll
[160/917    0s] CopyFiles /project/Library/Bee/Android/Prj/IL2CPP/Il2CppBackup/Managed/Unity.InputSystem.ForUI.dll
[162/917    0s] CopyFiles /project/Library/Bee/Android/Prj/IL2CPP/Il2CppBackup/Managed/Unity.Collections.pdb
[170/917    0s] CopyFiles /project/Library/Bee/Android/Prj/IL2CPP/Il2CppBackup/Managed/GoogleMobileAds.Ump.dll
[172/917    0s] ExtractUsedFeatures Library/Bee/artifacts/Android/Features/UnityEngine.AudioModule-FeaturesChecked.txt
[173/917    0s] CopyFiles /project/Library/Bee/Android/Prj/IL2CPP/Il2CppBackup/Managed/mscorlib.dll
[174/917    0s] CopyFiles /project/Library/Bee/Android/Prj/IL2CPP/Il2CppBackup/Managed/Unity.InputSystem.pdb
[175/917    0s] CopyFiles /project/Library/Bee/Android/Prj/IL2CPP/Il2CppBackup/Managed/Unity.InputSystem.ForUI.pdb
[177/917    0s] CopyFiles /project/Library/Bee/Android/Prj/IL2CPP/Il2CppBackup/Managed/GoogleMobileAds.dll
[178/917    0s] CopyFiles /project/Library/Bee/Android/Prj/IL2CPP/Il2CppBackup/Managed/PofudukFilo.Runtime.dll
[183/917    0s] CopyFiles /project/Library/Bee/Android/Prj/IL2CPP/Il2CppBackup/Managed/Unity.Mathematics.pdb
[184/917    0s] CopyFiles /project/Library/Bee/Android/Prj/IL2CPP/Gradle/unityLibrary/src/main/assets/bin/Data/sharedassets0.assets.split24
[189/917    0s] CopyFiles /project/Library/Bee/Android/Prj/IL2CPP/Il2CppBackup/Managed/UnityEngine.ImageConversionModule.pdb
[192/917    0s] CopyFiles /project/Library/Bee/Android/Prj/IL2CPP/Il2CppBackup/Managed/UnityEngine.ImageConversionModule.dll
[195/917    0s] CopyFiles /project/Library/Bee/Android/Prj/IL2CPP/Il2CppBackup/Managed/Unity.Mathematics.dll
[196/917    0s] CopyFiles /project/Library/Bee/Android/Prj/IL2CPP/Il2CppBackup/Managed/Unity.Collections.dll
[203/917    0s] CopyFiles /project/Library/Bee/Android/Prj/IL2CPP/Gradle/unityLibrary/src/main/assets/bin/Data/sharedassets0.assets.split15
[204/917    0s] CopyFiles /project/Library/Bee/Android/Prj/IL2CPP/Il2CppBackup/Managed/UnityEngine.CoreModule.pdb
[205/917    0s] CopyFiles /project/Library/Bee/Android/Prj/IL2CPP/Il2CppBackup/Managed/UnityEngine.UI.pdb
[208/917    0s] CopyFiles /project/Library/Bee/Android/Prj/IL2CPP/Il2CppBackup/Managed/UnityEngine.AudioModule.pdb
[210/917    0s] CopyFiles /project/Library/Bee/Android/Prj/IL2CPP/Gradle/unityLibrary/src/main/assets/bin/Data/sharedassets0.assets.split0
[211/917    0s] CopyFiles /project/Library/Bee/Android/Prj/IL2CPP/Gradle/unityLibrary/src/main/assets/bin/Data/sharedassets0.assets.split21
[212/917    0s] CopyFiles /project/Library/Bee/Android/Prj/IL2CPP/Il2CppBackup/Managed/UnityLinkerToEditorData.json
[214/917    0s] CopyFiles /project/Library/Bee/Android/Prj/IL2CPP/Il2CppBackup/Managed/UnityEngine.pdb
[218/917    0s] CopyFiles /project/Library/Bee/Android/Prj/IL2CPP/Il2CppBackup/Managed/GoogleMobileAds.Common.dll
[219/917    0s] CopyFiles /project/Library/Bee/Android/Prj/IL2CPP/Gradle/unityLibrary/src/main/assets/bin/Data/sharedassets0.assets.split26
[220/917    0s] CopyFiles /project/Library/Bee/Android/Prj/IL2CPP/Gradle/unityLibrary/src/main/assets/bin/Data/sharedassets0.assets.split12
[221/917    0s] CopyFiles /project/Library/Bee/Android/Prj/IL2CPP/Gradle/unityLibrary/src/main/assets/bin/Data/sharedassets0.assets.split20
[222/917    0s] CopyFiles /project/Library/Bee/Android/Prj/IL2CPP/Il2CppBackup/Managed/UnityEngine.UnityWebRequestModule.dll
[224/917    0s] CopyFiles /project/Library/Bee/Android/Prj/IL2CPP/Gradle/unityLibrary/src/main/assets/bin/Data/sharedassets0.assets.split16
[225/917    0s] CopyFiles /project/Library/Bee/Android/Prj/IL2CPP/Il2CppBackup/Managed/System.dll
[226/917    0s] CopyFiles /project/Library/Bee/Android/Prj/IL2CPP/Gradle/unityLibrary/src/main/assets/bin/Data/sharedassets0.assets.split29
[227/917    0s] CopyFiles /project/Library/Bee/Android/Prj/IL2CPP/Il2CppBackup/Managed/UnityEngine.UnityWebRequestModule.pdb
[234/917    0s] CopyFiles /project/Library/Bee/Android/Prj/IL2CPP/Gradle/unityLibrary/src/main/assets/bin/Data/sharedassets0.assets.split3
[239/917    0s] CopyFiles /project/Library/Bee/Android/Prj/IL2CPP/Gradle/unityLibrary/src/main/assets/bin/Data/sharedassets0.assets.split7
[240/917    0s] CopyFiles /project/Library/Bee/Android/Prj/IL2CPP/Gradle/unityLibrary/src/main/assets/bin/Data/sharedassets0.assets.split28
[241/917    0s] CopyFiles /project/Library/Bee/Android/Prj/IL2CPP/Il2CppBackup/Managed/UnityEngine.AudioModule.dll
[242/917    0s] CopyFiles /project/Library/Bee/Android/Prj/IL2CPP/Gradle/unityLibrary/src/main/assets/bin/Data/sharedassets0.assets.split6
[243/917    0s] CopyFiles /project/Library/Bee/Android/Prj/IL2CPP/Gradle/unityLibrary/src/main/assets/bin/Data/sharedassets0.assets.split2
[244/917    0s] CopyFiles /project/Library/Bee/Android/Prj/IL2CPP/Gradle/unityLibrary/src/main/assets/bin/Data/sharedassets0.assets.split9
[245/917    0s] CopyFiles /project/Library/Bee/Android/Prj/IL2CPP/Gradle/unityLibrary/src/main/assets/bin/Data/sharedassets0.assets.split4
[246/917    0s] CopyFiles /project/Library/Bee/Android/Prj/IL2CPP/Il2CppBackup/Managed/UnityEngine.CoreModule.dll
[247/917    0s] CopyFiles /project/Library/Bee/Android/Prj/IL2CPP/Gradle/unityLibrary/src/main/assets/bin/Data/sharedassets0.assets.split22
[249/917    0s] CopyFiles /project/Library/Bee/Android/Prj/IL2CPP/Gradle/unityLibrary/src/main/assets/bin/Data/sharedassets0.assets.split11
[250/917    0s] CopyFiles /project/Library/Bee/Android/Prj/IL2CPP/Gradle/unityLibrary/src/main/assets/bin/Data/sharedassets0.assets.split18
[251/917    0s] CopyFiles /project/Library/Bee/Android/Prj/IL2CPP/Il2CppBackup/Managed/analytics.json
[252/917    0s] CopyFiles /project/Library/Bee/Android/Prj/IL2CPP/Gradle/unityLibrary/src/main/assets/bin/Data/sharedassets0.assets.split5
[253/917    0s] CopyFiles /project/Library/Bee/Android/Prj/IL2CPP/Gradle/unityLibrary/src/main/assets/bin/Data/sharedassets0.assets.split14
[254/917    0s] CopyFiles /project/Library/Bee/Android/Prj/IL2CPP/Gradle/unityLibrary/src/main/assets/bin/Data/sharedassets0.assets.split10
[255/917    0s] CopyFiles /project/Library/Bee/Android/Prj/IL2CPP/Gradle/unityLibrary/src/main/assets/bin/Data/sharedassets0.assets.split27
[256/917    0s] CopyFiles /project/Library/Bee/Android/Prj/IL2CPP/Gradle/unityLibrary/src/main/assets/bin/Data/sharedassets0.assets.split23
[257/917    0s] CopyFiles /project/Library/Bee/Android/Prj/IL2CPP/Gradle/unityLibrary/src/main/assets/bin/Data/sharedassets0.assets.split17
[259/917    0s] CopyFiles /project/Library/Bee/Android/Prj/IL2CPP/Gradle/unityLibrary/src/main/assets/bin/Data/sharedassets0.assets.split13
[260/917    0s] CopyFiles /project/Library/Bee/Android/Prj/IL2CPP/Gradle/unityLibrary/src/main/assets/bin/Data/sharedassets0.assets.split19
[261/917    0s] CopyFiles /project/Library/Bee/Android/Prj/IL2CPP/Gradle/unityLibrary/src/main/assets/bin/Data/sharedassets0.assets.split1
[271/917    0s] CopyFiles /project/Library/Bee/Android/Prj/IL2CPP/Il2CppBackup/Managed/PofudukFilo.Runtime.pdb
[272/917    0s] CopyFiles /project/Library/Bee/Android/Prj/IL2CPP/Gradle/unityLibrary/src/main/assets/bin/Data/sharedassets0.assets.split25
[273/917    0s] CopyFiles /project/Library/Bee/Android/Prj/IL2CPP/Gradle/unityLibrary/src/main/assets/bin/Data/sharedassets0.assets.split8
[274/917    2s] Link libunity Library/Bee/artifacts/Android/libunity/arm64-v8a/unstripped/libunity.so
[275/917    0s] Stripping Library/Bee/artifacts/Android/libunity/arm64-v8a/unstripped/libunity.so -> Library/Bee/artifacts/Android/libunity/arm64-v8a/stripped/libunity.so Library/Bee/artifacts/Android/libunity/arm64-v8a/stripped/libunity.so
[276/917    0s] Generate Library/Bee/artifacts/Android/libunity/arm64-v8a/libunity.dbg.so from Library/Bee/artifacts/Android/libunity/arm64-v8a/unstripped/libunity.so Library/Bee/artifacts/Android/libunity/arm64-v8a/libunity.dbg.so
[277/917    0s] Generate Library/Bee/artifacts/Android/libunity/arm64-v8a/libunity.sym.so from Library/Bee/artifacts/Android/libunity/arm64-v8a/libunity.dbg.so Library/Bee/artifacts/Android/libunity/arm64-v8a/libunity.sym.so
[278/917    0s] Adding note Library/Bee/artifacts/Android/libunity/arm64-v8a/stripped/libunity.so -> /project/Library/Bee/Android/Prj/IL2CPP/Gradle/unityLibrary/src/main/jniLibs/arm64-v8a/libunity.so /project/Library/Bee/Android/Prj/IL2CPP/Gradle/unityLibrary/src/main/jniLibs/arm64-v8a/libunity.so
[BUSY      12s] IL2CPP_CodeGen /project/Library/Bee/artifacts/il2cpp_conv_vc0r.traceevents
[W] opendir() failed: /project/Library/Bee/artifacts/Android/il2cppOutput/cpp/Symbols
[279/917   14s] IL2CPP_CodeGen /project/Library/Bee/artifacts/il2cpp_conv_vc0r.traceevents
/opt/unity/Editor/Data/il2cpp/build/deploy/il2cpp --convert-to-cpp --assembly=Library/Bee/artifacts/Android/ManagedStripped/GoogleMobileAds.Android.dll --assembly=Library/Bee/artifacts/Android/ManagedStripped/GoogleMobileAds.Common.dll --assembly=Library/Bee/artifacts/Android/ManagedStripped/GoogleMobileAds.Core.dll --assembly=Library/Bee/artifacts/Android/ManagedStripped/GoogleMobileAds.Ump.Android.dll --assembly=Library/Bee/artifacts/Android/ManagedStripped/GoogleMobileAds.Ump.dll --assembly=Library/Bee/artifacts/Android/ManagedStripped/GoogleMobileAds.dll --assembly=Library/Bee/artifacts/Android/ManagedStripped/Mono.Security.dll --assembly=Library/Bee/artifacts/Android/ManagedStripped/PofudukFilo.Runtime.dll --assembly=Library/Bee/artifacts/Android/ManagedStripped/System.Configuration.dll --assembly=Library/Bee/artifacts/Android/ManagedStripped/System.Core.dll --assembly=Library/Bee/artifacts/Android/ManagedStripped/System.Xml.dll --assembly=Library/Bee/artifacts/Android/ManagedStripped/System.dll --assembly=Library/Bee/artifacts/Android/ManagedStripped/Unity.Burst.Unsafe.dll --assembly=Library/Bee/artifacts/Android/ManagedStripped/Unity.Burst.dll --assembly=Library/Bee/artifacts/Android/ManagedStripped/Unity.Collections.LowLevel.ILSupport.dll --assembly=Library/Bee/artifacts/Android/ManagedStripped/Unity.Collections.dll --assembly=Library/Bee/artifacts/Android/ManagedStripped/Unity.InputSystem.ForUI.dll --assembly=Library/Bee/artifacts/Android/ManagedStripped/Unity.InputSystem.dll --assembly=Library/Bee/artifacts/Android/ManagedStripped/Unity.Mathematics.dll --assembly=Library/Bee/artifacts/Android/ManagedStripped/UnityEngine.AIModule.dll --assembly=Library/Bee/artifacts/Android/ManagedStripped/UnityEngine.AndroidJNIModule.dll --assembly=Library/Bee/artifacts/Android/ManagedStripped/UnityEngine.AnimationModule.dll --assembly=Library/Bee/artifacts/Android/ManagedStripped/UnityEngine.AudioModule.dll --assembly=Library/Bee/artifacts/Android/ManagedStripped/UnityEngine.CoreModule.dll --assembly=Library/Bee/artifacts/Android/ManagedStripped/UnityEngine.HierarchyCoreModule.dll --assembly=Library/Bee/artifacts/Android/ManagedStripped/UnityEngine.IMGUIModule.dll --assembly=Library/Bee/artifacts/Android/ManagedStripped/UnityEngine.ImageConversionModule.dll --assembly=Library/Bee/artifacts/Android/ManagedStripped/UnityEngine.InputForUIModule.dll --assembly=Library/Bee/artifacts/Android/ManagedStripped/UnityEngine.InputLegacyModule.dll --assembly=Library/Bee/artifacts/Android/ManagedStripped/UnityEngine.InputModule.dll --assembly=Library/Bee/artifacts/Android/ManagedStripped/UnityEngine.JSONSerializeModule.dll --assembly=Library/Bee/artifacts/Android/ManagedStripped/UnityEngine.MultiplayerModule.dll --assembly=Library/Bee/artifacts/Android/ManagedStripped/UnityEngine.ParticleSystemModule.dll --assembly=Library/Bee/artifacts/Android/ManagedStripped/UnityEngine.Physics2DModule.dll --assembly=Library/Bee/artifacts/Android/ManagedStripped/UnityEngine.PhysicsModule.dll --assembly=Library/Bee/artifacts/Android/ManagedStripped/UnityEngine.PropertiesModule.dll --assembly=Library/Bee/artifacts/Android/ManagedStripped/UnityEngine.ScreenCaptureModule.dll --assembly=Library/Bee/artifacts/Android/ManagedStripped/UnityEngine.SharedInternalsModule.dll --assembly=Library/Bee/artifacts/Android/ManagedStripped/UnityEngine.SpriteShapeModule.dll --assembly=Library/Bee/artifacts/Android/ManagedStripped/UnityEngine.TextCoreFontEngineModule.dll --assembly=Library/Bee/artifacts/Android/ManagedStripped/UnityEngine.TextCoreTextEngineModule.dll --assembly=Library/Bee/artifacts/Android/ManagedStripped/UnityEngine.TextRenderingModule.dll --assembly=Library/Bee/artifacts/Android/ManagedStripped/UnityEngine.UI.dll --assembly=Library/Bee/artifacts/Android/ManagedStripped/UnityEngine.UIElementsModule.dll --assembly=Library/Bee/artifacts/Android/ManagedStripped/UnityEngine.UIModule.dll --assembly=Library/Bee/artifacts/Android/ManagedStripped/UnityEngine.UnityWebRequestModule.dll --assembly=Library/Bee/artifacts/Android/ManagedStripped/UnityEngine.dll --assembly=Library/Bee/artifacts/Android/ManagedStripped/mscorlib.dll --generatedcppdir=/project/Library/Bee/artifacts/Android/il2cppOutput/cpp --symbols-folder=/project/Library/Bee/artifacts/Android/il2cppOutput/cpp/Symbols --enable-analytics --emit-null-checks --enable-array-bounds-check --dotnetprofile=unityaot-linux --usymtool-path=/opt/unity/Editor/Data/Tools/usymtool --profiler-report --profiler-output-file=/project/Library/Bee/artifacts/il2cpp_conv_vc0r.traceevents --print-command-line --static-lib-il2-cpp --data-folder=/project/Library/Bee/artifacts/Android/il2cppOutput/data
*** Tundra requires additional run (14.84 seconds), 101 items updated, 917 evaluated
*** Additional run caused by: contents change of /project/Library/Bee/artifacts/Android/il2cppOutput/cpp
Starting: /opt/unity/Editor/Data/netcorerun/netcorerun "/opt/unity/Editor/Data/PlaybackEngines/AndroidPlayer/AndroidPlayerBuildProgram.exe" "/opt/unity/Editor/Data/PlaybackEngines/AndroidPlayer/Bee:/opt/unity/Editor/Data/Tools/BuildPipeline" "Library/Bee/Playerfd8a7abd.dag.json" "Library/Bee/Playerfd8a7abd-inputdata.json" "Library/Bee/buildprogram2.traceevents"
WorkingDir: /project
ExitCode: 4 Duration: 14s
ExitCode: 0 Duration: 0s836ms
Starting: /opt/unity/Editor/Data/Tools/BuildPipeline/bee_backend --ipc --dagfile="Library/Bee/Playerfd8a7abd.dag" --dagfilejson="Library/Bee/Playerfd8a7abd.dag.json" --profile="Library/Bee/backend4.traceevents" Player
WorkingDir: /project
Finished compiling graph: 1153 nodes, 3203 flattened edges (3198 ToBuild, 5 ToUse), maximum node priority 2147483647
[264/962    0s] CopyFiles /project/Library/Bee/Android/Prj/IL2CPP/Il2CppBackup/Managed/icallsummary.txt
[282/962    0s] Generate Manifests Library/Bee/artifacts/Android/Manifest/IntermediateLauncherManifestDiag.txt (+3 others)
[283/962    0s] C_Android_arm64 Library/Bee/artifacts/Android/d8kzr/lkp2ep58f0es.o
[BUSY       6s] C_Android_arm64 Library/Bee/artifacts/Android/d8kzr/dn83rrnvn14b.o
/project/Library/PackageCache/com.unity.burst@2f3d916873ea/.Runtime/bcl.exe exited after 6511 ms.
stdout:
Starting 1 library requests
Done
stderr:

[284/962    6s] GenerateNativePluginsForAssemblies Library/Bee/artifacts/Android/AsyncPluginsFromLinker
[286/962    6s] C_Android_arm64 Library/Bee/artifacts/Android/d8kzr/zptlm6eszhaa.o
[287/962    6s] C_Android_arm64 Library/Bee/artifacts/Android/d8kzr/dn83rrnvn14b.o
[288/962    6s] C_Android_arm64 Library/Bee/artifacts/Android/d8kzr/pibc3qdtep52.o
[289/962    0s] C_Android_arm64 Library/Bee/artifacts/Android/d8kzr/tv5k1k73j0zx.o
[290/962    4s] C_Android_arm64 Library/Bee/artifacts/Android/d8kzr/s74fci9xkdts.o
[293/962    0s] C_Android_arm64 Library/Bee/artifacts/Android/d8kzr/sr7kzn03aa5h.o
[295/962    4s] C_Android_arm64 Library/Bee/artifacts/Android/d8kzr/lbz6786yrpsy.o
[296/962    5s] C_Android_arm64 Library/Bee/artifacts/Android/d8kzr/7iyo6wlhmg3a.o
[298/962    7s] C_Android_arm64 Library/Bee/artifacts/Android/d8kzr/m4layyqwq1we.o
[300/962    3s] C_Android_arm64 Library/Bee/artifacts/Android/d8kzr/2yrzwi5d83o6.o
[301/962    5s] C_Android_arm64 Library/Bee/artifacts/Android/d8kzr/ksd18pj37t0p.o
[302/962    2s] C_Android_arm64 Library/Bee/artifacts/Android/d8kzr/lo49rj6qfwa3.o
[303/962    0s] C_Android_arm64 Library/Bee/artifacts/Android/d8kzr/klonxcosrkmw.o
[304/962    3s] C_Android_arm64 Library/Bee/artifacts/Android/d8kzr/j28qhpmb5b0q.o
[307/962    0s] C_Android_arm64 Library/Bee/artifacts/Android/d8kzr/i9hcl2a96v5l.o
[309/962    6s] C_Android_arm64 Library/Bee/artifacts/Android/d8kzr/6q2unilwud4h.o
[310/962    0s] C_Android_arm64 Library/Bee/artifacts/Android/d8kzr/gx4w7nxo34ry.o
[312/962    1s] C_Android_arm64 Library/Bee/artifacts/Android/d8kzr/h1emwlbgvb6e.o
[314/962    4s] C_Android_arm64 Library/Bee/artifacts/Android/d8kzr/tpiin0ge7tdr.o
[317/962    3s] C_Android_arm64 Library/Bee/artifacts/Android/d8kzr/q5zjxnv4eq48.o
[318/962    3s] C_Android_arm64 Library/Bee/artifacts/Android/d8kzr/bl37cx91hegs.o
[321/962    0s] C_Android_arm64 Library/Bee/artifacts/Android/d8kzr/5nynr5vndsyx.o
[322/962    0s] C_Android_arm64 Library/Bee/artifacts/Android/d8kzr/3v5xyb560bt7.o
[323/962    0s] C_Android_arm64 Library/Bee/artifacts/Android/d8kzr/g5efrsbceqq8.o
[324/962    3s] C_Android_arm64 Library/Bee/artifacts/Android/d8kzr/6ske24nl9ves.o
[326/962    7s] C_Android_arm64 Library/Bee/artifacts/Android/d8kzr/sm2s675yp35r.o
[328/962    0s] C_Android_arm64 Library/Bee/artifacts/Android/d8kzr/d6ztb1s9b859.o
[329/962    6s] C_Android_arm64 Library/Bee/artifacts/Android/d8kzr/h7z22co108j5.o
[331/962    0s] C_Android_arm64 Library/Bee/artifacts/Android/d8kzr/f3n9i6sef4dt.o
[332/962    4s] C_Android_arm64 Library/Bee/artifacts/Android/d8kzr/8qi5qc2fqikq.o
[334/962    0s] C_Android_arm64 Library/Bee/artifacts/Android/d8kzr/2cuw3u3uob5k.o
[335/962    6s] C_Android_arm64 Library/Bee/artifacts/Android/d8kzr/vjcy2nt5tir6.o
[336/962    5s] C_Android_arm64 Library/Bee/artifacts/Android/d8kzr/ctnoxcq0lgx7.o
[337/962    3s] C_Android_arm64 Library/Bee/artifacts/Android/d8kzr/jgc65oz0vrlj.o
[338/962    0s] C_Android_arm64 Library/Bee/artifacts/Android/d8kzr/5zq3dz58ck2u.o
[340/962    2s] C_Android_arm64 Library/Bee/artifacts/Android/d8kzr/ace6spy6scd0.o
[341/962    4s] C_Android_arm64 Library/Bee/artifacts/Android/d8kzr/6k8kj4xelw5g.o
[342/962    7s] C_Android_arm64 Library/Bee/artifacts/Android/d8kzr/rrnf62os976g.o
[345/962    3s] C_Android_arm64 Library/Bee/artifacts/Android/d8kzr/zc5ejbzu1b0l.o
[346/962    0s] C_Android_arm64 Library/Bee/artifacts/Android/d8kzr/ecg376m5qjcj.o
[348/962    3s] C_Android_arm64 Library/Bee/artifacts/Android/d8kzr/5lr7o0qzc32z.o
[349/962    3s] C_Android_arm64 Library/Bee/artifacts/Android/d8kzr/td7cibn79wzx.o
[350/962    4s] C_Android_arm64 Library/Bee/artifacts/Android/d8kzr/dekazg0b9ous.o
[353/962    0s] C_Android_arm64 Library/Bee/artifacts/Android/d8kzr/ukjfcas5zaqj.o
[354/962    3s] C_Android_arm64 Library/Bee/artifacts/Android/d8kzr/esjrq9hs5b6t.o
[355/962    4s] C_Android_arm64 Library/Bee/artifacts/Android/d8kzr/7ymb8x1uyflx.o
[356/962    3s] C_Android_arm64 Library/Bee/artifacts/Android/d8kzr/z17ez5u7ffnr.o
[357/962    4s] C_Android_arm64 Library/Bee/artifacts/Android/d8kzr/seqzn7fs13wg.o
[358/962    3s] C_Android_arm64 Library/Bee/artifacts/Android/d8kzr/5k0xhp7m5txc.o
[359/962    5s] C_Android_arm64 Library/Bee/artifacts/Android/d8kzr/t6lt6lgdt6v9.o
[360/962    0s] C_Android_arm64 Library/Bee/artifacts/Android/d8kzr/3mr3vpyc0szd.o
[361/962    3s] C_Android_arm64 Library/Bee/artifacts/Android/d8kzr/khb3ef94i3ya.o
[363/962    0s] C_Android_arm64 Library/Bee/artifacts/Android/d8kzr/9m9v64yld6bx.o
[364/962    0s] C_Android_arm64 Library/Bee/artifacts/Android/d8kzr/h1v7wjmy0kwt.o
[366/962    4s] C_Android_arm64 Library/Bee/artifacts/Android/d8kzr/rk2vudiysh3s.o
[368/962    0s] C_Android_arm64 Library/Bee/artifacts/Android/d8kzr/uvd5jnpw3gdt.o
[369/962    4s] C_Android_arm64 Library/Bee/artifacts/Android/d8kzr/64y7e430ptr9.o
[371/962    3s] C_Android_arm64 Library/Bee/artifacts/Android/d8kzr/jaiw1acjmani.o
[372/962    5s] C_Android_arm64 Library/Bee/artifacts/Android/d8kzr/jurumhq2ef5n.o
[375/962    5s] C_Android_arm64 Library/Bee/artifacts/Android/d8kzr/z94yk5yenisn.o
[376/962    5s] C_Android_arm64 Library/Bee/artifacts/Android/d8kzr/yswo7evw430o.o
[377/962    2s] C_Android_arm64 Library/Bee/artifacts/Android/d8kzr/nco9npx4mdl1.o
[378/962    3s] C_Android_arm64 Library/Bee/artifacts/Android/d8kzr/k6nj9qc29erg.o
[379/962    0s] C_Android_arm64 Library/Bee/artifacts/Android/d8kzr/s3bgjzqg9qtw.o
[381/962    4s] C_Android_arm64 Library/Bee/artifacts/Android/d8kzr/5rlhteehmk10.o
[382/962    3s] C_Android_arm64 Library/Bee/artifacts/Android/d8kzr/0s9a3yp7g8h9.o
[383/962    3s] C_Android_arm64 Library/Bee/artifacts/Android/d8kzr/djn0e8ghl48l.o
[384/962    4s] C_Android_arm64 Library/Bee/artifacts/Android/d8kzr/0egmjntb5st5.o
[387/962    5s] C_Android_arm64 Library/Bee/artifacts/Android/d8kzr/kcitd5zjjwph.o
[388/962    0s] C_Android_arm64 Library/Bee/artifacts/Android/d8kzr/21oonzme1b8w.o
[390/962    4s] C_Android_arm64 Library/Bee/artifacts/Android/d8kzr/5weruon2lrau.o
[392/962    0s] C_Android_arm64 Library/Bee/artifacts/Android/d8kzr/zmkctfjj71lv.o
[393/962    4s] C_Android_arm64 Library/Bee/artifacts/Android/d8kzr/lw1tdjaymzfz.o
[397/962    0s] C_Android_arm64 Library/Bee/artifacts/Android/d8kzr/ueffcqc3ef15.o
[399/962    5s] C_Android_arm64 Library/Bee/artifacts/Android/d8kzr/dphajm4yul7m.o
[400/962    0s] C_Android_arm64 Library/Bee/artifacts/Android/d8kzr/j57tsocpp2gg.o
[401/962    0s] C_Android_arm64 Library/Bee/artifacts/Android/d8kzr/cnbgmn86tmq6.o
[404/962    6s] C_Android_arm64 Library/Bee/artifacts/Android/d8kzr/magk2cee0ivf.o
[405/962    1s] C_Android_arm64 Library/Bee/artifacts/Android/d8kzr/kgkt73psbutn.o
[406/962    4s] C_Android_arm64 Library/Bee/artifacts/Android/d8kzr/zgqiwu5838vb.o
[407/962    5s] C_Android_arm64 Library/Bee/artifacts/Android/d8kzr/emphmvuawu7s.o
[409/962    3s] C_Android_arm64 Library/Bee/artifacts/Android/d8kzr/07zhbo54rcpm.o
[410/962    4s] C_Android_arm64 Library/Bee/artifacts/Android/d8kzr/zhhs35olbi1y.o
[411/962    5s] C_Android_arm64 Library/Bee/artifacts/Android/d8kzr/0kpv3qft5dh1.o
[416/962    0s] C_Android_arm64 Library/Bee/artifacts/Android/d8kzr/mboqmdc6k7y0.o
[417/962    5s] C_Android_arm64 Library/Bee/artifacts/Android/d8kzr/rqw5yr5f2y1t.o
[418/962    3s] C_Android_arm64 Library/Bee/artifacts/Android/d8kzr/ln35qxj2u005.o
[419/962    3s] C_Android_arm64 Library/Bee/artifacts/Android/d8kzr/jwehdbztvu1p.o
[424/962    3s] C_Android_arm64 Library/Bee/artifacts/Android/d8kzr/zzf1q8o6na86.o
[425/962    1s] C_Android_arm64 Library/Bee/artifacts/Android/d8kzr/oevb4dek2x79.o
[428/962    4s] C_Android_arm64 Library/Bee/artifacts/Android/d8kzr/oarvibxuanon.o
[431/962    3s] C_Android_arm64 Library/Bee/artifacts/Android/d8kzr/reicmsp0l1oc.o
[432/962    5s] C_Android_arm64 Library/Bee/artifacts/Android/d8kzr/k5w91ftp25lt.o
[433/962    4s] C_Android_arm64 Library/Bee/artifacts/Android/d8kzr/zfz8ojmwwzqo.o
[434/962    3s] C_Android_arm64 Library/Bee/artifacts/Android/d8kzr/s5mwxv685uii.o
[435/962    3s] C_Android_arm64 Library/Bee/artifacts/Android/d8kzr/wup9rknw94iq.o
[438/962    5s] C_Android_arm64 Library/Bee/artifacts/Android/d8kzr/yh941qytvftu.o
[439/962    4s] C_Android_arm64 Library/Bee/artifacts/Android/d8kzr/l0xht5z1bwh5.o
[440/962    4s] C_Android_arm64 Library/Bee/artifacts/Android/d8kzr/e2d4nwao8tpf.o
[442/962    0s] C_Android_arm64 Library/Bee/artifacts/Android/d8kzr/234hv1lii6xp.o
[443/962    4s] C_Android_arm64 Library/Bee/artifacts/Android/d8kzr/rf9lt38ctauz.o
[444/962    3s] C_Android_arm64 Library/Bee/artifacts/Android/d8kzr/zqkvthy46qfx.o
[445/962    0s] C_Android_arm64 Library/Bee/artifacts/Android/d8kzr/u8bsaf7nga69.o
[446/962    3s] C_Android_arm64 Library/Bee/artifacts/Android/d8kzr/s6d646pld4n5.o
[449/962    6s] C_Android_arm64 Library/Bee/artifacts/Android/d8kzr/c6zte1jd5mdd.o
[450/962    5s] C_Android_arm64 Library/Bee/artifacts/Android/d8kzr/mb7t9nxq7r02.o
[451/962    2s] C_Android_arm64 Library/Bee/artifacts/Android/d8kzr/8zwn1sghftso.o
[452/962    5s] C_Android_arm64 Library/Bee/artifacts/Android/d8kzr/a489mef8qufn.o
[453/962    4s] C_Android_arm64 Library/Bee/artifacts/Android/d8kzr/6jhbcte2dn0t.o
[454/962    0s] C_Android_arm64 Library/Bee/artifacts/Android/d8kzr/4gfydjwtiid6.o
[456/962    5s] C_Android_arm64 Library/Bee/artifacts/Android/d8kzr/zi81ah8xir6l.o
[458/962    3s] C_Android_arm64 Library/Bee/artifacts/Android/d8kzr/4hcfxy087zba.o
[459/962    2s] C_Android_arm64 Library/Bee/artifacts/Android/d8kzr/rjbmn2yll8x5.o
[460/962    0s] C_Android_arm64 Library/Bee/artifacts/Android/d8kzr/smwr15ly56xu.o
[461/962    2s] C_Android_arm64 Library/Bee/artifacts/Android/d8kzr/10trne65kazo.o
[462/962    2s] C_Android_arm64 Library/Bee/artifacts/Android/d8kzr/6f158eezekto.o
[464/962    4s] C_Android_arm64 Library/Bee/artifacts/Android/d8kzr/6athjirizaqa.o
[466/962    1s] C_Android_arm64 Library/Bee/artifacts/Android/d8kzr/uvkgqsgete12.o
[467/962    1s] C_Android_arm64 Library/Bee/artifacts/Android/d8kzr/637x7skoikmm.o
[471/962    5s] C_Android_arm64 Library/Bee/artifacts/Android/d8kzr/e34dv7t0f3u2.o
[472/962    0s] C_Android_arm64 Library/Bee/artifacts/Android/d8kzr/dxs5dreohxvn.o
[473/962    0s] C_Android_arm64 Library/Bee/artifacts/Android/d8kzr/g2kxx4owug1u.o
[475/962    4s] C_Android_arm64 Library/Bee/artifacts/Android/d8kzr/sg8i2tihgm7q.o
[476/962    2s] C_Android_arm64 Library/Bee/artifacts/Android/d8kzr/z0g5rubv85h4.o
[478/962    0s] C_Android_arm64 Library/Bee/artifacts/Android/d8kzr/smf39tb47ax4.o
[480/962    0s] C_Android_arm64 Library/Bee/artifacts/Android/d8kzr/xh4emfyn177e.o
[481/962    4s] C_Android_arm64 Library/Bee/artifacts/Android/d8kzr/dvkxasd2b1dn.o
[482/962    8s] C_Android_arm64 Library/Bee/artifacts/Android/d8kzr/0hpf5kfdrk92.o
[485/962    4s] C_Android_arm64 Library/Bee/artifacts/Android/d8kzr/1jsgorkampmy.o
[486/962    0s] C_Android_arm64 Library/Bee/artifacts/Android/d8kzr/wf3mh3vwcmm3.o
[490/962    3s] C_Android_arm64 Library/Bee/artifacts/Android/d8kzr/0gy5x9v0jb4f.o
[491/962    4s] C_Android_arm64 Library/Bee/artifacts/Android/d8kzr/zo2bfvvfs84m.o
[492/962    0s] C_Android_arm64 Library/Bee/artifacts/Android/d8kzr/7enm91ekeeuq.o
[494/962    1s] C_Android_arm64 Library/Bee/artifacts/Android/d8kzr/9w4v9djzh0vq.o
[495/962    5s] C_Android_arm64 Library/Bee/artifacts/Android/d8kzr/aye0i0rqhdhm.o
[496/962    0s] C_Android_arm64 Library/Bee/artifacts/Android/d8kzr/9uyylah7wmpd.o
[497/962    4s] C_Android_arm64 Library/Bee/artifacts/Android/d8kzr/kxkgjf3ie6ci.o
[498/962    0s] C_Android_arm64 Library/Bee/artifacts/Android/d8kzr/59ya3p7d4chb.o
[499/962    2s] C_Android_arm64 Library/Bee/artifacts/Android/d8kzr/0sjsnc0fx7qu.o
[500/962    4s] C_Android_arm64 Library/Bee/artifacts/Android/d8kzr/dutn3gup4r8z.o
[502/962    5s] C_Android_arm64 Library/Bee/artifacts/Android/d8kzr/7jpyd84ttp8x.o
[503/962    4s] C_Android_arm64 Library/Bee/artifacts/Android/d8kzr/kowmq4fzzt2y.o
[504/962    4s] C_Android_arm64 Library/Bee/artifacts/Android/d8kzr/5pwvheh7b2sp.o
[505/962    1s] C_Android_arm64 Library/Bee/artifacts/Android/d8kzr/97g4l8wfjv93.o
[506/962    6s] C_Android_arm64 Library/Bee/artifacts/Android/d8kzr/wrwen393xk8l.o
[507/962    6s] C_Android_arm64 Library/Bee/artifacts/Android/d8kzr/yue8l1xljmbz.o
[508/962    3s] C_Android_arm64 Library/Bee/artifacts/Android/d8kzr/6bkrqtav6jvx.o
[509/962    1s] C_Android_arm64 Library/Bee/artifacts/Android/d8kzr/hxq8nlpxlnt1.o
[510/962    3s] C_Android_arm64 Library/Bee/artifacts/Android/d8kzr/ekcdbza9kmwn.o
[511/962    2s] C_Android_arm64 Library/Bee/artifacts/Android/d8kzr/eta1xk14clbh.o
[512/962    6s] C_Android_arm64 Library/Bee/artifacts/Android/d8kzr/c7q3lc3pcwi0.o
[514/962    5s] C_Android_arm64 Library/Bee/artifacts/Android/d8kzr/6z5xduufqmig.o
[515/962    6s] C_Android_arm64 Library/Bee/artifacts/Android/d8kzr/3un721ix7yc4.o
[516/962    1s] C_Android_arm64 Library/Bee/artifacts/Android/d8kzr/zk4g2xfm5ftl.o
[517/962    4s] C_Android_arm64 Library/Bee/artifacts/Android/d8kzr/syt4bshvo48a.o
[518/962    3s] C_Android_arm64 Library/Bee/artifacts/Android/d8kzr/yi0e91h62oyh.o
[519/962    0s] C_Android_arm64 Library/Bee/artifacts/Android/d8kzr/e2j4ahq3hvdt.o
[521/962    0s] C_Android_arm64 Library/Bee/artifacts/Android/d8kzr/pplqrfxql8c8.o
[522/962    0s] C_Android_arm64 Library/Bee/artifacts/Android/d8kzr/tr6k0e9ekeoh.o
[524/962    5s] C_Android_arm64 Library/Bee/artifacts/Android/d8kzr/m3u0qn7jjsrr.o
[525/962    0s] C_Android_arm64 Library/Bee/artifacts/Android/d8kzr/joh85y4fmdg1.o
[526/962    0s] C_Android_arm64 Library/Bee/artifacts/Android/d8kzr/8j66adit0i0x.o
[527/962    4s] C_Android_arm64 Library/Bee/artifacts/Android/d8kzr/eu1a5vkhkug4.o
[529/962    3s] C_Android_arm64 Library/Bee/artifacts/Android/d8kzr/d3wqts38z0my.o
[531/962    0s] C_Android_arm64 Library/Bee/artifacts/Android/d8kzr/rc5v5nqcxskk.o
[534/962    4s] C_Android_arm64 Library/Bee/artifacts/Android/d8kzr/9motra95081e.o
[535/962    0s] C_Android_arm64 Library/Bee/artifacts/Android/d8kzr/p66i5xrud5f3.o
[536/962    0s] C_Android_arm64 Library/Bee/artifacts/Android/d8kzr/raagpnv0g772.o
[537/962    4s] C_Android_arm64 Library/Bee/artifacts/Android/d8kzr/lvak67qlfqac.o
[538/962    6s] C_Android_arm64 Library/Bee/artifacts/Android/d8kzr/r7wsa3i64alo.o
[539/962    0s] C_Android_arm64 Library/Bee/artifacts/Android/d8kzr/urav4kdwtqob.o
[542/962    3s] C_Android_arm64 Library/Bee/artifacts/Android/d8kzr/7qaipxboagcm.o
[544/962    4s] C_Android_arm64 Library/Bee/artifacts/Android/d8kzr/f037apyq9dn9.o
[545/962    0s] C_Android_arm64 Library/Bee/artifacts/Android/d8kzr/wifetezyf3ga.o
[546/962    5s] C_Android_arm64 Library/Bee/artifacts/Android/d8kzr/0f7vqycoc2ys.o
[547/962    3s] C_Android_arm64 Library/Bee/artifacts/Android/d8kzr/nktzlj2jc5g5.o
[548/962    3s] C_Android_arm64 Library/Bee/artifacts/Android/d8kzr/cvca9cnawy5i.o
[549/962    3s] C_Android_arm64 Library/Bee/artifacts/Android/d8kzr/53za6duw2hei.o
[550/962    0s] C_Android_arm64 Library/Bee/artifacts/Android/d8kzr/zdqh6d8h7tq0.o
[551/962    0s] C_Android_arm64 Library/Bee/artifacts/Android/d8kzr/jb89yarzogmn.o
[552/962    0s] C_Android_arm64 Library/Bee/artifacts/Android/d8kzr/t2lhoktr7uvu.o
[555/962    0s] C_Android_arm64 Library/Bee/artifacts/Android/d8kzr/8drjk8qqjoza.o
[556/962    0s] C_Android_arm64 Library/Bee/artifacts/Android/d8kzr/w1bbec7uhwy1.o
[557/962    5s] C_Android_arm64 Library/Bee/artifacts/Android/d8kzr/l4dnwj04azoa.o
[561/962    4s] C_Android_arm64 Library/Bee/artifacts/Android/d8kzr/dt2dw5adxi3c.o
[562/962    4s] C_Android_arm64 Library/Bee/artifacts/Android/d8kzr/e1muglrb1kks.o
[563/962    4s] C_Android_arm64 Library/Bee/artifacts/Android/d8kzr/7r1rw8u0hph9.o
[564/962    4s] C_Android_arm64 Library/Bee/artifacts/Android/d8kzr/7gusd0e19elz.o
[565/962    1s] C_Android_arm64 Library/Bee/artifacts/Android/d8kzr/ezi10vffmeyx.o
[567/962    4s] C_Android_arm64 Library/Bee/artifacts/Android/d8kzr/teympm6jh64k.o
[568/962    8s] C_Android_arm64 Library/Bee/artifacts/Android/d8kzr/6rt4ut481m94.o
[569/962    0s] C_Android_arm64 Library/Bee/artifacts/Android/d8kzr/nysouglrlwuw.o
[571/962    5s] C_Android_arm64 Library/Bee/artifacts/Android/d8kzr/5whu79yvkos5.o
[572/962    4s] C_Android_arm64 Library/Bee/artifacts/Android/d8kzr/l54w3ujhi8tx.o
[573/962    4s] C_Android_arm64 Library/Bee/artifacts/Android/d8kzr/89eu7q2g4517.o
[574/962    0s] C_Android_arm64 Library/Bee/artifacts/Android/d8kzr/v47ozo7azvlo.o
[575/962    0s] C_Android_arm64 Library/Bee/artifacts/Android/d8kzr/fpwd9xlfttox.o
[576/962    1s] C_Android_arm64 Library/Bee/artifacts/Android/d8kzr/0edw7ewsh5y2.o
[578/962    4s] C_Android_arm64 Library/Bee/artifacts/Android/d8kzr/0njp9y2u0173.o
[579/962    2s] C_Android_arm64 Library/Bee/artifacts/Android/d8kzr/x8qcdm4xo48q.o
[580/962    3s] C_Android_arm64 Library/Bee/artifacts/Android/d8kzr/iou0svivrska.o
[582/962    0s] C_Android_arm64 Library/Bee/artifacts/Android/d8kzr/aai724b67zrv.o
[583/962    5s] C_Android_arm64 Library/Bee/artifacts/Android/d8kzr/d25gmhkwsrhb.o
[585/962    4s] C_Android_arm64 Library/Bee/artifacts/Android/d8kzr/sdzpgwwfuurt.o
[586/962    4s] C_Android_arm64 Library/Bee/artifacts/Android/d8kzr/lcqgfkqbzyxl.o
[587/962    0s] C_Android_arm64 Library/Bee/artifacts/Android/d8kzr/tnxv7peohkko.o
[588/962    0s] C_Android_arm64 Library/Bee/artifacts/Android/d8kzr/ceb369vvba5z.o
[589/962    5s] C_Android_arm64 Library/Bee/artifacts/Android/d8kzr/l3mdp8gs3pjn.o
[593/962    3s] C_Android_arm64 Library/Bee/artifacts/Android/d8kzr/dfbk6rjogyzf.o
[594/962    4s] C_Android_arm64 Library/Bee/artifacts/Android/d8kzr/ytnyeqe9bd6b.o
[596/962    3s] C_Android_arm64 Library/Bee/artifacts/Android/d8kzr/sfh9uiz48c23.o
[597/962    4s] C_Android_arm64 Library/Bee/artifacts/Android/d8kzr/e9ynzlhipkt3.o
[598/962    0s] C_Android_arm64 Library/Bee/artifacts/Android/d8kzr/lv63ktucvzvq.o
[599/962    0s] C_Android_arm64 Library/Bee/artifacts/Android/d8kzr/srv27hfkpafl.o
[600/962    3s] C_Android_arm64 Library/Bee/artifacts/Android/d8kzr/ddt0r5gz1fp5.o
[601/962    4s] C_Android_arm64 Library/Bee/artifacts/Android/d8kzr/k45zu49cvwg6.o
[602/962    0s] C_Android_arm64 Library/Bee/artifacts/Android/d8kzr/ba5sxiwjxo9j.o
[603/962    0s] C_Android_arm64 Library/Bee/artifacts/Android/d8kzr/4iorr621ynhm.o
[604/962    3s] C_Android_arm64 Library/Bee/artifacts/Android/d8kzr/7pj8hmsb366y.o
[605/962    4s] C_Android_arm64 Library/Bee/artifacts/Android/d8kzr/tcg3a03u2nua.o
[606/962    0s] C_Android_arm64 Library/Bee/artifacts/Android/d8kzr/51myafmj7gg1.o
[607/962    0s] C_Android_arm64 Library/Bee/artifacts/Android/d8kzr/n6qj1lt4rhmx.o
[608/962    2s] C_Android_arm64 Library/Bee/artifacts/Android/d8kzr/f1uhi0h3gnsw.o
[609/962    6s] C_Android_arm64 Library/Bee/artifacts/Android/d8kzr/2m3qim2y3wvo.o
[610/962    4s] C_Android_arm64 Library/Bee/artifacts/Android/d8kzr/0oazgam77adr.o
[613/962    0s] CopyFiles /project/Library/Bee/Android/Prj/IL2CPP/Il2CppBackup/il2cppOutput/UnityEngine.ParticleSystemModule_CodeGen.c
[614/962    0s] CopyFiles /project/Library/Bee/Android/Prj/IL2CPP/Il2CppBackup/il2cppOutput/Generics__34.cpp
[620/962    0s] CopyFiles /project/Library/Bee/Android/Prj/IL2CPP/Il2CppBackup/il2cppOutput/Generics__54.cpp
[621/962    0s] CopyFiles /project/Library/Bee/Android/Prj/IL2CPP/Il2CppBackup/il2cppOutput/Generics__3.cpp
[622/962    0s] CopyFiles /project/Library/Bee/Android/Prj/IL2CPP/Il2CppBackup/il2cppOutput/UnityEngine.ImageConversionModule_CodeGen.c
[623/962    0s] CopyFiles /project/Library/Bee/Android/Prj/IL2CPP/Il2CppBackup/il2cppOutput/UnityEngine.ImageConversionModule.cpp
[624/962    0s] CopyFiles /project/Library/Bee/Android/Prj/IL2CPP/Il2CppBackup/il2cppOutput/UnityEngine.UIModule_CodeGen.c
[625/962    0s] CopyFiles /project/Library/Bee/Android/Prj/IL2CPP/Il2CppBackup/il2cppOutput/GoogleMobileAds.Common_CodeGen.c
[627/962    0s] CopyFiles /project/Library/Bee/Android/Prj/IL2CPP/Il2CppBackup/il2cppOutput/Unity.InputSystem.ForUI_CodeGen.c
[630/962    0s] CopyFiles /project/Library/Bee/Android/Prj/IL2CPP/Il2CppBackup/il2cppOutput/UnityEngine.PropertiesModule_CodeGen.c
[631/962    6s] C_Android_arm64 Library/Bee/artifacts/Android/d8kzr/ki2cmqshqc4x.o
[632/962    0s] CopyFiles /project/Library/Bee/Android/Prj/IL2CPP/Gradle/unityLibrary/src/main/assets/bin/Data/Managed/Resources/mscorlib.dll-resources.dat
[633/962    0s] CopyFiles /project/Library/Bee/Android/Prj/IL2CPP/Il2CppBackup/il2cppOutput/GenericMethods__31.cpp
[634/962    0s] CopyFiles /project/Library/Bee/Android/Prj/IL2CPP/Il2CppBackup/il2cppOutput/GenericMethods__22.cpp
[635/962    0s] CopyFiles /project/Library/Bee/Android/Prj/IL2CPP/Il2CppBackup/il2cppOutput/Unity.Burst.Unsafe_CodeGen.c
[636/962    0s] CopyFiles /project/Library/Bee/Android/Prj/IL2CPP/Il2CppBackup/il2cppOutput/Generics__50.cpp
[638/962    0s] CopyFiles /project/Library/Bee/Android/Prj/IL2CPP/Il2CppBackup/il2cppOutput/System.cpp
[639/962    0s] CopyFiles /project/Library/Bee/Android/Prj/IL2CPP/Il2CppBackup/il2cppOutput/Generics__45.cpp
[640/962    0s] CopyFiles /project/Library/Bee/Android/Prj/IL2CPP/Il2CppBackup/il2cppOutput/Il2CppGenericMethodTable.c
[641/962    0s] CopyFiles /project/Library/Bee/Android/Prj/IL2CPP/Il2CppBackup/il2cppOutput/GenericMethods__9.cpp
[642/962    0s] CopyFiles /project/Library/Bee/Android/Prj/IL2CPP/Il2CppBackup/il2cppOutput/Generics__63.cpp
[644/962    0s] CopyFiles /project/Library/Bee/Android/Prj/IL2CPP/Il2CppBackup/il2cppOutput/Generics__15.cpp
[645/962    0s] CopyFiles /project/Library/Bee/Android/Prj/IL2CPP/Il2CppBackup/il2cppOutput/UnityEngine.HierarchyCoreModule_CodeGen.c
[646/962    0s] ModifyAndroidProjectCallback /project/Library/Bee/Android/Prj/IL2CPP/Gradle/launcher/src/main/AndroidManifest.xml (+8 others)
[647/962    0s] CopyFiles /project/Library/Bee/Android/Prj/IL2CPP/Il2CppBackup/il2cppOutput/GenericMethods__3.cpp
[649/962    0s] CopyFiles /project/Library/Bee/Android/Prj/IL2CPP/Il2CppBackup/il2cppOutput/Generics__57.cpp
[650/962    0s] CopyFiles /project/Library/Bee/Android/Prj/IL2CPP/Il2CppBackup/il2cppOutput/Generics__66.cpp
[651/962    0s] CopyFiles /project/Library/Bee/Android/Prj/IL2CPP/Il2CppBackup/il2cppOutput/Generics__80.cpp
[652/962    0s] CopyFiles /project/Library/Bee/Android/Prj/IL2CPP/Il2CppBackup/il2cppOutput/Generics__79.cpp
[653/962    0s] CopyFiles /project/Library/Bee/Android/Prj/IL2CPP/Il2CppBackup/il2cppOutput/Generics__14.cpp
[656/962    0s] CopyFiles /project/Library/Bee/Android/Prj/IL2CPP/Il2CppBackup/il2cppOutput/UnityEngine.Physics2DModule_CodeGen.c
[658/962    0s] CopyFiles /project/Library/Bee/Android/Prj/IL2CPP/Il2CppBackup/il2cppOutput/UnityEngine.AnimationModule_CodeGen.c
[659/962    0s] CopyFiles /project/Library/Bee/Android/Prj/IL2CPP/Il2CppBackup/il2cppOutput/Generics__86.cpp
[660/962    0s] CopyFiles /project/Library/Bee/Android/Prj/IL2CPP/Il2CppBackup/il2cppOutput/Generics__21.cpp
[661/962    0s] CopyFiles /project/Library/Bee/Android/Prj/IL2CPP/Il2CppBackup/il2cppOutput/GoogleMobileAds.Ump.cpp
[662/962    0s] CopyFiles /project/Library/Bee/Android/Prj/IL2CPP/Il2CppBackup/il2cppOutput/Generics__19.cpp
[663/962    0s] CopyFiles /project/Library/Bee/Android/Prj/IL2CPP/Il2CppBackup/il2cppOutput/mscorlib.cpp
[664/962    0s] CopyFiles /project/Library/Bee/Android/Prj/IL2CPP/Il2CppBackup/il2cppOutput/Generics__84.cpp
[665/962    0s] CopyFiles /project/Library/Bee/Android/Prj/IL2CPP/Il2CppBackup/il2cppOutput/Il2CppMetadataUsage.c
[666/962    0s] CopyFiles /project/Library/Bee/Android/Prj/IL2CPP/Il2CppBackup/il2cppOutput/GenericMethods__34.cpp
[668/962    0s] CopyFiles /project/Library/Bee/artifacts/Android/il2cppOutput/build/arm64-v8a/Data/Resources/mscorlib.dll-resources.dat
[669/962    0s] CopyFiles /project/Library/Bee/Android/Prj/IL2CPP/Il2CppBackup/il2cppOutput/GenericMethods__8.cpp
[670/962    0s] CopyFiles /project/Library/Bee/Android/Prj/IL2CPP/Il2CppBackup/il2cppOutput/Il2CppGenericMethodDefinitions.c
[672/962    0s] CopyFiles /project/Library/Bee/Android/Prj/IL2CPP/Il2CppBackup/il2cppOutput/Generics__13.cpp
[673/962    0s] CopyFiles /project/Library/Bee/Android/Prj/IL2CPP/Il2CppBackup/il2cppOutput/GenericMethods__10.cpp
[674/962    0s] CopyFiles /project/Library/Bee/Android/Prj/IL2CPP/Il2CppBackup/il2cppOutput/GenericMethods__18.cpp
[675/962    0s] CopyFiles /project/Library/Bee/Android/Prj/IL2CPP/Il2CppBackup/il2cppOutput/Il2CppGenericMethodPointerTable.c
[677/962    0s] CopyFiles /project/Library/Bee/Android/Prj/IL2CPP/Il2CppBackup/il2cppOutput/GoogleMobileAds.Android_CodeGen.c
[678/962    0s] CopyFiles /project/Library/Bee/Android/Prj/IL2CPP/Il2CppBackup/il2cppOutput/GoogleMobileAds.Android__1.cpp
[680/962    0s] CopyFiles /project/Library/Bee/Android/Prj/IL2CPP/Il2CppBackup/il2cppOutput/GoogleMobileAds.Android.cpp
[681/962    0s] CopyFiles /project/Library/Bee/Android/Prj/IL2CPP/Il2CppBackup/il2cppOutput/Generics__87.cpp
[683/962    0s] CopyFiles /project/Library/Bee/Android/Prj/IL2CPP/Il2CppBackup/il2cppOutput/Generics__4.cpp
[684/962    0s] CopyFiles /project/Library/Bee/Android/Prj/IL2CPP/Il2CppBackup/il2cppOutput/Generics__27.cpp
[687/962    0s] CopyFiles /project/Library/Bee/Android/Prj/IL2CPP/Il2CppBackup/il2cppOutput/Generics__24.cpp
[688/962    0s] CopyFiles /project/Library/Bee/Android/Prj/IL2CPP/Il2CppBackup/il2cppOutput/Generics__73.cpp
[689/962    0s] CopyFiles /project/Library/Bee/Android/Prj/IL2CPP/Il2CppBackup/il2cppOutput/Generics__31.cpp
[690/962    0s] CopyFiles /project/Library/Bee/Android/Prj/IL2CPP/Il2CppBackup/il2cppOutput/GoogleMobileAds.Ump_CodeGen.c
[691/962    0s] CopyFiles /project/Library/Bee/Android/Prj/IL2CPP/Il2CppBackup/il2cppOutput/Generics__11.cpp
[693/962    0s] CopyFiles /project/Library/Bee/Android/Prj/IL2CPP/Il2CppBackup/il2cppOutput/GenericMethods__37.cpp
[694/962    0s] CopyFiles /project/Library/Bee/Android/Prj/IL2CPP/Il2CppBackup/il2cppOutput/Unity.Collections.LowLevel.ILSupport_CodeGen.c
[696/962    0s] CopyFiles /project/Library/Bee/Android/Prj/IL2CPP/Il2CppBackup/il2cppOutput/GenericMethods__19.cpp
[697/962    0s] CopyFiles /project/Library/Bee/Android/Prj/IL2CPP/Il2CppBackup/il2cppOutput/GenericMethods__12.cpp
[699/962    0s] CopyFiles /project/Library/Bee/Android/Prj/IL2CPP/Il2CppBackup/il2cppOutput/Il2CppCodeRegistration.cpp
[700/962    0s] CopyFiles /project/Library/Bee/Android/Prj/IL2CPP/Il2CppBackup/il2cppOutput/System__2.cpp
[702/962    0s] CopyFiles /project/Library/Bee/Android/Prj/IL2CPP/Il2CppBackup/il2cppOutput/Generics__68.cpp
[703/962    0s] CopyFiles /project/Library/Bee/Android/Prj/IL2CPP/Il2CppBackup/il2cppOutput/Generics__78.cpp
[705/962    0s] CopyFiles /project/Library/Bee/Android/Prj/IL2CPP/Il2CppBackup/il2cppOutput/Generics__29.cpp
[706/962    0s] CopyFiles /project/Library/Bee/Android/Prj/IL2CPP/Il2CppBackup/il2cppOutput/GenericMethods__5.cpp
[707/962    0s] CopyFiles /project/Library/Bee/Android/Prj/IL2CPP/Il2CppBackup/il2cppOutput/Generics__6.cpp
[708/962    0s] CopyFiles /project/Library/Bee/Android/Prj/IL2CPP/Il2CppBackup/il2cppOutput/Generics__81.cpp
[709/962    0s] CopyFiles /project/Library/Bee/Android/Prj/IL2CPP/Il2CppBackup/il2cppOutput/Generics__32.cpp
[712/962    0s] CopyFiles /project/Library/Bee/Android/Prj/IL2CPP/Il2CppBackup/il2cppOutput/GenericMethods__23.cpp
[713/962    0s] CopyFiles /project/Library/Bee/Android/Prj/IL2CPP/Il2CppBackup/il2cppOutput/GenericMethods__6.cpp
[714/962    0s] CopyFiles /project/Library/Bee/Android/Prj/IL2CPP/Il2CppBackup/il2cppOutput/Generics__77.cpp
[715/962    0s] CopyFiles /project/Library/Bee/Android/Prj/IL2CPP/Il2CppBackup/il2cppOutput/Generics__40.cpp
[716/962    0s] CopyFiles /project/Library/Bee/Android/Prj/IL2CPP/Il2CppBackup/il2cppOutput/System__3.cpp
[718/962    0s] CopyFiles /project/Library/Bee/Android/Prj/IL2CPP/Il2CppBackup/il2cppOutput/Unity.Burst_CodeGen.c
[719/962    0s] CopyFiles /project/Library/Bee/Android/Prj/IL2CPP/Il2CppBackup/il2cppOutput/Generics__70.cpp
[720/962    0s] CopyFiles /project/Library/Bee/Android/Prj/IL2CPP/Il2CppBackup/il2cppOutput/Generics__18.cpp
[721/962    0s] CopyFiles /project/Library/Bee/Android/Prj/IL2CPP/Il2CppBackup/il2cppOutput/Generics__61.cpp
[723/962    0s] CopyFiles /project/Library/Bee/Android/Prj/IL2CPP/Il2CppBackup/il2cppOutput/Generics__47.cpp
[725/962    0s] CopyFiles /project/Library/Bee/Android/Prj/IL2CPP/Il2CppBackup/il2cppOutput/GoogleMobileAds.cpp
[726/962    0s] CopyFiles /project/Library/Bee/Android/Prj/IL2CPP/Il2CppBackup/il2cppOutput/Generics__25.cpp
[728/962    0s] CopyFiles /project/Library/Bee/Android/Prj/IL2CPP/Il2CppBackup/il2cppOutput/Generics__9.cpp
[729/962    4s] C_Android_arm64 Library/Bee/artifacts/Android/d8kzr/r8n2he2ickqb.o
[730/962    0s] CopyFiles /project/Library/Bee/Android/Prj/IL2CPP/Il2CppBackup/il2cppOutput/UnityEngine.TextCoreFontEngineModule_CodeGen.c
[731/962    0s] CopyFiles /project/Library/Bee/Android/Prj/IL2CPP/Il2CppBackup/il2cppOutput/System.Configuration_CodeGen.c
[732/962    0s] CopyFiles /project/Library/Bee/Android/Prj/IL2CPP/Il2CppBackup/il2cppOutput/Il2CppCCTypeValuesTable.c
[733/962    0s] CopyFiles /project/Library/Bee/Android/Prj/IL2CPP/Il2CppBackup/il2cppOutput/Generics__72.cpp
[734/962    0s] CopyFiles /project/Library/Bee/Android/Prj/IL2CPP/Il2CppBackup/il2cppOutput/GenericMethods__24.cpp
[735/962    0s] CopyFiles /project/Library/Bee/Android/Prj/IL2CPP/Il2CppBackup/il2cppOutput/GoogleMobileAds.Core_CodeGen.c
[736/962    0s] CopyFiles /project/Library/Bee/Android/Prj/IL2CPP/Il2CppBackup/il2cppOutput/Generics__51.cpp
[738/962    0s] CopyFiles /project/Library/Bee/Android/Prj/IL2CPP/Il2CppBackup/il2cppOutput/Generics__83.cpp
[741/962    0s] CopyFiles /project/Library/Bee/Android/Prj/IL2CPP/Il2CppBackup/il2cppOutput/System_CodeGen.c
[743/962    0s] CopyFiles /project/Library/Bee/Android/Prj/IL2CPP/Il2CppBackup/il2cppOutput/GenericMethods__32.cpp
[745/962    0s] CopyFiles /project/Library/Bee/Android/Prj/IL2CPP/Il2CppBackup/il2cppOutput/System.Core_CodeGen.c
[746/962    0s] CopyFiles /project/Library/Bee/Android/Prj/IL2CPP/Il2CppBackup/il2cppOutput/UnityEngine.PhysicsModule_CodeGen.c
[747/962    0s] CopyFiles /project/Library/Bee/Android/Prj/IL2CPP/Il2CppBackup/il2cppOutput/GenericMethods__11.cpp
[748/962    0s] CopyFiles /project/Library/Bee/Android/Prj/IL2CPP/Il2CppBackup/il2cppOutput/Generics__69.cpp
[750/962    0s] CopyFiles /project/Library/Bee/Android/Prj/IL2CPP/Il2CppBackup/il2cppOutput/Generics__41.cpp
[753/962    0s] CopyFiles /project/Library/Bee/Android/Prj/IL2CPP/Il2CppBackup/il2cppOutput/Generics__85.cpp
[757/962    0s] CopyFiles /project/Library/Bee/Android/Prj/IL2CPP/Il2CppBackup/il2cppOutput/UnityEngine.UIElementsModule_CodeGen.c
[763/962    0s] CopyFiles /project/Library/Bee/Android/Prj/IL2CPP/Il2CppBackup/il2cppOutput/UnityEngine.IMGUIModule_CodeGen.c
[764/962    0s] CopyFiles /project/Library/Bee/Android/Prj/IL2CPP/Il2CppBackup/il2cppOutput/Generics__10.cpp
[765/962    0s] CopyFiles /project/Library/Bee/Android/Prj/IL2CPP/Il2CppBackup/il2cppOutput/GenericMethods__21.cpp
[766/962    0s] CopyFiles /project/Library/Bee/Android/Prj/IL2CPP/Il2CppBackup/il2cppOutput/Mono.Security_CodeGen.c
[767/962    0s] CopyFiles /project/Library/Bee/Android/Prj/IL2CPP/Il2CppBackup/il2cppOutput/Generics__55.cpp
[768/962    0s] CopyFiles /project/Library/Bee/Android/Prj/IL2CPP/Il2CppBackup/il2cppOutput/Generics__56.cpp
[774/962    0s] CopyFiles /project/Library/Bee/Android/Prj/IL2CPP/Il2CppBackup/il2cppOutput/mscorlib__3.cpp
[781/962    0s] CopyFiles /project/Library/Bee/Android/Prj/IL2CPP/Il2CppBackup/il2cppOutput/GoogleMobileAds.Ump.Android.cpp
[782/962    0s] CopyFiles /project/Library/Bee/Android/Prj/IL2CPP/Il2CppBackup/il2cppOutput/GoogleMobileAds.Ump.Android_CodeGen.c
[783/962    0s] CopyFiles /project/Library/Bee/Android/Prj/IL2CPP/Il2CppBackup/il2cppOutput/Unity.Collections_CodeGen.c
[784/962    0s] CopyFiles /project/Library/Bee/Android/Prj/IL2CPP/Il2CppBackup/il2cppOutput/GenericMethods__26.cpp
[785/962    0s] CopyFiles /project/Library/Bee/Android/Prj/IL2CPP/Il2CppBackup/il2cppOutput/mscorlib__17.cpp
[786/962    0s] CopyFiles /project/Library/Bee/Android/Prj/IL2CPP/Il2CppBackup/il2cppOutput/Generics__28.cpp
[787/962    0s] CopyFiles /project/Library/Bee/Android/Prj/IL2CPP/Il2CppBackup/il2cppOutput/Generics__38.cpp
[788/962    0s] CopyFiles /project/Library/Bee/Android/Prj/IL2CPP/Il2CppBackup/il2cppOutput/GenericMethods__4.cpp
[789/962    0s] CopyFiles /project/Library/Bee/Android/Prj/IL2CPP/Il2CppBackup/il2cppOutput/GenericMethods__25.cpp
[790/962    0s] CopyFiles /project/Library/Bee/Android/Prj/IL2CPP/Il2CppBackup/il2cppOutput/GenericMethods__36.cpp
[792/962    0s] CopyFiles /project/Library/Bee/Android/Prj/IL2CPP/Il2CppBackup/il2cppOutput/Generics__49.cpp
[793/962    0s] CopyFiles /project/Library/Bee/Android/Prj/IL2CPP/Il2CppBackup/il2cppOutput/mscorlib__9.cpp
[795/962    0s] CopyFiles /project/Library/Bee/Android/Prj/IL2CPP/Il2CppBackup/il2cppOutput/mscorlib__1.cpp
[796/962    0s] CopyFiles /project/Library/Bee/Android/Prj/IL2CPP/Il2CppBackup/il2cppOutput/UnityEngine.InputLegacyModule_CodeGen.c
[797/962    0s] CopyFiles /project/Library/Bee/Android/Prj/IL2CPP/Il2CppBackup/il2cppOutput/Generics__62.cpp
[798/962    0s] CopyFiles /project/Library/Bee/Android/Prj/IL2CPP/Il2CppBackup/il2cppOutput/GenericMethods__33.cpp
[800/962    0s] CopyFiles /project/Library/Bee/Android/Prj/IL2CPP/Il2CppBackup/il2cppOutput/Generics__48.cpp
[801/962    0s] CopyFiles /project/Library/Bee/Android/Prj/IL2CPP/Il2CppBackup/il2cppOutput/UnityEngine.InputModule_CodeGen.c
[802/962    0s] CopyFiles /project/Library/Bee/Android/Prj/IL2CPP/Il2CppBackup/il2cppOutput/Generics__2.cpp
[803/962    0s] CopyFiles /project/Library/Bee/Android/Prj/IL2CPP/Il2CppBackup/il2cppOutput/GenericMethods__28.cpp
[805/962    0s] CopyFiles /project/Library/Bee/Android/Prj/IL2CPP/Il2CppBackup/il2cppOutput/Generics__33.cpp
[806/962    0s] CopyFiles /project/Library/Bee/Android/Prj/IL2CPP/Il2CppBackup/il2cppOutput/GenericMethods__30.cpp
[807/962    0s] CopyFiles /project/Library/Bee/Android/Prj/IL2CPP/Il2CppBackup/il2cppOutput/Generics__71.cpp
[809/962    0s] CopyFiles /project/Library/Bee/Android/Prj/IL2CPP/Il2CppBackup/il2cppOutput/GenericMethods__15.cpp
[810/962    0s] CopyFiles /project/Library/Bee/Android/Prj/IL2CPP/Il2CppBackup/il2cppOutput/GoogleMobileAds_CodeGen.c
[811/962    0s] CopyFiles /project/Library/Bee/Android/Prj/IL2CPP/Il2CppBackup/il2cppOutput/UnityEngine.AudioModule_CodeGen.c
[812/962    0s] CopyFiles /project/Library/Bee/artifacts/Android/il2cppOutput/build/arm64-v8a/Data/Metadata/global-metadata.dat
[816/962    0s] CopyFiles /project/Library/Bee/Android/Prj/IL2CPP/Il2CppBackup/il2cppOutput/UnityEngine.JSONSerializeModule_CodeGen.c
[817/962    0s] CopyFiles /project/Library/Bee/Android/Prj/IL2CPP/Il2CppBackup/il2cppOutput/Il2CppCCalculateTypeValues.cpp
[818/962    0s] CopyFiles /project/Library/Bee/Android/Prj/IL2CPP/Il2CppBackup/il2cppOutput/Il2CppCCalculateTypeValues1.cpp
[819/962    0s] CopyFiles /project/Library/Bee/Android/Prj/IL2CPP/Il2CppBackup/il2cppOutput/Il2CppRgctxTable.c
[821/962    0s] CopyFiles /project/Library/Bee/Android/Prj/IL2CPP/Il2CppBackup/il2cppOutput/UnityEngine.AudioModule.cpp
[822/962    0s] CopyFiles /project/Library/Bee/Android/Prj/IL2CPP/Il2CppBackup/il2cppOutput/Il2CppUnresolvedIndirectCallStubs.cpp
[823/962    0s] CopyFiles /project/Library/Bee/Android/Prj/IL2CPP/Il2CppBackup/il2cppOutput/mscorlib__14.cpp
[824/962    0s] CopyFiles /project/Library/Bee/Android/Prj/IL2CPP/Il2CppBackup/il2cppOutput/Generics__65.cpp
[825/962    0s] CopyFiles /project/Library/Bee/Android/Prj/IL2CPP/Il2CppBackup/il2cppOutput/Il2CppTypeDefinitions.c
[826/962    0s] CopyFiles /project/Library/Bee/Android/Prj/IL2CPP/Il2CppBackup/il2cppOutput/Il2CppGenericClassTable.c
[827/962    0s] CopyFiles /project/Library/Bee/Android/Prj/IL2CPP/Il2CppBackup/il2cppOutput/Generics__82.cpp
[829/962    0s] CopyFiles /project/Library/Bee/Android/Prj/IL2CPP/Il2CppBackup/il2cppOutput/GoogleMobileAds.Common.cpp
[830/962    0s] CopyFiles /project/Library/Bee/Android/Prj/IL2CPP/Il2CppBackup/il2cppOutput/Generics__43.cpp
[834/962    0s] CopyFiles /project/Library/Bee/Android/Prj/IL2CPP/Il2CppBackup/il2cppOutput/GenericMethods__7.cpp
[835/962    0s] CopyFiles /project/Library/Bee/Android/Prj/IL2CPP/Il2CppBackup/il2cppOutput/Il2CppCCFieldValuesTable.c
[837/962    0s] CopyFiles /project/Library/Bee/Android/Prj/IL2CPP/Il2CppBackup/il2cppOutput/UnityEngine.TextCoreTextEngineModule_CodeGen.c
[841/962    0s] CopyFiles /project/Library/Bee/Android/Prj/IL2CPP/Il2CppBackup/il2cppOutput/Generics__12.cpp
[843/962    0s] GuidGenerator /project/Library/Bee/Android/Prj/IL2CPP/Gradle/unityLibrary/src/main/assets/bin/Data/unity_app_guid
[845/962    0s] CopyFiles /project/Library/Bee/Android/Prj/IL2CPP/Il2CppBackup/il2cppOutput/Generics__22.cpp
[846/962    0s] CopyFiles /project/Library/Bee/Android/Prj/IL2CPP/Il2CppBackup/il2cppOutput/GenericMethods__17.cpp
[847/962    0s] CopyFiles /project/Library/Bee/Android/Prj/IL2CPP/Gradle/unityLibrary/src/main/jniLibs/arm64-v8a/lib_burst_generated.so
[848/962    0s] CopyFiles /project/Library/Bee/Android/Prj/IL2CPP/Il2CppBackup/il2cppOutput/UnityEngine.AIModule_CodeGen.c
[849/962    0s] CopyFiles /project/Library/Bee/Android/Prj/IL2CPP/Il2CppBackup/il2cppOutput/Generics__35.cpp
[851/962    0s] CopyFiles /project/Library/Bee/Android/Prj/IL2CPP/Il2CppBackup/il2cppOutput/GenericMethods__2.cpp
[853/962    0s] CopyFiles /project/Library/Bee/Android/Prj/IL2CPP/Il2CppBackup/il2cppOutput/UnityEngine.InputForUIModule_CodeGen.c
[855/962    0s] CopyFiles /project/Library/Bee/Android/Prj/IL2CPP/Il2CppBackup/il2cppOutput/Il2CppMetadataRegistration.c
[856/962    0s] CopyFiles /project/Library/Bee/Android/Prj/IL2CPP/Il2CppBackup/il2cppOutput/mscorlib__18.cpp
[857/962    0s] CopyFiles /project/Library/Bee/Android/Prj/IL2CPP/Il2CppBackup/il2cppOutput/UnityEngine.AndroidJNIModule_CodeGen.c
[859/962    0s] CopyFiles /project/Library/Bee/Android/Prj/IL2CPP/Il2CppBackup/il2cppOutput/PofudukFilo.Runtime_CodeGen.c
[860/962    0s] CopyFiles /project/Library/Bee/Android/Prj/IL2CPP/Il2CppBackup/il2cppOutput/UnityEngine.MultiplayerModule_CodeGen.c
[861/962    0s] CopyFiles /project/Library/Bee/Android/Prj/IL2CPP/Il2CppBackup/il2cppOutput/Generics__53.cpp
[863/962    0s] CopyFiles /project/Library/Bee/Android/Prj/IL2CPP/Il2CppBackup/il2cppOutput/Generics__90.cpp
[864/962    0s] CopyFiles /project/Library/Bee/Android/Prj/IL2CPP/Il2CppBackup/il2cppOutput/System.Xml_CodeGen.c
[865/962    0s] CopyFiles /project/Library/Bee/Android/Prj/IL2CPP/Il2CppBackup/il2cppOutput/GenericMethods__20.cpp
[868/962    0s] CopyFiles /project/Library/Bee/Android/Prj/IL2CPP/Il2CppBackup/il2cppOutput/Il2CppGenericAdjustorThunkTable.c
[869/962    0s] CopyFiles /project/Library/Bee/Android/Prj/IL2CPP/Il2CppBackup/il2cppOutput/Generics__37.cpp
[870/962    0s] CopyFiles /project/Library/Bee/Android/Prj/IL2CPP/Il2CppBackup/il2cppOutput/__Generated_CodeGen.c
[873/962    0s] CopyFiles /project/Library/Bee/Android/Prj/IL2CPP/Il2CppBackup/il2cppOutput/GenericMethods__14.cpp
[874/962    0s] CopyFiles /project/Library/Bee/Android/Prj/IL2CPP/Il2CppBackup/il2cppOutput/PofudukFilo.Runtime.cpp
[876/962    0s] CopyFiles /project/Library/Bee/Android/Prj/IL2CPP/Il2CppBackup/il2cppOutput/UnityEngine.ScreenCaptureModule_CodeGen.c
[878/962    0s] CopyFiles /project/Library/Bee/Android/Prj/IL2CPP/Il2CppBackup/il2cppOutput/GenericMethods__13.cpp
[880/962    0s] CopyFiles /project/Library/Bee/Android/Prj/IL2CPP/Il2CppBackup/il2cppOutput/Generics__8.cpp
[881/962    0s] CopyFiles /project/Library/Bee/Android/Prj/IL2CPP/Il2CppBackup/il2cppOutput/Generics__88.cpp
[882/962    0s] CopyFiles /project/Library/Bee/Android/Prj/IL2CPP/Il2CppBackup/il2cppOutput/UnityEngine.SharedInternalsModule_CodeGen.c
[883/962    0s] CopyFiles /project/Library/Bee/Android/Prj/IL2CPP/Il2CppBackup/il2cppOutput/GoogleMobileAds.Core.cpp
[885/962    0s] CopyFiles /project/Library/Bee/Android/Prj/IL2CPP/Il2CppBackup/il2cppOutput/Generics__64.cpp
[886/962    0s] CopyFiles /project/Library/Bee/Android/Prj/IL2CPP/Il2CppBackup/il2cppOutput/Generics__1.cpp
[887/962    0s] CopyFiles /project/Library/Bee/Android/Prj/IL2CPP/Il2CppBackup/il2cppOutput/mscorlib__4.cpp
[888/962    0s] CopyFiles /project/Library/Bee/Android/Prj/IL2CPP/Il2CppBackup/il2cppOutput/Generics__44.cpp
[889/962    0s] CopyFiles /project/Library/Bee/Android/Prj/IL2CPP/Il2CppBackup/il2cppOutput/Generics__39.cpp
[891/962    0s] CopyFiles /project/Library/Bee/Android/Prj/IL2CPP/Il2CppBackup/il2cppOutput/Generics__23.cpp
[892/962    0s] CopyFiles /project/Library/Bee/Android/Prj/IL2CPP/Il2CppBackup/il2cppOutput/GenericMethods__29.cpp
[893/962    0s] CopyFiles /project/Library/Bee/Android/Prj/IL2CPP/Il2CppBackup/il2cppOutput/Generics__52.cpp
[894/962    0s] CopyFiles /project/Library/Bee/Android/Prj/IL2CPP/Il2CppBackup/il2cppOutput/Generics__76.cpp
[895/962    0s] CopyFiles /project/Library/Bee/Android/Prj/IL2CPP/Il2CppBackup/il2cppOutput/mscorlib_CodeGen.c
[896/962    0s] CopyFiles /project/Library/Bee/Android/Prj/IL2CPP/Il2CppBackup/il2cppOutput/GenericMethods__1.cpp
[897/962    0s] CopyFiles /project/Library/Bee/Android/Prj/IL2CPP/Il2CppBackup/il2cppOutput/UnityEngine.CoreModule.cpp
[898/962    0s] CopyFiles /project/Library/Bee/Android/Prj/IL2CPP/Il2CppBackup/il2cppOutput/Generics__7.cpp
[899/962    0s] CopyFiles /project/Library/Bee/Android/Prj/IL2CPP/Il2CppBackup/il2cppOutput/System__1.cpp
[901/962    0s] CopyFiles /project/Library/Bee/Android/Prj/IL2CPP/Il2CppBackup/il2cppOutput/Unity.InputSystem_CodeGen.c
[902/962    0s] CopyFiles /project/Library/Bee/Android/Prj/IL2CPP/Il2CppBackup/il2cppOutput/UnityEngine.UI_CodeGen.c
[903/962    0s] CopyFiles /project/Library/Bee/Android/Prj/IL2CPP/Il2CppBackup/il2cppOutput/GenericMethods__16.cpp
[904/962    0s] CopyFiles /project/Library/Bee/Android/Prj/IL2CPP/Il2CppBackup/il2cppOutput/Il2CppInteropDataTable.cpp
[905/962    0s] CopyFiles /project/Library/Bee/Android/Prj/IL2CPP/Il2CppBackup/il2cppOutput/mscorlib__13.cpp
[906/962    0s] CopyFiles /project/Library/Bee/Android/Prj/IL2CPP/Il2CppBackup/il2cppOutput/Generics__42.cpp
[907/962    0s] CopyFiles /project/Library/Bee/Android/Prj/IL2CPP/Il2CppBackup/il2cppOutput/Generics__16.cpp
[909/962    0s] CopyFiles /project/Library/Bee/Android/Prj/IL2CPP/Il2CppBackup/il2cppOutput/UnityEngine.TextRenderingModule_CodeGen.c
[910/962    0s] CopyFiles /project/Library/Bee/Android/Prj/IL2CPP/Gradle/unityLibrary/src/main/assets/bin/Data/Managed/Metadata/global-metadata.dat
[911/962    0s] CopyFiles /project/Library/Bee/Android/Prj/IL2CPP/Il2CppBackup/il2cppOutput/Generics__75.cpp
[912/962    0s] CopyFiles /project/Library/Bee/Android/Prj/IL2CPP/Il2CppBackup/il2cppOutput/UnityEngine.UnityWebRequestModule.cpp
[913/962    0s] CopyFiles /project/Library/Bee/Android/Prj/IL2CPP/Il2CppBackup/il2cppOutput/UnityEngine.UnityWebRequestModule_CodeGen.c
[915/962    0s] CopyFiles /project/Library/Bee/Android/Prj/IL2CPP/Il2CppBackup/il2cppOutput/PofudukFilo.Runtime__1.cpp
[916/962    0s] CopyFiles /project/Library/Bee/Android/Prj/IL2CPP/Il2CppBackup/il2cppOutput/Il2CppGenericInstDefinitions.c
[918/962    0s] CopyFiles /project/Library/Bee/Android/Prj/IL2CPP/Il2CppBackup/il2cppOutput/GenericMethods__27.cpp
[920/962    0s] CopyFiles /project/Library/Bee/Android/Prj/IL2CPP/Il2CppBackup/il2cppOutput/Generics__36.cpp
[921/962    0s] CopyFiles /project/Library/Bee/Android/Prj/IL2CPP/Il2CppBackup/il2cppOutput/Generics__20.cpp
[922/962    0s] CopyFiles /project/Library/Bee/Android/Prj/IL2CPP/Il2CppBackup/il2cppOutput/Generics__46.cpp
[923/962    0s] CopyFiles /project/Library/Bee/Android/Prj/IL2CPP/Il2CppBackup/il2cppOutput/Generics__74.cpp
[924/962    0s] CopyFiles /project/Library/Bee/Android/Prj/IL2CPP/Il2CppBackup/il2cppOutput/Generics__26.cpp
[925/962    0s] CopyFiles /project/Library/Bee/Android/Prj/IL2CPP/Il2CppBackup/il2cppOutput/UnityEngine.CoreModule__1.cpp
[926/962    0s] CopyFiles /project/Library/Bee/Android/Prj/IL2CPP/Il2CppBackup/il2cppOutput/UnityEngine.CoreModule__2.cpp
[928/962    0s] CopyFiles /project/Library/Bee/Android/Prj/IL2CPP/Il2CppBackup/il2cppOutput/UnityEngine.CoreModule__3.cpp
[929/962    0s] CopyFiles /project/Library/Bee/Android/Prj/IL2CPP/Il2CppBackup/il2cppOutput/GenericMethods__35.cpp
[930/962    0s] CopyFiles /project/Library/Bee/Android/Prj/IL2CPP/Il2CppBackup/il2cppOutput/Generics__59.cpp
[931/962    0s] CopyFiles /project/Library/Bee/Android/Prj/IL2CPP/Il2CppBackup/il2cppOutput/Il2CppCCalculateFieldValues2.cpp
[933/962    0s] CopyFiles /project/Library/Bee/Android/Prj/IL2CPP/Il2CppBackup/il2cppOutput/UnityEngine.CoreModule_CodeGen.c
[934/962    0s] CopyFiles /project/Library/Bee/Android/Prj/IL2CPP/Il2CppBackup/il2cppOutput/Generics__5.cpp
[935/962    0s] CopyFiles /project/Library/Bee/Android/Prj/IL2CPP/Il2CppBackup/il2cppOutput/Il2CppCCalculateFieldValues1.cpp
[936/962    0s] CopyFiles /project/Library/Bee/Android/Prj/IL2CPP/Il2CppBackup/il2cppOutput/Generics__60.cpp
[938/962    0s] CopyFiles /project/Library/Bee/Android/Prj/IL2CPP/Il2CppBackup/il2cppOutput/Generics.cpp
[939/962    0s] CopyFiles /project/Library/Bee/Android/Prj/IL2CPP/Il2CppBackup/il2cppOutput/Unity.Mathematics_CodeGen.c
[940/962    0s] CopyFiles /project/Library/Bee/Android/Prj/IL2CPP/Il2CppBackup/il2cppOutput/Generics__58.cpp
[941/962    0s] CopyFiles /project/Library/Bee/Android/Prj/IL2CPP/Il2CppBackup/il2cppOutput/PofudukFilo.Runtime__3.cpp
[942/962    0s] CopyFiles /project/Library/Bee/Android/Prj/IL2CPP/Il2CppBackup/il2cppOutput/GenericMethods.cpp
[943/962    0s] CopyFiles /project/Library/Bee/Android/Prj/IL2CPP/Il2CppBackup/il2cppOutput/Generics__30.cpp
[944/962    0s] CopyFiles /project/Library/Bee/Android/Prj/IL2CPP/Il2CppBackup/il2cppOutput/Il2CppCCalculateFieldValues.cpp
[945/962    0s] CopyFiles /project/Library/Bee/Android/Prj/IL2CPP/Il2CppBackup/il2cppOutput/Generics__89.cpp
[947/962    0s] CopyFiles /project/Library/Bee/Android/Prj/IL2CPP/Il2CppBackup/il2cppOutput/Generics__17.cpp
[948/962    0s] CopyFiles /project/Library/Bee/Android/Prj/IL2CPP/Il2CppBackup/il2cppOutput/PofudukFilo.Runtime__4.cpp
[949/962    0s] CopyFiles /project/Library/Bee/Android/Prj/IL2CPP/Il2CppBackup/il2cppOutput/PofudukFilo.Runtime__2.cpp
[950/962    0s] CopyFiles /project/Library/Bee/Android/Prj/IL2CPP/Il2CppBackup/il2cppOutput/Il2CppInvokerTable.cpp
[951/962    0s] CopyFiles /project/Library/Bee/Android/Prj/IL2CPP/Il2CppBackup/il2cppOutput/Generics__67.cpp
[952/962   27s] C_Android_arm64 Library/Bee/artifacts/Android/d8kzr/tds6v9h7xilt.o
[953/962    1s] Link_Android_arm64 Library/Bee/artifacts/Android/d8kzr/libil2cpp.so
[954/962    2s] CopyFiles /project/Library/Bee/artifacts/Android/il2cppOutput/build/arm64-v8a/libil2cpp.dbg.so
[955/962    2s] CopyFiles Library/Bee/artifacts/objcopy_5lmi/libil2cpp.dbg.so
[956/962    0s] NdkObjCopy Library/Bee/artifacts/objcopy_5lmi/stripped/libil2cpp.so
[957/962    0s] NdkObjCopy Library/Bee/artifacts/objcopy_5lmi/libil2cpp.sym.so
[958/962    0s] CopyFiles /project/Library/Bee/artifacts/Android/il2cppOutput/build/arm64-v8a/libil2cpp.sym.so
[959/962    0s] NdkObjCopy Library/Bee/artifacts/objcopy_5lmi/libil2cpp.so
[960/962    0s] CopyFiles /project/Library/Bee/artifacts/Android/il2cppOutput/build/arm64-v8a/libil2cpp.so
[961/962    0s] CopyFiles /project/Library/Bee/Android/Prj/IL2CPP/Gradle/unityLibrary/src/main/jniLibs/arm64-v8a/libil2cpp.so
*** Tundra build success (198.24 seconds - 0:03:18), 477 items updated, 962 evaluated
ExitCode: 0 Duration: 3m:18s
Total cache size 17166680
Total cache size after purge 17166680, took 00:00:00.0126015
DisplayProgressbar: Calling IPostGenerateGradleAndroidProject callbacks
Calling IPostGenerateGradleAndroidProject callbacks on '/project/Library/Bee/Android/Prj/IL2CPP/Gradle/unityLibrary':
    Call "GoogleMobileAds.Editor.GradleProcessor.OnPostGenerateGradleAndroidProject" from assembly 'GoogleMobileAds.Editor'
Android PostProcess task "Calling IPostGenerateGradleAndroidProject callbacks" took 68.6539 ms
DisplayProgressbar: Validate Gradle Project
Android PostProcess task "Validate Gradle Project" took 19.0972 ms
Android PostProcess task "Unity Services Symbol Upload" took 0.3242 ms
DisplayProgressbar: Building Gradle project
Starting: /opt/unity/Editor/Data/PlaybackEngines/AndroidPlayer/OpenJDK/bin/java -classpath "/opt/unity/Editor/Data/PlaybackEngines/AndroidPlayer/Tools/gradle/lib/gradle-launcher-9.1.0.jar" org.gradle.launcher.GradleMain "-Dorg.gradle.jvmargs=-Xmx4096m" "assembleRelease" 
WorkingDir: /project/Library/Bee/Android/Prj/IL2CPP/Gradle/launcher
Android PostProcess task "Building Gradle project" took 105893.5642 ms
DisplayProgressbar: Building Gradle Symbols
Android PostProcess task "Building Gradle Symbols" took 0.247 ms
DisplayProgressbar: Processing Mapping File
Android PostProcess task "Processing Mapping File" took 0.2881 ms
DisplayProgressbar: Moving output package(s)
Copy '/project/Library/Bee/Android/Prj/IL2CPP/Gradle/launcher/build/outputs/apk/release/launcher-release.apk' -> 
 '/project/build/Android/PofudukFilo.apk'
Android PostProcess task "Moving output package(s)" took 11.5839 ms
Android PostProcess task "Checking Symbols size" took 0.7472 ms
Refreshing native plugins compatible for Editor in 0.54 ms, found 0 plugins.
Preloading 0 native plugins for Editor in 0.00 ms.
Asset Pipeline Refresh (id=b293dd255593292d98c74b7e382e1cfd): Total: 0.069 seconds - Initiated by RefreshV2(NoUpdateAssetOptions)
[Licensing::Client] Successfully resolved entitlement details
[Licensing::Client] Successfully resolved entitlement details
Refreshing native plugins compatible for Editor in 0.41 ms, found 0 plugins.
Preloading 0 native plugins for Editor in 0.00 ms.

-------------------------------------------------------------------------------
Build Report
Uncompressed usage by category (Percentages based on user generated assets only):
Textures               28.7 mb	 98.2% 
Meshes                 0.5 kb	 0.0% 
Animations             0.0 kb	 0.0% 
Sounds                 0.0 kb	 0.0% 
Shaders                25.7 kb	 0.1% 
Other Assets           351.6 kb	 1.2% 
Levels                 16.5 kb	 0.1% 
File headers           41.9 kb	 0.1% 
Total User Assets      29.2 mb	 100.0% 
Complete build size    558.2 mb
Used Assets and files from the Resources folder, sorted by uncompressed size:
 2.1 mb	 0.4% Assets/_Project/Generated/Art/bg_stars_far.png
 2.0 mb	 0.4% Assets/_Project/Generated/Art/bg_stars_near.png
 1.2 mb	 0.2% Assets/_Project/Generated/Art/kit_backdrop.png
 1.0 mb	 0.2% Assets/_Project/Generated/Art/studio_emblem.png
 1.0 mb	 0.2% Assets/_Project/Generated/Art/menu_rays.png
 684.9 kb	 0.1% Assets/_Project/Generated/Art/bg_nebula.png
 527.0 kb	 0.1% Resources/unity_builtin_extra
 401.4 kb	 0.1% Assets/_Project/Generated/Art/menu_pedestal.png
 401.3 kb	 0.1% Assets/_Project/Generated/Art/menu_ribbon.png
 342.7 kb	 0.1% Assets/_Project/Generated/Art/bg_planet_donut.png
 342.7 kb	 0.1% Assets/_Project/Generated/Art/pilot_hamster.png
 342.7 kb	 0.1% Assets/_Project/Generated/Art/pilot_mystery.png
 342.7 kb	 0.1% Assets/_Project/Generated/Art/jelly_king.png
 342.7 kb	 0.1% Assets/_Project/Generated/Art/jelly_bear.png
 342.6 kb	 0.1% Assets/_Project/Generated/Art/ship_mystery.png
 342.6 kb	 0.1% Assets/_Project/Generated/Art/icon_research.png
 342.6 kb	 0.1% Assets/_Project/Generated/Art/queen_hen.png
 342.6 kb	 0.1% Assets/_Project/Generated/Art/ship_fox.png
 342.6 kb	 0.1% Assets/_Project/Generated/Art/pilot_cat.png
 342.6 kb	 0.1% Assets/_Project/Generated/Art/ship_cat.png
 342.6 kb	 0.1% Assets/_Project/Generated/Art/pilot_fox.png
 342.6 kb	 0.1% Assets/_Project/Generated/Art/bunny.png
 342.6 kb	 0.1% Assets/_Project/Generated/Art/pilot_lamb.png
 342.6 kb	 0.1% Assets/_Project/Generated/Art/ship_lamb.png
 342.6 kb	 0.1% Assets/_Project/Generated/Art/pilot_bunny.png
 342.6 kb	 0.1% Assets/_Project/Generated/Art/chick_elite.png
 342.6 kb	 0.1% Assets/_Project/Generated/Art/candy_bee.png
 342.6 kb	 0.1% Assets/_Project/Generated/Art/chick.png
 342.5 kb	 0.1% Assets/_Project/Generated/Art/ship_chick.png
 342.5 kb	 0.1% Assets/_Project/Generated/Art/gum_balloon.png
 342.5 kb	 0.1% Assets/_Project/Generated/Art/icon_weapons.png
 342.5 kb	 0.1% Assets/_Project/Generated/Art/ship_penguin.png
 342.5 kb	 0.1% Assets/_Project/Generated/Art/pilot_chick.png
 342.5 kb	 0.1% Assets/_Project/Generated/Art/bg_planet_ring.png
 342.5 kb	 0.1% Assets/_Project/Generated/Art/ship_hamster.png
 342.4 kb	 0.1% Assets/_Project/Generated/Art/pilot_penguin.png
 342.4 kb	 0.1% Assets/_Project/Generated/Art/cookie_robot.png
 342.4 kb	 0.1% Assets/_Project/Generated/Art/cookie_mech.png
 342.4 kb	 0.1% Assets/_Project/Generated/Art/bg_planet_moon.png
 342.4 kb	 0.1% Assets/_Project/Generated/Art/icon_gift.png
 342.4 kb	 0.1% Assets/_Project/Generated/Art/donut_ufo.png
 342.3 kb	 0.1% Assets/_Project/Generated/Art/kit_spot.png
 342.3 kb	 0.1% Assets/_Project/Generated/Art/marshmallow.png
 342.3 kb	 0.1% Assets/_Project/Generated/Art/ice_cream.png
 301.4 kb	 0.1% Assets/_Project/Generated/Art/kit_platform.png
 171.3 kb	 0.0% Assets/_Project/Generated/Art/ui_shine.png
 134.2 kb	 0.0% Assets/_Project/Generated/Art/kit_pill.png
 134.1 kb	 0.0% Assets/_Project/Generated/Art/kit_btn_yellow.png
 134.1 kb	 0.0% Assets/_Project/Generated/Art/kit_btn_violet.png
 134.1 kb	 0.0% Assets/_Project/Generated/Art/kit_btn_purple.png
 134.1 kb	 0.0% Assets/_Project/Generated/Art/kit_btn_orange.png
 134.1 kb	 0.0% Assets/_Project/Generated/Art/kit_btn_lavender.png
 134.1 kb	 0.0% Assets/_Project/Generated/Art/kit_btn_green.png
 134.1 kb	 0.0% Assets/_Project/Generated/Art/kit_panel.png
 134.1 kb	 0.0% Assets/_Project/Generated/Art/kit_btn_pink.png
 134.1 kb	 0.0% Assets/_Project/Generated/Art/kit_btn_blue.png
 112.3 kb	 0.0% Assets/_Project/Fonts/PaytoneOne.ttf
 86.3 kb	 0.0% Assets/_Project/Generated/Art/icon_pause.png
 86.3 kb	 0.0% Assets/_Project/Generated/Art/icon_gear.png
 86.2 kb	 0.0% Assets/_Project/Generated/Art/shark.png
 86.2 kb	 0.0% Assets/_Project/Generated/Art/fish.png
 86.2 kb	 0.0% Assets/_Project/Generated/Art/icon_ad.png
 86.2 kb	 0.0% Assets/_Project/Generated/Art/icon_paw.png
 86.2 kb	 0.0% Assets/_Project/Generated/Art/cat.png
 86.2 kb	 0.0% Assets/_Project/Generated/Art/icon_trophy.png
 86.2 kb	 0.0% Assets/_Project/Generated/Art/Icons/icon_yarn_launcher.png
 86.2 kb	 0.0% Assets/_Project/Generated/Art/Icons/icon_turtle_shell.png
 86.2 kb	 0.0% Assets/_Project/Generated/Art/Icons/icon_stretchy_gum.png
 86.2 kb	 0.0% Assets/_Project/Generated/Art/Icons/icon_star_boomerang.png
 86.2 kb	 0.0% Assets/_Project/Generated/Art/Icons/icon_spark_pistol.png
 86.2 kb	 0.0% Assets/_Project/Generated/Art/Icons/icon_lucky_clover.png
 86.2 kb	 0.0% Assets/_Project/Generated/Art/Icons/icon_glass_cannon.png
 86.2 kb	 0.0% Assets/_Project/Generated/Art/Icons/icon_fish_missile.png
 86.2 kb	 0.0% Assets/_Project/Generated/Art/Icons/icon_feather_blaster.png
 86.2 kb	 0.0% Assets/_Project/Generated/Art/Icons/icon_double_barrel.png
 86.2 kb	 0.0% Assets/_Project/Generated/Art/Icons/icon_crystal_glasses.png
 86.2 kb	 0.0% Assets/_Project/Generated/Art/Icons/icon_chick_cannon.png
 86.2 kb	 0.0% Assets/_Project/Generated/Art/Icons/icon_carrot_shield.png
 86.2 kb	 0.0% Assets/_Project/Generated/Art/Icons/icon_bubble_rifle.png
 86.2 kb	 0.0% Assets/_Project/Generated/Art/Icons/icon_bubble_orbit.png
 86.2 kb	 0.0% Assets/_Project/Generated/Art/Icons/icon_battery_collar.png
 86.2 kb	 0.0% Assets/_Project/Generated/Art/Icons/icon_yarn_ball.png
 86.2 kb	 0.0% Assets/_Project/Generated/Art/Icons/icon_wise_owl.png
 86.2 kb	 0.0% Assets/_Project/Generated/Art/Icons/icon_tiger_eye.png
 86.2 kb	 0.0% Assets/_Project/Generated/Art/Icons/icon_sugar_heart.png
 86.2 kb	 0.0% Assets/_Project/Generated/Art/Icons/icon_star_bow.png
 86.2 kb	 0.0% Assets/_Project/Generated/Art/Icons/icon_spark_cat.png
 86.2 kb	 0.0% Assets/_Project/Generated/Art/Icons/icon_sharp_claws.png
 86.2 kb	 0.0% Assets/_Project/Generated/Art/Icons/icon_moon_dust.png
 86.2 kb	 0.0% Assets/_Project/Generated/Art/Icons/icon_last_stand.png
 86.2 kb	 0.0% Assets/_Project/Generated/Art/Icons/icon_golden_paw.png
 86.2 kb	 0.0% Assets/_Project/Generated/Art/Icons/icon_egg_mortar.png
 86.2 kb	 0.0% Assets/_Project/Generated/Art/Icons/icon_ice_gun.png
 86.2 kb	 0.0% Assets/_Project/Generated/Art/Icons/icon_hot_pan.png
 86.2 kb	 0.0% Assets/_Project/Generated/Art/yarn.png
 86.2 kb	 0.0% Assets/_Project/Generated/Art/Icons/icon_supernova_omelette.png
 86.2 kb	 0.0% Assets/_Project/Generated/Art/Icons/icon_mega_chick_cannon.png
 86.2 kb	 0.0% Assets/_Project/Generated/Art/Icons/icon_cosmic_breakfast.png
 86.2 kb	 0.0% Assets/_Project/Generated/Art/Icons/icon_candy_shield_galaxy.png
 86.1 kb	 0.0% Assets/_Project/Generated/Art/Icons/icon_yarn_cyclone.png
 86.1 kb	 0.0% Assets/_Project/Generated/Art/Icons/icon_thunder_pistol.png
 86.1 kb	 0.0% Assets/_Project/Generated/Art/Icons/icon_rainbow_storm.png
 86.1 kb	 0.0% Assets/_Project/Generated/Art/Icons/icon_galaxy_vortex.png
 86.1 kb	 0.0% Assets/_Project/Generated/Art/Icons/icon_feather_storm.png
 86.1 kb	 0.0% Assets/_Project/Generated/Art/Icons/icon_bubble_storm.png
 86.1 kb	 0.0% Assets/_Project/Generated/Art/circle.png
 86.1 kb	 0.0% Assets/_Project/Generated/Art/Icons/icon_storm_cat.png
 86.1 kb	 0.0% Assets/_Project/Generated/Art/Icons/icon_shark_swarm.png
 86.1 kb	 0.0% Assets/_Project/Generated/Art/Icons/icon_gum_rings.png
 86.1 kb	 0.0% Assets/_Project/Generated/Art/Icons/icon_glacier_gun.png
 86.1 kb	 0.0% Assets/_Project/Generated/Art/Icons/icon_cosmic_yarn.png
 86.1 kb	 0.0% Assets/_Project/Generated/Art/Icons/icon_comet_bow.png
 86.1 kb	 0.0% Assets/_Project/Generated/Art/chest_open.png
 86.1 kb	 0.0% Assets/_Project/Generated/Art/ui_button.png
 86.1 kb	 0.0% Assets/_Project/Generated/Art/icon_play.png
 86.1 kb	 0.0% Assets/_Project/Generated/Art/chest_closed.png
 86.1 kb	 0.0% Assets/_Project/Generated/Art/icon_home.png
 85.9 kb	 0.0% Assets/_Project/Generated/Art/ui_edge_glow.png
 85.4 kb	 0.0% Assets/_Project/Generated/Art/b_yarn.png
 75.7 kb	 0.0% Assets/_Project/Generated/Art/ui_navbar.png
 64.6 kb	 0.0% Assets/_Project/Generated/Art/fx_laser_beam.png
 64.6 kb	 0.0% Assets/_Project/Generated/Art/kit_tabbar.png
 48.3 kb	 0.0% Assets/_Project/Generated/Art/ui_capsule.png
 36.9 kb	 0.0% Assets/_Project/Generated/Art/icon_stardust.png
 36.7 kb	 0.0% Assets/_Project/Generated/Art/ui_rounded.png
 28.7 kb	 0.0% Assets/_Project/Generated/Art/ui_bar_track.png
 22.8 kb	 0.0% Assets/_Project/Generated/Art/ui_bar_fill.png
 17.2 kb	 0.0% Assets/_Project/Generated/Art/fx_laser_warn.png
 17.0 kb	 0.0% Assets/_Project/Generated/Art/bubble.png
 16.8 kb	 0.0% Assets/_Project/Generated/Art/kit_dot_red.png
 16.8 kb	 0.0% Assets/_Project/Generated/Art/kit_dot_gold.png
 16.8 kb	 0.0% Assets/_Project/Generated/Art/star.png
 16.7 kb	 0.0% Assets/_Project/Generated/Art/p_gem_pink.png
 16.7 kb	 0.0% Assets/_Project/Generated/Art/p_gem_blue.png
 16.7 kb	 0.0% Assets/_Project/Generated/Art/p_coin.png
 16.7 kb	 0.0% Assets/_Project/Generated/Art/p_heart.png
 16.7 kb	 0.0% Assets/_Project/Generated/Art/egg.png
 16.6 kb	 0.0% Assets/_Project/Generated/Art/kit_power.png
 16.6 kb	 0.0% Assets/_Project/Generated/Art/ui_vignette.png
 16.1 kb	 0.0% Assets/_Project/Generated/Art/b_jelly_small.png
 16.1 kb	 0.0% Assets/_Project/Generated/Art/b_feather_giant.png
 16.1 kb	 0.0% Assets/_Project/Generated/Art/b_boss_special.png
 16.1 kb	 0.0% Assets/_Project/Generated/Art/p_gold_bar.png
 16.1 kb	 0.0% Assets/_Project/Generated/Art/p_gem_green.png
 16.1 kb	 0.0% Assets/_Project/Generated/Art/p_coin_big.png
 16.1 kb	 0.0% Assets/_Project/Generated/Art/b_stinger.png
 16.1 kb	 0.0% Assets/_Project/Generated/Art/b_gold_egg.png
 16.1 kb	 0.0% Assets/_Project/Generated/Art/b_feather.png
 16.1 kb	 0.0% Assets/_Project/Generated/Art/b_enemy_big.png
 16.1 kb	 0.0% Assets/_Project/Generated/Art/p_magnet.png
 16.1 kb	 0.0% Assets/_Project/Generated/Art/p_bomb.png
 16.1 kb	 0.0% Assets/_Project/Generated/Art/b_star.png
 16.1 kb	 0.0% Assets/_Project/Generated/Art/b_spark.png
 16.1 kb	 0.0% Assets/_Project/Generated/Art/b_scoop.png
 16.1 kb	 0.0% Assets/_Project/Generated/Art/b_puff.png
 16.1 kb	 0.0% Assets/_Project/Generated/Art/b_meteor.png
 16.1 kb	 0.0% Assets/_Project/Generated/Art/b_jelly.png
 16.1 kb	 0.0% Assets/_Project/Generated/Art/b_ice.png
 16.1 kb	 0.0% Assets/_Project/Generated/Art/b_gum.png
 16.1 kb	 0.0% Assets/_Project/Generated/Art/b_enemy.png
 16.1 kb	 0.0% Assets/_Project/Generated/Art/b_egg.png
 16.1 kb	 0.0% Assets/_Project/Generated/Art/b_crumb.png
 16.1 kb	 0.0% Assets/_Project/Generated/Art/b_chick.png
 12.6 kb	 0.0% Assets/_Project/Generated/Art/bg_sky.png
 7.6 kb	 0.0% Assets/_Project/Generated/Art/kit_bar_green.png
 7.6 kb	 0.0% Assets/_Project/Generated/Art/kit_bar_ink.png
 7.6 kb	 0.0% Assets/_Project/Generated/Art/kit_bar_gold.png
 6.4 kb	 0.0% Assets/_Project/Shaders/InstancedSprite.shader
 5.0 kb	 0.0% Assets/_Project/Shaders/SpriteWhiteFlash.shader
 2.4 kb	 0.0% Assets/_Project/Generated/Data/Constellation.asset
 1.8 kb	 0.0% Assets/_Project/Generated/Data/Runs/Run_3.asset
 1.8 kb	 0.0% Assets/_Project/Generated/Data/Runs/Run_2.asset
 1.8 kb	 0.0% Assets/_Project/Generated/Data/Runs/Run_1.asset
 1.6 kb	 0.0% Assets/Resources/PerformanceTestRunInfo.json
 1.1 kb	 0.0% Assets/_Project/Generated/Art/confetti.png
 0.9 kb	 0.0% Assets/_Project/Generated/Prefabs/E_QueenHen.prefab
 0.8 kb	 0.0% Assets/_Project/Generated/Prefabs/E_CookieMech.prefab
 0.8 kb	 0.0% Assets/_Project/Generated/Data/Weapons/spark_pistol.asset
 0.8 kb	 0.0% Assets/_Project/Generated/Data/Weapons/star_bow.asset
 0.7 kb	 0.0% Assets/_Project/Generated/Prefabs/E_JellyKing.prefab
 0.7 kb	 0.0% Assets/_Project/Generated/Data/Weapons/ice_gun.asset
 0.7 kb	 0.0% Assets/_Project/Generated/Data/Weapons/bubble_rifle.asset
 0.7 kb	 0.0% Assets/_Project/Generated/Data/Weapons/feather_blaster.asset
 0.7 kb	 0.0% Assets/_Project/Generated/Data/Weapons/yarn_launcher.asset
 0.7 kb	 0.0% Assets/_Project/Generated/Data/Weapons/chick_cannon.asset
 0.6 kb	 0.0% Assets/_Project/Generated/Data/Weapons/bubble_orbit.asset
 0.6 kb	 0.0% Assets/_Project/Generated/Data/Weapons/star_boomerang.asset
 0.6 kb	 0.0% Assets/_Project/Generated/Data/Weapons/fish_missile.asset
 0.6 kb	 0.0% Packages/com.google.ads.mobile/GoogleMobileAds/GoogleMobileAds.Common.dll
 0.6 kb	 0.0% Assets/_Project/Generated/Data/Weapons/yarn_ball.asset
 0.6 kb	 0.0% Assets/_Project/Generated/Data/Weapons/spark_cat.asset
 0.6 kb	 0.0% Assets/_Project/Generated/Data/Weapons/egg_mortar.asset
 0.6 kb	 0.0% Assets/_Project/Generated/Prefabs/E_Marshmallow.prefab
 0.6 kb	 0.0% Assets/_Project/Generated/Prefabs/E_IceCreamTower.prefab
 0.6 kb	 0.0% Assets/_Project/Generated/Prefabs/E_CookieRobot.prefab
 0.6 kb	 0.0% Assets/_Project/Generated/Prefabs/E_JellyBear.prefab
 0.6 kb	 0.0% Assets/_Project/Generated/Prefabs/E_GumBalloon.prefab
 0.6 kb	 0.0% Assets/_Project/Generated/Prefabs/E_EliteChick.prefab
 0.6 kb	 0.0% Assets/_Project/Generated/Prefabs/E_DonutUfo.prefab
 0.6 kb	 0.0% Assets/_Project/Generated/Prefabs/E_CandyBee.prefab
 0.6 kb	 0.0% Assets/_Project/Generated/Prefabs/E_Chick.prefab
 0.5 kb	 0.0% Assets/_Project/Generated/Materials/Quad.asset
 0.4 kb	 0.0% Assets/_Project/Generated/Data/Weapons/feather_storm.asset
 0.3 kb	 0.0% Assets/_Project/Generated/Data/Weapons/shark_swarm.asset
 0.3 kb	 0.0% Assets/_Project/Generated/Data/Weapons/rainbow_storm.asset
 0.3 kb	 0.0% Assets/_Project/Generated/Data/Weapons/comet_bow.asset
 0.3 kb	 0.0% Assets/_Project/Generated/Data/Weapons/candy_shield_galaxy.asset
 0.3 kb	 0.0% Assets/_Project/Generated/Data/Weapons/supernova_omelette.asset
 0.3 kb	 0.0% Assets/_Project/Generated/Data/Weapons/yarn_cyclone.asset
 0.3 kb	 0.0% Assets/_Project/Generated/Data/Weapons/storm_cat.asset
 0.3 kb	 0.0% Assets/_Project/Generated/Data/Weapons/thunder_pistol.asset
 0.3 kb	 0.0% Assets/_Project/Generated/Data/Weapons/gum_rings.asset
 0.3 kb	 0.0% Assets/_Project/Generated/Data/Weapons/mega_chick_cannon.asset
 0.3 kb	 0.0% Assets/_Project/Generated/Data/Weapons/galaxy_vortex.asset
 0.3 kb	 0.0% Assets/_Project/Generated/Data/Weapons/bubble_storm.asset
 0.3 kb	 0.0% Assets/_Project/Generated/Data/Weapons/glacier_gun.asset
 0.3 kb	 0.0% Assets/_Project/Generated/Data/Weapons/cosmic_breakfast.asset
 0.3 kb	 0.0% Assets/_Project/Generated/Materials/SpriteUnlit.mat
 0.3 kb	 0.0% Assets/_Project/Generated/Data/Weapons/cosmic_yarn.asset
 0.3 kb	 0.0% Assets/_Project/Generated/Materials/Confetti.mat
 0.3 kb	 0.0% Assets/_Project/Generated/Materials/Line.mat
 0.3 kb	 0.0% Assets/_Project/Generated/Prefabs/W_BubbleOrbit.prefab
 0.3 kb	 0.0% Assets/_Project/Generated/Prefabs/W_GumRings.prefab
 0.3 kb	 0.0% Assets/_Project/Generated/Prefabs/W_StormCat.prefab
 0.3 kb	 0.0% Assets/_Project/Generated/Prefabs/W_SparkCat.prefab
 0.2 kb	 0.0% Assets/_Project/Generated/Prefabs/W_FishMissile.prefab
 0.2 kb	 0.0% Assets/_Project/Generated/Prefabs/W_StarBoomerang.prefab
 0.2 kb	 0.0% Assets/_Project/Generated/Prefabs/W_SharkSwarm.prefab
 0.2 kb	 0.0% Assets/_Project/Generated/Prefabs/W_GalaxyVortex.prefab
 0.2 kb	 0.0% Assets/_Project/Generated/Prefabs/W_SupernovaOmelette.prefab
 0.2 kb	 0.0% Assets/_Project/Generated/Prefabs/W_EggMortar.prefab
 0.2 kb	 0.0% Assets/_Project/Generated/Prefabs/W_YarnBall.prefab
 0.2 kb	 0.0% Assets/_Project/Generated/Prefabs/W_CosmicYarn.prefab
 0.2 kb	 0.0% Assets/_Project/Generated/Data/Passives/double_barrel.asset
 0.2 kb	 0.0% Assets/_Project/Generated/Prefabs/W_glacier_gun.prefab
 0.2 kb	 0.0% Assets/_Project/Generated/Data/Passives/turtle_shell.asset
 0.2 kb	 0.0% Assets/_Project/Generated/Data/Characters/gizli.asset
 0.2 kb	 0.0% Assets/_Project/Generated/Prefabs/W_ice_gun.prefab
 0.2 kb	 0.0% Assets/_Project/Generated/Data/Characters/pengu.asset
 0.2 kb	 0.0% Assets/_Project/Generated/Data/Characters/civik.asset
 0.2 kb	 0.0% Assets/_Project/Generated/Prefabs/W_Fusion_cosmic_breakfast.prefab
 0.2 kb	 0.0% Assets/_Project/Generated/Prefabs/W_Fusion_candy_shield_galaxy.prefab
 0.2 kb	 0.0% Assets/_Project/Generated/Prefabs/W_Fusion_rainbow_storm.prefab
 0.2 kb	 0.0% Assets/_Project/Generated/Data/Passives/crystal_glasses.asset
 0.2 kb	 0.0% Assets/_Project/Generated/Data/Characters/yildizpati.asset
 0.2 kb	 0.0% Assets/_Project/Generated/Data/Characters/balonbas.asset
 0.2 kb	 0.0% Assets/_Project/Generated/Prefabs/W_thunder_pistol.prefab
 0.2 kb	 0.0% Assets/_Project/Generated/Prefabs/W_spark_pistol.prefab
 0.2 kb	 0.0% Assets/_Project/Generated/Data/Passives/golden_paw.asset
 0.2 kb	 0.0% Assets/_Project/Generated/Data/Characters/pitir.asset
 0.2 kb	 0.0% Assets/_Project/Generated/Data/Passives/sharp_claws.asset
 0.2 kb	 0.0% Assets/_Project/Generated/Data/Characters/mirnav.asset
 0.2 kb	 0.0% Assets/_Project/Generated/Prefabs/W_mega_chick_cannon.prefab
 0.2 kb	 0.0% Packages/com.unity.mathematics/Unity.Mathematics/Il2CppEagerStaticClassConstructionAttribute.cs
 0.2 kb	 0.0% Assets/_Project/Generated/Prefabs/W_yarn_launcher.prefab
 0.2 kb	 0.0% Assets/_Project/Generated/Prefabs/W_yarn_cyclone.prefab
 0.2 kb	 0.0% Assets/_Project/Generated/Prefabs/W_chick_cannon.prefab
 0.2 kb	 0.0% Assets/_Project/Generated/Prefabs/W_bubble_storm.prefab
 0.2 kb	 0.0% Assets/_Project/Generated/Prefabs/W_bubble_rifle.prefab
 0.2 kb	 0.0% Assets/_Project/Generated/Prefabs/W_FeatherStorm.prefab
 0.2 kb	 0.0% Assets/_Project/Generated/Prefabs/W_FeatherBlaster.prefab
 0.2 kb	 0.0% Assets/_Project/Generated/Data/Passives/wise_owl.asset
 0.2 kb	 0.0% Assets/_Project/Generated/Data/Passives/tiger_eye.asset
 0.2 kb	 0.0% Assets/_Project/Generated/Data/Passives/last_stand.asset
 0.2 kb	 0.0% Assets/_Project/Generated/Data/Characters/kuzu.asset
 0.2 kb	 0.0% Assets/_Project/Generated/Prefabs/W_star_bow.prefab
 0.2 kb	 0.0% Assets/_Project/Generated/Prefabs/W_comet_bow.prefab
 0.2 kb	 0.0% Packages/com.unity.collections/Unity.Collections/GenerateTestsForBurstCompatibilityAttribute.cs
 0.2 kb	 0.0% Assets/_Project/Generated/Data/Passives/stretchy_gum.asset
 0.2 kb	 0.0% Assets/_Project/Generated/Data/Passives/lucky_clover.asset
 0.2 kb	 0.0% Assets/_Project/Generated/Data/Passives/glass_cannon.asset
 0.2 kb	 0.0% Assets/_Project/Generated/Data/Passives/battery_collar.asset
 0.2 kb	 0.0% Packages/com.unity.inputsystem/InputSystem/Editor/UITKAssetEditor/Views/CompositePartBindingPropertiesView.cs
 0.2 kb	 0.0% Packages/com.unity.inputsystem/InputSystem/Editor/UITKAssetEditor/Views/CollectionViewSelectionChangeFilter.cs
 0.2 kb	 0.0% Packages/com.unity.inputsystem/InputSystem/Editor/UITKAssetEditor/InputActionsEditorSettingsProvider.cs
 0.2 kb	 0.0% Packages/com.unity.inputsystem/InputSystem/Editor/PropertyDrawers/InputActionReferenceSearchProviders.cs
 0.2 kb	 0.0% Packages/com.unity.inputsystem/InputSystem/Editor/PropertyDrawers/InputActionReferencePropertyDrawer.cs
 0.2 kb	 0.0% Packages/com.unity.inputsystem/InputSystem/Editor/Analytics/InputActionsEditorSessionAnalytic.cs
 0.2 kb	 0.0% Packages/com.unity.inputsystem/InputSystem/Devices/Commands/QueryEditorWindowCoordinatesCommand.cs
 0.2 kb	 0.0% Packages/com.unity.inputsystem/InputSystem/Devices/Commands/InitiateUserAccountPairingCommand.cs
 0.2 kb	 0.0% Assets/_Project/Generated/Data/Passives/carrot_shield.asset
 0.2 kb	 0.0% Packages/com.unity.inputsystem/InputSystem/Plugins/UI/StandaloneInputModuleEditor.cs
 0.2 kb	 0.0% Packages/com.unity.inputsystem/InputSystem/Plugins/UI/InputSystemUIInputModuleEditor.cs
 0.1 kb	 0.0% Packages/com.unity.inputsystem/InputSystem/Editor/UITKAssetEditor/Views/CompositeBindingPropertiesView.cs
 0.1 kb	 0.0% Packages/com.unity.inputsystem/InputSystem/Editor/UITKAssetEditor/InputActionsEditorWindowUtils.cs
 0.1 kb	 0.0% Packages/com.unity.inputsystem/InputSystem/Editor/PropertyDrawers/InputActionAssetSearchProvider.cs
 0.1 kb	 0.0% Packages/com.unity.inputsystem/InputSystem/Editor/ProjectWideActions/ProjectWideActionsBuildProvider.cs
 0.1 kb	 0.0% Packages/com.unity.inputsystem/InputSystem/Editor/Internal/SerializedPropertyLinqExtensions.cs
 0.1 kb	 0.0% Packages/com.unity.inputsystem/InputSystem/Editor/Internal/InputActionSerializationHelpers.cs
 0.1 kb	 0.0% Packages/com.unity.inputsystem/InputSystem/Editor/EditorInputControlLayoutCache.cs
 0.1 kb	 0.0% Packages/com.unity.inputsystem/InputSystem/Editor/ControlPicker/Layouts/TouchscreenControlPickerLayout.cs
 0.1 kb	 0.0% Packages/com.unity.inputsystem/InputSystem/Editor/ControlPicker/Layouts/DefaultInputControlPickerLayout.cs
 0.1 kb	 0.0% Packages/com.unity.inputsystem/InputSystem/Editor/Analytics/VirtualMouseInputEditorAnalytic.cs
 0.1 kb	 0.0% Packages/com.unity.inputsystem/InputSystem/Editor/Analytics/PlayerInputManagerEditorAnalytic.cs
 0.1 kb	 0.0% Packages/com.unity.inputsystem/InputSystem/Devices/Commands/QuerySamplingFrequencyCommand.cs
 0.1 kb	 0.0% Packages/com.unity.inputsystem/InputSystem/Devices/Commands/QueryPairedUserAccountCommand.cs
 0.1 kb	 0.0% Assets/_Project/Generated/Materials/I_b_feather_giant.mat
 0.1 kb	 0.0% Assets/_Project/Generated/Data/Passives/sugar_heart.asset
 0.1 kb	 0.0% Assets/_Project/Generated/Data/Passives/hot_pan.asset
 0.1 kb	 0.0% Packages/com.unity.inputsystem/InputSystem/Utilities/DisplayStringFormatAttribute.cs
 0.1 kb	 0.0% Packages/com.unity.inputsystem/InputSystem/Plugins/XR/Haptics/SendBufferedHapticsCommand.cs
 0.1 kb	 0.0% Packages/com.unity.inputsystem/InputSystem/Plugins/XR/Haptics/GetHapticCapabilitiesCommand.cs
 0.1 kb	 0.0% Packages/com.unity.inputsystem/InputSystem/Plugins/XR/Haptics/GetCurrentHapticStateCommand.cs
 0.1 kb	 0.0% Packages/com.unity.inputsystem/InputSystem/Plugins/UI/ExtendedSubmitCancelEventData.cs
 0.1 kb	 0.0% Packages/com.unity.inputsystem/InputSystem/Plugins/Android/AndroidGameController.cs
 0.1 kb	 0.0% Packages/com.unity.inputsystem/InputSystem/Controls/Processors/NormalizeVector3Processor.cs
 0.1 kb	 0.0% Packages/com.unity.inputsystem/InputSystem/Controls/Processors/NormalizeVector2Processor.cs
 0.1 kb	 0.0% Packages/com.unity.inputsystem/InputSystem/Controls/Processors/EditorWindowSpaceProcessor.cs
 0.1 kb	 0.0% Packages/com.unity.inputsystem/InputSystem/Controls/Processors/CompensateRotationProcessor.cs
 0.1 kb	 0.0% Packages/com.unity.inputsystem/InputSystem/Controls/Processors/CompensateDirectionProcessor.cs
 0.1 kb	 0.0% Packages/com.unity.collections/Unity.Collections/UnsafeParallelHashSetExtensions.gen.cs
 0.1 kb	 0.0% Packages/com.unity.collections/Unity.Collections/UnsafeParallelHashMap.cs
 0.1 kb	 0.0% Assets/_Project/Generated/Materials/SpriteFlash.mat
 0.1 kb	 0.0% Assets/_Project/Generated/Materials/I_p_gem_green.mat
 0.1 kb	 0.0% Assets/_Project/Generated/Materials/I_b_jelly_small.mat
 0.1 kb	 0.0% Assets/_Project/Generated/Materials/I_b_enemy_big.mat
 0.1 kb	 0.0% Assets/_Project/Generated/Materials/I_b_boss_special.mat
 0.1 kb	 0.0% Assets/_Project/Generated/Data/Passives/moon_dust.asset
 0.1 kb	 0.0% Packages/com.unity.inputsystem/InputSystem/State/IInputStateCallbackReceiver.cs
 0.1 kb	 0.0% Packages/com.unity.inputsystem/InputSystem/Plugins/InputForUI/InputSystemProvider.cs
 0.1 kb	 0.0% Packages/com.unity.inputsystem/InputSystem/Plugins/DualShock/DualShockGamepadHID.cs
 0.1 kb	 0.0% Packages/com.unity.inputsystem/InputSystem/Editor/UITKAssetEditor/Views/NameAndParametersListView.cs
 0.1 kb	 0.0% Packages/com.unity.inputsystem/InputSystem/Editor/UITKAssetEditor/Views/InputActionMapsTreeViewItem.cs
 0.1 kb	 0.0% Packages/com.unity.inputsystem/InputSystem/Editor/UITKAssetEditor/InputActionsEditorConstants.cs
 0.1 kb	 0.0% Packages/com.unity.inputsystem/InputSystem/Editor/Settings/InputSettingsBuildProvider.cs
 0.1 kb	 0.0% Packages/com.unity.inputsystem/InputSystem/Editor/Settings/EditorPlayerSettingHelpers.cs
 0.1 kb	 0.0% Packages/com.unity.inputsystem/InputSystem/Editor/PropertyDrawers/InputActionPropertyDrawer.cs
 0.1 kb	 0.0% Packages/com.unity.inputsystem/InputSystem/Editor/PropertyDrawers/GamepadButtonPropertyDrawer.cs
 0.1 kb	 0.0% Packages/com.unity.inputsystem/InputSystem/Editor/Internal/SerializedPropertyHelpers.cs
 0.1 kb	 0.0% Packages/com.unity.inputsystem/InputSystem/Editor/Internal/AdvancedDropdown/AdvancedDropdownDataSource.cs
 0.1 kb	 0.0% Packages/com.unity.inputsystem/InputSystem/Editor/InputSystemPackageControl.cs
 0.1 kb	 0.0% Packages/com.unity.inputsystem/InputSystem/Editor/Debugger/SampleFrequencyCalculator.cs
 0.1 kb	 0.0% Packages/com.unity.inputsystem/InputSystem/Editor/Debugger/InputDeviceDebuggerWindow.cs
 0.1 kb	 0.0% Packages/com.unity.inputsystem/InputSystem/Editor/Debugger/InputActionDebuggerWindow.cs
 0.1 kb	 0.0% Packages/com.unity.inputsystem/InputSystem/Editor/ControlPicker/InputControlPickerDropdown.cs
 0.1 kb	 0.0% Packages/com.unity.inputsystem/InputSystem/Editor/ControlPicker/IInputControlPickerLayout.cs
 0.1 kb	 0.0% Packages/com.unity.inputsystem/InputSystem/Editor/AssetImporter/InputActionImporterEditor.cs
 0.1 kb	 0.0% Packages/com.unity.inputsystem/InputSystem/Editor/AssetImporter/InputActionAssetIconLoader.cs
 0.1 kb	 0.0% Packages/com.unity.inputsystem/InputSystem/Editor/AssetEditor/InputBindingPropertiesView.cs
 0.1 kb	 0.0% Packages/com.unity.inputsystem/InputSystem/Editor/AssetEditor/InputActionPropertiesView.cs
 0.1 kb	 0.0% Packages/com.unity.inputsystem/InputSystem/Editor/Analytics/PlayerInputEditorAnalytic.cs
 0.1 kb	 0.0% Packages/com.unity.inputsystem/InputSystem/Editor/Analytics/OnScreenStickEditorAnalytic.cs
 0.1 kb	 0.0% Packages/com.unity.inputsystem/InputSystem/Editor/Analytics/InputExitPlayModeAnalytic.cs
 0.1 kb	 0.0% Packages/com.unity.inputsystem/InputSystem/Editor/Analytics/InputComponentEditorAnalytic.cs
 0.1 kb	 0.0% Packages/com.unity.inputsystem/InputSystem/Devices/IInputUpdateCallbackReceiver.cs
 0.1 kb	 0.0% Packages/com.unity.inputsystem/InputSystem/Devices/Commands/SetSamplingFrequencyCommand.cs
 0.1 kb	 0.0% Packages/com.unity.inputsystem/InputSystem/Devices/Commands/SetIMECursorPositionCommand.cs
 0.1 kb	 0.0% Packages/com.unity.inputsystem/InputSystem/Devices/Commands/QueryKeyboardLayoutCommand.cs
 0.1 kb	 0.0% Packages/com.unity.inputsystem/InputSystem/Devices/Commands/EnableIMECompositionCommand.cs
 0.1 kb	 0.0% Packages/com.unity.inputsystem/InputSystem/Controls/InputControlLayoutAttribute.cs
 0.1 kb	 0.0% Packages/com.unity.inputsystem/InputSystem/Actions/InputActionRebindingExtensions.cs
 0.1 kb	 0.0% Packages/com.unity.collections/Unity.Collections/UnsafeNotBurstCompatible.cs
 0.1 kb	 0.0% Assets/_Project/Generated/Materials/I_p_magnet.mat
 0.1 kb	 0.0% Assets/_Project/Generated/Materials/I_p_heart.mat
 0.1 kb	 0.0% Assets/_Project/Generated/Materials/I_p_gold_bar.mat
 0.1 kb	 0.0% Assets/_Project/Generated/Materials/I_p_gem_pink.mat
 0.1 kb	 0.0% Assets/_Project/Generated/Materials/I_p_gem_blue.mat
 0.1 kb	 0.0% Assets/_Project/Generated/Materials/I_p_coin_big.mat
 0.1 kb	 0.0% Assets/_Project/Generated/Materials/I_b_stinger.mat
 0.1 kb	 0.0% Assets/_Project/Generated/Materials/I_b_spark.mat
 0.1 kb	 0.0% Assets/_Project/Generated/Materials/I_b_scoop.mat
 0.1 kb	 0.0% Assets/_Project/Generated/Materials/I_b_meteor.mat
 0.1 kb	 0.0% Assets/_Project/Generated/Materials/I_b_jelly.mat
 0.1 kb	 0.0% Assets/_Project/Generated/Materials/I_b_gold_egg.mat
 0.1 kb	 0.0% Assets/_Project/Generated/Materials/I_b_feather.mat
 0.1 kb	 0.0% Assets/_Project/Generated/Materials/I_b_enemy.mat
 0.1 kb	 0.0% Assets/_Project/Generated/Materials/I_b_crumb.mat
 0.1 kb	 0.0% Assets/_Project/Generated/Materials/I_b_chick.mat
 0.1 kb	 0.0% Packages/com.unity.ugui/Runtime/UGUI/EventSystem/UIElements/UIToolkitInteroperabilityBridge.cs
 0.1 kb	 0.0% Packages/com.unity.inputsystem/InputSystem/Utilities/Observables/ForDeviceEventObservable.cs
 0.1 kb	 0.0% Packages/com.unity.inputsystem/InputSystem/Plugins/XR/Haptics/SendHapticImpulseCommand.cs
 0.1 kb	 0.0% Packages/com.unity.inputsystem/InputSystem/Plugins/Android/AndroidSensors.cs
 0.1 kb	 0.0% Packages/com.unity.inputsystem/InputSystem/Editor/AssetEditor/NameAndParameterListView.cs
 0.1 kb	 0.0% Packages/com.unity.inputsystem/InputSystem/Controls/Processors/StickDeadzoneProcessor.cs
 0.1 kb	 0.0% Packages/com.unity.inputsystem/InputSystem/Controls/Processors/ScaleVector3Processor.cs
 0.1 kb	 0.0% Packages/com.unity.inputsystem/InputSystem/Controls/Processors/ScaleVector2Processor.cs
 0.1 kb	 0.0% Packages/com.unity.inputsystem/InputSystem/Controls/Processors/InvertVector3Processor.cs
 0.1 kb	 0.0% Packages/com.unity.inputsystem/InputSystem/Controls/Processors/InvertVector2Processor.cs
 0.1 kb	 0.0% Packages/com.unity.inputsystem/InputSystem/Controls/Processors/AxisDeadzoneProcessor.cs
 0.1 kb	 0.0% Packages/com.unity.inputsystem/InputSystem/Actions/Composites/TwoModifiersComposite.cs
 0.1 kb	 0.0% Packages/com.unity.inputsystem/InputSystem/Actions/Composites/ButtonWithTwoModifiers.cs
 0.1 kb	 0.0% Packages/com.unity.inputsystem/InputSystem/Actions/Composites/ButtonWithOneModifier.cs
 0.1 kb	 0.0% Packages/com.unity.collections/Unity.Collections/UnsafeScratchAllocator.cs
 0.1 kb	 0.0% Packages/com.unity.collections/Unity.Collections/NativeParallelHashMapExtensions.cs
 0.1 kb	 0.0% Assets/_Project/Generated/Materials/I_p_coin.mat
 0.1 kb	 0.0% Assets/_Project/Generated/Materials/I_p_bomb.mat
 0.1 kb	 0.0% Assets/_Project/Generated/Materials/I_b_yarn.mat
 0.1 kb	 0.0% Assets/_Project/Generated/Materials/I_b_star.mat
 0.1 kb	 0.0% Assets/_Project/Generated/Materials/I_b_puff.mat
 0.1 kb	 0.0% Assets/_Project/Generated/Materials/I_b_ice.mat
 0.1 kb	 0.0% Assets/_Project/Generated/Materials/I_b_gum.mat
 0.1 kb	 0.0% Assets/_Project/Generated/Materials/I_b_egg.mat
 0.1 kb	 0.0% Assets/GoogleMobileAds/Resources/GoogleMobileAdsSettings.asset
 0.1 kb	 0.0% Packages/com.unity.ugui/Runtime/TMP/TMP_SpriteAssetImportFormats.cs
 0.1 kb	 0.0% Packages/com.unity.inputsystem/InputSystem/State/IInputStateChangeMonitor.cs
 0.1 kb	 0.0% Packages/com.unity.inputsystem/InputSystem/Plugins/iOS/IOSGameController.cs
 0.1 kb	 0.0% Packages/com.unity.inputsystem/InputSystem/Plugins/Users/InputUserAccountHandle.cs
 0.1 kb	 0.0% Packages/com.unity.inputsystem/InputSystem/Plugins/Switch/SwitchProControllerHID.cs
 0.1 kb	 0.0% Packages/com.unity.inputsystem/InputSystem/Plugins/PlayerInput/PlayerInputManagerEditor.cs
 0.1 kb	 0.0% Packages/com.unity.inputsystem/InputSystem/Plugins/OSX/OSXGameController.cs
 0.1 kb	 0.0% Packages/com.unity.inputsystem/InputSystem/Plugins/EnhancedTouch/EnhancedTouchSupport.cs
 0.1 kb	 0.0% Packages/com.unity.inputsystem/InputSystem/Events/DeviceConfigurationEvent.cs
 0.1 kb	 0.0% Packages/com.unity.inputsystem/InputSystem/Editor/UITKAssetEditor/Views/VisualElementExtensions.cs
 0.1 kb	 0.0% Packages/com.unity.inputsystem/InputSystem/Editor/UITKAssetEditor/Views/InputActionsTreeViewItem.cs
 0.1 kb	 0.0% Packages/com.unity.inputsystem/InputSystem/Editor/UITKAssetEditor/Views/InputActionsEditorView.cs
 0.1 kb	 0.0% Packages/com.unity.inputsystem/InputSystem/Editor/UITKAssetEditor/Views/BindingPropertiesView.cs
 0.1 kb	 0.0% Packages/com.unity.inputsystem/InputSystem/Editor/UITKAssetEditor/SerializedInputBinding.cs
 0.1 kb	 0.0% Packages/com.unity.inputsystem/InputSystem/Editor/UITKAssetEditor/SerializedInputActionMap.cs
 0.1 kb	 0.0% Packages/com.unity.inputsystem/InputSystem/Editor/UITKAssetEditor/SerializedInputAction.cs
 0.1 kb	 0.0% Packages/com.unity.inputsystem/InputSystem/Editor/UITKAssetEditor/InputActionsEditorWindow.cs
 0.1 kb	 0.0% Packages/com.unity.inputsystem/InputSystem/Editor/UITKAssetEditor/InputActionsEditorState.cs
 0.1 kb	 0.0% Packages/com.unity.inputsystem/InputSystem/Editor/UITKAssetEditor/Commands/ControlSchemeCommands.cs
 0.1 kb	 0.0% Packages/com.unity.inputsystem/InputSystem/Editor/Settings/InputSettingsProvider.cs
 0.1 kb	 0.0% Packages/com.unity.inputsystem/InputSystem/Editor/Settings/InputEditorUserSettings.cs
 0.1 kb	 0.0% Packages/com.unity.inputsystem/InputSystem/Editor/PropertyDrawers/InputControlPathDrawer.cs
 0.1 kb	 0.0% Packages/com.unity.inputsystem/InputSystem/Editor/PropertyDrawers/InputActionDrawerBase.cs
 0.1 kb	 0.0% Packages/com.unity.inputsystem/InputSystem/Editor/PropertyDrawers/InputActionAssetDrawer.cs
 0.1 kb	 0.0% Packages/com.unity.inputsystem/InputSystem/Editor/ProjectWideActions/ProjectWideActionsAsset.cs
 0.1 kb	 0.0% Packages/com.unity.inputsystem/InputSystem/Editor/Internal/AdvancedDropdown/AdvancedDropdownWindow.cs
 0.1 kb	 0.0% Packages/com.unity.inputsystem/InputSystem/Editor/Internal/AdvancedDropdown/AdvancedDropdownState.cs
 0.1 kb	 0.0% Packages/com.unity.inputsystem/InputSystem/Editor/InputSystemPluginControl.cs
 0.1 kb	 0.0% Packages/com.unity.inputsystem/InputSystem/Editor/InputLayoutCodeGenerator.cs
 0.1 kb	 0.0% Packages/com.unity.inputsystem/InputSystem/Editor/InputAssetEditorUtils.cs
 0.1 kb	 0.0% Packages/com.unity.inputsystem/InputSystem/Editor/Debugger/InputLatencyCalculator.cs
 0.1 kb	 0.0% Packages/com.unity.inputsystem/InputSystem/Editor/ControlPicker/InputControlPickerState.cs
 0.1 kb	 0.0% Packages/com.unity.inputsystem/InputSystem/Editor/ControlPicker/InputControlPathEditor.cs
 0.1 kb	 0.0% Packages/com.unity.inputsystem/InputSystem/Editor/ControlPicker/InputControlDropdownItem.cs
 0.1 kb	 0.0% Packages/com.unity.inputsystem/InputSystem/Editor/AssetImporter/InputActionCodeGenerator.cs
 0.1 kb	 0.0% Packages/com.unity.inputsystem/InputSystem/Editor/AssetImporter/InputActionAssetEditor.cs
 0.1 kb	 0.0% Packages/com.unity.inputsystem/InputSystem/Editor/AssetImporter/IInputActionAssetEditor.cs
 0.1 kb	 0.0% Packages/com.unity.inputsystem/InputSystem/Editor/AssetEditor/InputActionAssetManager.cs
 0.1 kb	 0.0% Packages/com.unity.inputsystem/InputSystem/Devices/Remote/RemoteInputPlayerConnection.cs
 0.1 kb	 0.0% Packages/com.unity.inputsystem/InputSystem/Devices/InputDeviceDescription.cs
 0.1 kb	 0.0% Packages/com.unity.inputsystem/InputSystem/Devices/Haptics/DualMotorRumbleCommand.cs
 0.1 kb	 0.0% Packages/com.unity.inputsystem/InputSystem/Devices/Commands/WarpMousePositionCommand.cs
 0.1 kb	 0.0% Packages/com.unity.inputsystem/InputSystem/Devices/Commands/QueryEnabledStateCommand.cs
 0.1 kb	 0.0% Packages/com.unity.inputsystem/InputSystem/Devices/Commands/QueryDimensionsCommand.cs
 0.1 kb	 0.0% Packages/com.unity.inputsystem/InputSystem/Devices/Commands/QueryCanRunInBackground.cs
 0.1 kb	 0.0% Packages/com.unity.inputsystem/InputSystem/Devices/Commands/IInputDeviceCommandInfo.cs
 0.1 kb	 0.0% Packages/com.unity.inputsystem/InputSystem/Controls/InputControlAttribute.cs
 0.1 kb	 0.0% Packages/com.unity.inputsystem/InputSystem/Controls/DiscreteButtonControl.cs
 0.1 kb	 0.0% Packages/com.unity.inputsystem/InputSystem/Actions/InputBindingCompositeContext.cs
 0.1 kb	 0.0% Packages/com.unity.inputsystem/InputSystem/Actions/InputActionSetupExtensions.cs
 0.1 kb	 0.0% Packages/com.unity.inputsystem/InputSystem/Actions/InputActionParameters.cs
 0.1 kb	 0.0% Packages/com.unity.collections/Unity.Collections/UnsafeAtomicCounter.cs
 0.1 kb	 0.0% Packages/com.unity.ugui/Runtime/UGUI/UI/Core/Layout/HorizontalOrVerticalLayoutGroup.cs
 0.1 kb	 0.0% Packages/com.unity.inputsystem/InputSystem/Utilities/NameAndParameters.cs
 0.1 kb	 0.0% Packages/com.unity.inputsystem/InputSystem/Utilities/CSharpCodeHelpers.cs
 0.1 kb	 0.0% Packages/com.unity.inputsystem/InputSystem/Plugins/UI/TrackedDeviceRaycaster.cs
 0.1 kb	 0.0% Packages/com.unity.inputsystem/InputSystem/Plugins/UI/MultiplayerEventSystem.cs
 0.1 kb	 0.0% Packages/com.unity.inputsystem/InputSystem/Plugins/UI/InputSystemUIInputModule.cs
 0.1 kb	 0.0% Packages/com.unity.inputsystem/InputSystem/Plugins/UI/ExtendedPointerEventData.cs
 0.1 kb	 0.0% Packages/com.unity.inputsystem/InputSystem/Plugins/UI/ExtendedAxisEventData.cs
 0.1 kb	 0.0% Packages/com.unity.inputsystem/InputSystem/Plugins/HID/HIDDescriptorWindow.cs
 0.1 kb	 0.0% Packages/com.unity.inputsystem/InputSystem/Plugins/DualShock/IDualShockHaptics.cs
 0.1 kb	 0.0% Packages/com.unity.inputsystem/InputSystem/Editor/AssetEditor/ParameterListView.cs
 0.1 kb	 0.0% Packages/com.unity.inputsystem/InputSystem/Editor/AssetEditor/InputActionTreeViewItems.cs
 0.1 kb	 0.0% Packages/com.unity.inputsystem/InputSystem/Controls/Processors/NormalizeProcessor.cs
 0.1 kb	 0.0% Packages/com.unity.inputsystem/InputSystem/Actions/Interactions/SlowTapInteraction.cs
 0.1 kb	 0.0% Packages/com.unity.inputsystem/InputSystem/Actions/Interactions/MultiTapInteraction.cs
 0.1 kb	 0.0% Packages/com.unity.inputsystem/InputSystem/Actions/Composites/OneModifierComposite.cs
 0.1 kb	 0.0% Packages/com.unity.collections/Unity.Collections/UnsafeUtilityEx.cs
 0.1 kb	 0.0% Packages/com.unity.collections/Unity.Collections/UnsafeAppendBuffer.cs
 0.1 kb	 0.0% Packages/com.unity.collections/Unity.Collections/NativeParallelHashSetExtensions.gen.cs
 0.1 kb	 0.0% Packages/com.unity.collections/Unity.Collections/Jobs/RegisterGenericJobTypeAttribute.cs
 0.1 kb	 0.0% Packages/com.unity.collections/Unity.Collections/DoubleRewindableAllocators.cs
 0.1 kb	 0.0% Packages/com.unity.collections/Unity.Collections/DataStreamExtensions.cs
 0.1 kb	 0.0% Packages/com.google.ads.mobile/GoogleMobileAds/Editor/GoogleMobileAdsSettings.cs
 0.1 kb	 0.0% Packages/com.unity.ugui/Runtime/TMP/TMP_DynamicFontAssetUtilities.cs
 0.1 kb	 0.0% Packages/com.unity.inputsystem/InputSystem/Utilities/Comparers.cs
 0.1 kb	 0.0% Packages/com.unity.inputsystem/InputSystem/State/InputStateHistory.cs
 0.1 kb	 0.0% Packages/com.unity.inputsystem/InputSystem/State/InputStateBuffers.cs
 0.1 kb	 0.0% Packages/com.unity.inputsystem/InputSystem/State/IInputStateTypeInfo.cs
 0.1 kb	 0.0% Packages/com.unity.inputsystem/InputSystem/Plugins/iOS/InputSettingsiOSProvider.cs
 0.1 kb	 0.0% Packages/com.unity.inputsystem/InputSystem/Plugins/Users/InputUserSettings.cs
 0.1 kb	 0.0% Packages/com.unity.inputsystem/InputSystem/Plugins/PlayerInput/PlayerInputEditor.cs
 0.1 kb	 0.0% Packages/com.unity.inputsystem/InputSystem/Plugins/EnhancedTouch/TouchSimulation.cs
 0.1 kb	 0.0% Packages/com.unity.inputsystem/InputSystem/NativeInputRuntime.cs
 0.1 kb	 0.0% Packages/com.unity.inputsystem/InputSystem/Events/InputEventListener.cs
 0.1 kb	 0.0% Packages/com.unity.inputsystem/InputSystem/Events/IMECompositionEvent.cs
 0.1 kb	 0.0% Packages/com.unity.inputsystem/InputSystem/Events/IInputEventTypeInfo.cs
 0.1 kb	 0.0% Packages/com.unity.inputsystem/InputSystem/Events/DeviceRemoveEvent.cs
 0.1 kb	 0.0% Packages/com.unity.inputsystem/InputSystem/Editor/UITKAssetEditor/Views/MatchingControlPaths.cs
 0.1 kb	 0.0% Packages/com.unity.inputsystem/InputSystem/Editor/UITKAssetEditor/Views/IViewStateCollection.cs
 0.1 kb	 0.0% Packages/com.unity.inputsystem/InputSystem/Editor/UITKAssetEditor/Views/ControlSchemesView.cs
 0.1 kb	 0.0% Packages/com.unity.inputsystem/InputSystem/Editor/UITKAssetEditor/Views/ActionPropertiesView.cs
 0.1 kb	 0.0% Packages/com.unity.inputsystem/InputSystem/Editor/UITKAssetEditor/EnumerableExtensions.cs
 0.1 kb	 0.0% Packages/com.unity.inputsystem/InputSystem/Editor/PropertyDrawers/InputActionMapDrawer.cs
 0.1 kb	 0.0% Packages/com.unity.inputsystem/InputSystem/Editor/PropertyDrawers/InputActionDrawer.cs
 0.1 kb	 0.0% Packages/com.unity.inputsystem/InputSystem/Editor/Internal/InputEventTreeView.cs
 0.1 kb	 0.0% Packages/com.unity.inputsystem/InputSystem/Editor/Internal/InputControlTreeView.cs
 0.1 kb	 0.0% Packages/com.unity.inputsystem/InputSystem/Editor/Internal/BuildProviderHelpers.cs
 0.1 kb	 0.0% Packages/com.unity.inputsystem/InputSystem/Editor/Internal/AdvancedDropdown/MultiLevelDataSource.cs
 0.1 kb	 0.0% Packages/com.unity.inputsystem/InputSystem/Editor/Internal/AdvancedDropdown/CallbackDataSource.cs
 0.1 kb	 0.0% Packages/com.unity.inputsystem/InputSystem/Editor/Internal/AdvancedDropdown/AdvancedDropdownItem.cs
 0.1 kb	 0.0% Packages/com.unity.inputsystem/InputSystem/Editor/Internal/AdvancedDropdown/AdvancedDropdownGUI.cs
 0.1 kb	 0.0% Packages/com.unity.inputsystem/InputSystem/Editor/InputParameterEditor.cs
 0.1 kb	 0.0% Packages/com.unity.inputsystem/InputSystem/Editor/DeviceSimulator/InputSystemPlugin.cs
 0.1 kb	 0.0% Packages/com.unity.inputsystem/InputSystem/Editor/Debugger/InputDebuggerWindow.cs
 0.1 kb	 0.0% Packages/com.unity.inputsystem/InputSystem/Editor/ControlPicker/InputControlPicker.cs
 0.1 kb	 0.0% Packages/com.unity.inputsystem/InputSystem/Editor/BuildPipeline/LinkFileGenerator.cs
 0.1 kb	 0.0% Packages/com.unity.inputsystem/InputSystem/Editor/AssetImporter/InputActionImporter.cs
 0.1 kb	 0.0% Packages/com.unity.inputsystem/InputSystem/Editor/AssetEditor/PropertiesViewBase.cs
 0.1 kb	 0.0% Packages/com.unity.inputsystem/InputSystem/Editor/AssetEditor/InputActionTreeView.cs
 0.1 kb	 0.0% Packages/com.unity.inputsystem/InputSystem/Editor/Analytics/InputEditorAnalytics.cs
 0.1 kb	 0.0% Packages/com.unity.inputsystem/InputSystem/Editor/Analytics/InputBuildAnalytic.cs
 0.1 kb	 0.0% Packages/com.unity.inputsystem/InputSystem/Devices/InputDeviceMatcher.cs
 0.1 kb	 0.0% Packages/com.unity.inputsystem/InputSystem/Devices/InputDeviceBuilder.cs
 0.1 kb	 0.0% Packages/com.unity.inputsystem/InputSystem/Devices/ITextInputReceiver.cs
 0.1 kb	 0.0% Packages/com.unity.inputsystem/InputSystem/Devices/IEventPreProcessor.cs
 0.1 kb	 0.0% Packages/com.unity.inputsystem/InputSystem/Devices/ICustomDeviceReset.cs
 0.1 kb	 0.0% Packages/com.unity.inputsystem/InputSystem/Devices/Commands/RequestSyncCommand.cs
 0.1 kb	 0.0% Packages/com.unity.inputsystem/InputSystem/Devices/Commands/RequestResetCommand.cs
 0.1 kb	 0.0% Packages/com.unity.inputsystem/InputSystem/Devices/Commands/QueryUserIdCommand.cs
 0.1 kb	 0.0% Packages/com.unity.inputsystem/InputSystem/Devices/Commands/QueryKeyNameCommand.cs
 0.1 kb	 0.0% Packages/com.unity.inputsystem/InputSystem/Devices/Commands/InputDeviceCommand.cs
 0.1 kb	 0.0% Packages/com.unity.inputsystem/InputSystem/Devices/Commands/EnableDeviceCommand.cs
 0.1 kb	 0.0% Packages/com.unity.inputsystem/InputSystem/Devices/Commands/DisableDeviceCommand.cs
 0.1 kb	 0.0% Packages/com.unity.inputsystem/InputSystem/Controls/TouchPressControl.cs
 0.1 kb	 0.0% Packages/com.unity.inputsystem/InputSystem/Controls/TouchPhaseControl.cs
 0.1 kb	 0.0% Packages/com.unity.inputsystem/InputSystem/Controls/QuaternionControl.cs
 0.1 kb	 0.0% Packages/com.unity.inputsystem/InputSystem/Controls/InputControlLayout.cs
 0.1 kb	 0.0% Packages/com.unity.inputsystem/InputSystem/Controls/InputControlExtensions.cs
 0.1 kb	 0.0% Packages/com.unity.inputsystem/InputSystem/Actions/InputInteractionContext.cs
 0.1 kb	 0.0% Packages/com.unity.inputsystem/InputSystem/Actions/InputBindingComposite.cs
 0.1 kb	 0.0% Packages/com.unity.inputsystem/InputSystem/Actions/IInputActionCollection.cs
 0.1 kb	 0.0% Packages/com.unity.collections/Unity.Collections/NativeNotBurstCompatible.cs
 0.1 kb	 0.0% Packages/com.unity.ugui/Runtime/UGUI/EventSystem/UIElements/WorldDocumentRaycaster.cs
 0.1 kb	 0.0% Packages/com.unity.ugui/Runtime/UGUI/EventSystem/InputModules/StandaloneInputModule.cs
 0.1 kb	 0.0% Packages/com.unity.inputsystem/InputSystem/Utilities/StringHelpers.cs
 0.1 kb	 0.0% Packages/com.unity.inputsystem/InputSystem/Utilities/SpriteUtilities.cs
 0.1 kb	 0.0% Packages/com.unity.inputsystem/InputSystem/Utilities/PrimitiveValue.cs
 0.1 kb	 0.0% Packages/com.unity.inputsystem/InputSystem/Utilities/PredictiveParser.cs
 0.1 kb	 0.0% Packages/com.unity.inputsystem/InputSystem/Utilities/NumberHelpers.cs
 0.1 kb	 0.0% Packages/com.unity.inputsystem/InputSystem/Utilities/MemoryHelpers.cs
 0.1 kb	 0.0% Packages/com.unity.inputsystem/InputSystem/Utilities/InternedString.cs
 0.1 kb	 0.0% Packages/com.unity.inputsystem/InputSystem/Utilities/ExceptionHelpers.cs
 0.1 kb	 0.0% Packages/com.unity.inputsystem/InputSystem/Utilities/DelegateHelpers.cs
 0.1 kb	 0.0% Packages/com.unity.inputsystem/InputSystem/Plugins/iOS/iOSStepCounter.cs
 0.1 kb	 0.0% Packages/com.unity.inputsystem/InputSystem/Plugins/XR/TrackedPoseDriver.cs
 0.1 kb	 0.0% Packages/com.unity.inputsystem/InputSystem/Plugins/XR/Haptics/BufferedRumble.cs
 0.1 kb	 0.0% Packages/com.unity.inputsystem/InputSystem/Plugins/UI/VirtualMouseInput.cs
 0.1 kb	 0.0% Packages/com.unity.inputsystem/InputSystem/Plugins/UI/INavigationEventData.cs
 0.1 kb	 0.0% Packages/com.unity.inputsystem/InputSystem/Plugins/UI/BaseInputOverride.cs
 0.1 kb	 0.0% Packages/com.unity.inputsystem/InputSystem/Plugins/DualShock/DualShockSupport.cs
 0.1 kb	 0.0% Packages/com.unity.inputsystem/InputSystem/Plugins/DualShock/DualShockGamepad.cs
 0.1 kb	 0.0% Packages/com.unity.inputsystem/InputSystem/Controls/Processors/ScaleProcessor.cs
 0.1 kb	 0.0% Packages/com.unity.inputsystem/InputSystem/Controls/Processors/InvertProcessor.cs
 0.1 kb	 0.0% Packages/com.unity.inputsystem/InputSystem/Controls/Processors/ClampProcessor.cs
 0.1 kb	 0.0% Packages/com.unity.inputsystem/InputSystem/Actions/Interactions/TapInteraction.cs
 0.1 kb	 0.0% Packages/com.unity.inputsystem/InputSystem/Actions/Interactions/PressInteraction.cs
 0.1 kb	 0.0% Packages/com.unity.inputsystem/InputSystem/Actions/Interactions/HoldInteraction.cs
 0.1 kb	 0.0% Packages/com.unity.inputsystem/InputSystem/Actions/InputActionTrace.cs
 0.1 kb	 0.0% Packages/com.unity.inputsystem/InputSystem/Actions/Composites/Vector3Composite.cs
 0.1 kb	 0.0% Packages/com.unity.inputsystem/InputSystem/Actions/Composites/Vector2Composite.cs
 0.1 kb	 0.0% Packages/com.unity.inputsystem/InputSystem/Actions/Composites/AxisComposite.cs
 0.1 kb	 0.0% Packages/com.unity.collections/Unity.Collections/UnsafeBitArray.cs
 0.1 kb	 0.0% Packages/com.unity.collections/Unity.Collections/UTF8ArrayUnsafeUtility.cs
 0.1 kb	 0.0% Packages/com.unity.collections/Unity.Collections/StreamCompressionModel.cs
 0.1 kb	 0.0% Packages/com.unity.collections/Unity.Collections/NativeArrayExtensions.cs
 0.1 kb	 0.0% Packages/com.unity.collections/Unity.Collections/FixedStringInternalMethods.cs
 0.1 kb	 0.0% Packages/com.unity.collections/Unity.Collections/FixedStringFormatMethods.gen.cs
 0.1 kb	 0.0% Packages/com.unity.burst/Runtime/CompilerServices/SkipLocalsInitAttribute.cs
 0.1 kb	 0.0% Packages/com.unity.burst/Runtime/CompilerServices/IgnoreWarningAttribute.cs
 0.1 kb	 0.0% Assets/_Project/Scripts/Meta/MetaProgressionService.Ads.cs
 0.1 kb	 0.0% Packages/com.unity.ugui/Runtime/TMP/TMP_ScrollbarEventHandler.cs
 0.1 kb	 0.0% Packages/com.unity.ugui/Runtime/TMP/TMP_PackageResourceImporter.cs
 0.1 kb	 0.0% Packages/com.unity.ugui/Runtime/InternalBridge/ObjectUtilsBridge.cs
 0.1 kb	 0.0% Packages/com.unity.mathematics/Unity.Mathematics/PropertyAttributes.cs
 0.1 kb	 0.0% Packages/com.unity.inputsystem/InputSystem/State/InputStateBlock.cs
 0.1 kb	 0.0% Packages/com.unity.inputsystem/InputSystem/Plugins/iOS/iOSPostProcessBuild.cs
 0.1 kb	 0.0% Packages/com.unity.inputsystem/InputSystem/Plugins/XInput/XInputSupport.cs
 0.1 kb	 0.0% Packages/com.unity.inputsystem/InputSystem/Plugins/XInput/XInputController.cs
 0.1 kb	 0.0% Packages/com.unity.inputsystem/InputSystem/Plugins/XInput/IXboxOneRumble.cs
 0.1 kb	 0.0% Packages/com.unity.inputsystem/InputSystem/Plugins/WebGL/WebGLJoystick.cs
 0.1 kb	 0.0% Packages/com.unity.inputsystem/InputSystem/Plugins/UnityRemote/UnityRemoteSupport.cs
 0.1 kb	 0.0% Packages/com.unity.inputsystem/InputSystem/Plugins/Switch/SwitchSupportHID.cs
 0.1 kb	 0.0% Packages/com.unity.inputsystem/InputSystem/Plugins/PlayerInput/PlayerInputManager.cs
 0.1 kb	 0.0% Packages/com.unity.inputsystem/InputSystem/Plugins/PlayerInput/DefaultInputActions.cs
 0.1 kb	 0.0% Packages/com.unity.inputsystem/InputSystem/Plugins/OnScreen/OnScreenSupport.cs
 0.1 kb	 0.0% Packages/com.unity.inputsystem/InputSystem/Plugins/OnScreen/OnScreenStick.cs
 0.1 kb	 0.0% Packages/com.unity.inputsystem/InputSystem/Plugins/OnScreen/OnScreenControl.cs
 0.1 kb	 0.0% Packages/com.unity.inputsystem/InputSystem/Plugins/OnScreen/OnScreenButton.cs
 0.1 kb	 0.0% Packages/com.unity.inputsystem/InputSystem/Plugins/Linux/SDLDeviceBuilder.cs
 0.1 kb	 0.0% Packages/com.unity.inputsystem/InputSystem/Plugins/EnhancedTouch/TouchHistory.cs
 0.1 kb	 0.0% Packages/com.unity.inputsystem/InputSystem/Plugins/Android/AndroidSupport.cs
 0.1 kb	 0.0% Packages/com.unity.inputsystem/InputSystem/InputSystemObject.cs
 0.1 kb	 0.0% Packages/com.unity.inputsystem/InputSystem/InputManagerStateMonitors.cs
 0.1 kb	 0.0% Packages/com.unity.inputsystem/InputSystem/InputFeatureNames.cs
 0.1 kb	 0.0% Packages/com.unity.inputsystem/InputSystem/IInputRuntime.cs
 0.1 kb	 0.0% Packages/com.unity.inputsystem/InputSystem/IInputDiagnostics.cs
 0.1 kb	 0.0% Packages/com.unity.inputsystem/InputSystem/Events/InputEventTrace.cs
 0.1 kb	 0.0% Packages/com.unity.inputsystem/InputSystem/Events/InputEventStream.cs
 0.1 kb	 0.0% Packages/com.unity.inputsystem/InputSystem/Events/InputEventPtr.cs
 0.1 kb	 0.0% Packages/com.unity.inputsystem/InputSystem/Events/InputEventBuffer.cs
 0.1 kb	 0.0% Packages/com.unity.inputsystem/InputSystem/Events/DeviceResetEvent.cs
 0.1 kb	 0.0% Packages/com.unity.inputsystem/InputSystem/Events/DeltaStateEvent.cs
 0.1 kb	 0.0% Packages/com.unity.inputsystem/InputSystem/Editor/UITKAssetEditor/Views/PropertiesView.cs
 0.1 kb	 0.0% Packages/com.unity.inputsystem/InputSystem/Editor/UITKAssetEditor/Views/DropManipulator.cs
 0.1 kb	 0.0% Packages/com.unity.inputsystem/InputSystem/Editor/UITKAssetEditor/Views/CopyPasteHelper.cs
 0.1 kb	 0.0% Packages/com.unity.inputsystem/InputSystem/Editor/UITKAssetEditor/Views/ActionsTreeView.cs
 0.1 kb	 0.0% Packages/com.unity.inputsystem/InputSystem/Editor/UITKAssetEditor/Views/ActionMapsView.cs
 0.1 kb	 0.0% Packages/com.unity.inputsystem/InputSystem/Editor/UITKAssetEditor/StateContainer.cs
 0.1 kb	 0.0% Packages/com.unity.inputsystem/InputSystem/Editor/UITKAssetEditor/ExpressionUtils.cs
 0.1 kb	 0.0% Packages/com.unity.inputsystem/InputSystem/Editor/Internal/TreeViewHelpers.cs
 0.1 kb	 0.0% Packages/com.unity.inputsystem/InputSystem/Editor/Internal/InputStateWindow.cs
 0.1 kb	 0.0% Packages/com.unity.inputsystem/InputSystem/Editor/Internal/EditorHelpers.cs
 0.1 kb	 0.0% Packages/com.unity.inputsystem/InputSystem/Editor/Internal/AdvancedDropdown/AdvancedDropdown.cs
 0.1 kb	 0.0% Packages/com.unity.inputsystem/InputSystem/Editor/InputDiagnostics.cs
 0.1 kb	 0.0% Packages/com.unity.inputsystem/InputSystem/Devices/Haptics/IDualMotorRumble.cs
 0.1 kb	 0.0% Packages/com.unity.inputsystem/InputSystem/Devices/Haptics/DualMotorRumble.cs
 0.1 kb	 0.0% Packages/com.unity.inputsystem/InputSystem/Controls/Vector3Control.cs
 0.1 kb	 0.0% Packages/com.unity.inputsystem/InputSystem/Controls/Vector2Control.cs
 0.1 kb	 0.0% Packages/com.unity.inputsystem/InputSystem/Controls/IntegerControl.cs
 0.1 kb	 0.0% Packages/com.unity.inputsystem/InputSystem/Controls/DoubleControl.cs
 0.1 kb	 0.0% Packages/com.unity.inputsystem/InputSystem/Controls/ButtonControl.cs
 0.1 kb	 0.0% Packages/com.unity.inputsystem/InputSystem/Controls/AnyKeyControl.cs
 0.1 kb	 0.0% Packages/com.unity.inputsystem/InputSystem/Actions/InputControlScheme.cs
 0.1 kb	 0.0% Packages/com.unity.inputsystem/InputSystem/Actions/InputBindingResolver.cs
 0.1 kb	 0.0% Packages/com.unity.inputsystem/InputSystem/Actions/InputActionReference.cs
 0.1 kb	 0.0% Packages/com.unity.inputsystem/InputSystem/Actions/InputActionProperty.cs
 0.1 kb	 0.0% Packages/com.unity.inputsystem/InputSystem/Actions/IInputInteraction.cs
 0.1 kb	 0.0% Packages/com.unity.collections/Unity.Collections/UnsafeList.cs
 0.1 kb	 0.0% Packages/com.unity.collections/Unity.Collections/FixedStringParseMethods.cs
 0.1 kb	 0.0% Packages/com.unity.collections/Unity.Collections/FixedStringAppendMethods.cs
 0.1 kb	 0.0% Assets/_Project/Scripts/Meta/MetaUpgradeDefinition.cs
 0.1 kb	 0.0% Assets/_Project/Scripts/Meta/MetaProgressionService.cs
 0.1 kb	 0.0% Assets/_Project/Scripts/Meta/ConstellationDefinition.cs
 0.1 kb	 0.0% Packages/com.unity.ugui/Runtime/UGUI/UI/Core/Utility/ReflectionMethodsCache.cs
 0.1 kb	 0.0% Packages/com.unity.ugui/Runtime/UGUI/UI/Core/MultipleDisplayUtilities.cs
 0.1 kb	 0.0% Packages/com.unity.ugui/Runtime/UGUI/UI/Core/Layout/HorizontalLayoutGroup.cs
 0.1 kb	 0.0% Packages/com.unity.ugui/Runtime/UGUI/UI/Core/IGraphicEnabledDisabled.cs
 0.1 kb	 0.0% Packages/com.unity.ugui/Runtime/UGUI/UI/Core/GraphicRebuildTracker.cs
 0.1 kb	 0.0% Packages/com.unity.ugui/Runtime/UGUI/UI/Core/Culling/RectangularVertexClipper.cs
 0.1 kb	 0.0% Packages/com.unity.ugui/Runtime/UGUI/EventSystem/UIElements/PanelEventHandler.cs
 0.1 kb	 0.0% Packages/com.unity.ugui/Runtime/UGUI/EventSystem/Raycasters/Physics2DRaycaster.cs
 0.1 kb	 0.0% Packages/com.unity.ugui/Runtime/UGUI/EventSystem/InputModules/PointerInputModule.cs
 0.1 kb	 0.0% Packages/com.unity.inputsystem/InputSystem/Utilities/TypeTable.cs
 0.1 kb	 0.0% Packages/com.unity.inputsystem/InputSystem/Utilities/TypeHelpers.cs
 0.1 kb	 0.0% Packages/com.unity.inputsystem/InputSystem/Utilities/Substring.cs
 0.1 kb	 0.0% Packages/com.unity.inputsystem/InputSystem/Utilities/SavedState.cs
 0.1 kb	 0.0% Packages/com.unity.inputsystem/InputSystem/Utilities/Observables/Observable.cs
 0.1 kb	 0.0% Packages/com.unity.inputsystem/InputSystem/Utilities/NamedValue.cs
 0.1 kb	 0.0% Packages/com.unity.inputsystem/InputSystem/Utilities/MiscHelpers.cs
 0.1 kb	 0.0% Packages/com.unity.inputsystem/InputSystem/Utilities/JsonParser.cs
 0.1 kb	 0.0% Packages/com.unity.inputsystem/InputSystem/Utilities/ArrayHelpers.cs
 0.1 kb	 0.0% Packages/com.unity.inputsystem/InputSystem/Plugins/iOS/InputSettingsiOS.cs
 0.1 kb	 0.0% Packages/com.unity.inputsystem/InputSystem/Plugins/XR/XRLayoutBuilder.cs
 0.1 kb	 0.0% Packages/com.unity.inputsystem/InputSystem/Plugins/UI/NavigationModel.cs
 0.1 kb	 0.0% Packages/com.unity.inputsystem/InputSystem/InputUpdateType.cs
 0.1 kb	 0.0% Packages/com.unity.collections/Unity.Collections/UnsafeText.cs
 0.1 kb	 0.0% Packages/com.unity.collections/Unity.Collections/UnsafeStream.cs
 0.1 kb	 0.0% Packages/com.unity.collections/Unity.Collections/RewindableAllocator.cs
 0.1 kb	 0.0% Packages/com.unity.collections/Unity.Collections/FixedStringMethods.cs
 0.1 kb	 0.0% Packages/com.unity.collections/Unity.Collections/AutoFreeAllocator.cs
 0.1 kb	 0.0% Packages/com.unity.burst/Runtime/CompilerServices/AssumeRangeAttribute.cs
 0.1 kb	 0.0% Assets/_Project/Scripts/Weapons/PassiveDefinition.cs
 0.1 kb	 0.0% Assets/_Project/Scripts/Enemies/DifficultyDirector.cs
 0.1 kb	 0.0% Assets/_Project/Scripts/Bullets/BulletTypeDefinition.cs
 0.1 kb	 0.0% Packages/com.unity.ugui/Runtime/UGUI/UI/Animation/CoroutineTween.cs
 0.1 kb	 0.0% Packages/com.unity.ugui/Runtime/UGUI/EventSystem/EventInterfaces.cs
 0.1 kb	 0.0% Packages/com.unity.ugui/Runtime/TMP/TMPro_ExtensionMethods.cs
 0.1 kb	 0.0% Packages/com.unity.ugui/Runtime/TMP/TMP_TextParsingUtilities.cs
 0.1 kb	 0.0% Packages/com.unity.ugui/Runtime/TMP/TMP_TextElement_Legacy.cs
 0.1 kb	 0.0% Packages/com.unity.ugui/Runtime/TMP/TMP_FontAssetUtilities.cs
 0.1 kb	 0.0% Packages/com.unity.ugui/Runtime/TMP/MaterialReferenceManager.cs
 0.1 kb	 0.0% Packages/com.unity.ugui/Runtime/TMP/FontFeatureCommonGSUB.cs
 0.1 kb	 0.0% Packages/com.unity.inputsystem/InputSystem/Utilities/DynamicBitfield.cs
 0.1 kb	 0.0% Packages/com.unity.inputsystem/InputSystem/State/InputState.cs
 0.1 kb	 0.0% Packages/com.unity.inputsystem/InputSystem/Plugins/WebGL/WebGLSupport.cs
 0.1 kb	 0.0% Packages/com.unity.inputsystem/InputSystem/Plugins/WebGL/WebGLGamepad.cs
 0.1 kb	 0.0% Packages/com.unity.inputsystem/InputSystem/Plugins/Users/InputUser.cs
 0.1 kb	 0.0% Packages/com.unity.inputsystem/InputSystem/Plugins/Linux/LinuxSupport.cs
 0.1 kb	 0.0% Packages/com.unity.inputsystem/InputSystem/Plugins/EnhancedTouch/Touch.cs
 0.1 kb	 0.0% Packages/com.unity.inputsystem/InputSystem/Plugins/EnhancedTouch/Finger.cs
 0.1 kb	 0.0% Packages/com.unity.inputsystem/InputSystem/InputSettings.cs
 0.1 kb	 0.0% Packages/com.unity.inputsystem/InputSystem/InputMetrics.cs
 0.1 kb	 0.0% Packages/com.unity.inputsystem/InputSystem/InputExtensions.cs
 0.1 kb	 0.0% Packages/com.unity.inputsystem/InputSystem/InputAnalytics.cs
 0.1 kb	 0.0% Packages/com.unity.inputsystem/InputSystem/Events/TextEvent.cs
 0.1 kb	 0.0% Packages/com.unity.inputsystem/InputSystem/Events/StateEvent.cs
 0.1 kb	 0.0% Packages/com.unity.inputsystem/InputSystem/Events/InputEvent.cs
 0.1 kb	 0.0% Packages/com.unity.inputsystem/InputSystem/Events/ActionEvent.cs
 0.1 kb	 0.0% Packages/com.unity.inputsystem/InputSystem/Editor/UITKAssetEditor/Views/Selectors.cs
 0.1 kb	 0.0% Packages/com.unity.inputsystem/InputSystem/Editor/UITKAssetEditor/Views/ContextMenu.cs
 0.1 kb	 0.0% Packages/com.unity.inputsystem/InputSystem/Editor/Internal/GUIHelpers.cs
 0.1 kb	 0.0% Packages/com.unity.inputsystem/InputSystem/Devices/TrackedDevice.cs
 0.1 kb	 0.0% Packages/com.unity.inputsystem/InputSystem/Devices/Remote/InputRemoting.cs
 0.1 kb	 0.0% Packages/com.unity.inputsystem/InputSystem/Devices/Precompiled/FastTouchscreen.cs
 0.1 kb	 0.0% Packages/com.unity.inputsystem/InputSystem/Devices/Precompiled/FastMouse.partial.cs
 0.1 kb	 0.0% Packages/com.unity.inputsystem/InputSystem/Devices/IEventMerger.cs
 0.1 kb	 0.0% Packages/com.unity.inputsystem/InputSystem/Controls/TouchControl.cs
 0.1 kb	 0.0% Packages/com.unity.inputsystem/InputSystem/Controls/StickControl.cs
 0.1 kb	 0.0% Packages/com.unity.inputsystem/InputSystem/Controls/KeyControl.cs
 0.1 kb	 0.0% Packages/com.unity.inputsystem/InputSystem/Controls/InputProcessor.cs
 0.1 kb	 0.0% Packages/com.unity.inputsystem/InputSystem/Controls/InputControlPath.cs
 0.1 kb	 0.0% Packages/com.unity.inputsystem/InputSystem/Controls/DpadControl.cs
 0.1 kb	 0.0% Packages/com.unity.inputsystem/InputSystem/Controls/DeltaControl.cs
 0.1 kb	 0.0% Packages/com.unity.inputsystem/InputSystem/Controls/AxisControl.cs
 0.1 kb	 0.0% Packages/com.unity.inputsystem/InputSystem/Actions/InputActionState.cs
 0.1 kb	 0.0% Packages/com.unity.inputsystem/InputSystem/Actions/InputActionMap.cs
 0.1 kb	 0.0% Packages/com.unity.inputsystem/InputSystem/Actions/InputActionAsset.cs
 0.1 kb	 0.0% Packages/com.unity.collections/Unity.Collections/UnsafeQueue.cs
 0.1 kb	 0.0% Packages/com.unity.collections/Unity.Collections/NativeHashMap.cs
 0.1 kb	 0.0% Packages/com.unity.collections/Unity.Collections/FixedStringFormat.gen.cs
 0.1 kb	 0.0% Packages/com.unity.collections/Unity.Collections/FixedString.gen.cs
 0.1 kb	 0.0% Assets/_Project/Scripts/Progression/WeightedPicker.cs
 0.1 kb	 0.0% Assets/_Project/Scripts/Meta/MetaProgressionService.Missions.cs
 0.1 kb	 0.0% Assets/_Project/Scripts/Meta/ConstellationRules.cs
 0.1 kb	 0.0% Assets/_Project/Scripts/Meta/CharacterDefinition.cs
 0.1 kb	 0.0% Assets/_Project/Scripts/Feel/BackgroundScroller.cs
 0.1 kb	 0.0% Assets/_Project/Scripts/Core/TimeScaleController.cs
 0.1 kb	 0.0% Assets/_Project/Generated/Data/Workshop/fire_rate.asset
 0.1 kb	 0.0% Packages/com.unity.ugui/Runtime/UGUI/UI/Core/SetPropertyUtility.cs
 0.1 kb	 0.0% Packages/com.unity.ugui/Runtime/UGUI/UI/Core/MaterialModifiers/IMaterialModifier.cs
 0.1 kb	 0.0% Packages/com.unity.ugui/Runtime/UGUI/UI/Core/Layout/VerticalLayoutGroup.cs
 0.1 kb	 0.0% Packages/com.unity.ugui/Runtime/UGUI/UI/Core/Layout/ContentSizeFitter.cs
 0.1 kb	 0.0% Packages/com.unity.ugui/Runtime/UGUI/UI/Core/Layout/AspectRatioFitter.cs
 0.1 kb	 0.0% Packages/com.unity.ugui/Runtime/UGUI/UI/Core/FontUpdateTracker.cs
 0.1 kb	 0.0% Packages/com.unity.ugui/Runtime/UGUI/UI/Core/CanvasUpdateRegistry.cs
 0.1 kb	 0.0% Packages/com.unity.ugui/Runtime/UGUI/UI/Core/AnimationTriggers.cs
 0.1 kb	 0.0% Packages/com.unity.ugui/Runtime/UGUI/EventSystem/UIElements/PanelRaycaster.cs
 0.1 kb	 0.0% Packages/com.unity.ugui/Runtime/UGUI/EventSystem/Raycasters/PhysicsRaycaster.cs
 0.1 kb	 0.0% Packages/com.unity.ugui/Runtime/UGUI/EventSystem/Raycasters/BaseRaycaster.cs
 0.1 kb	 0.0% Packages/com.unity.ugui/Runtime/UGUI/EventSystem/RaycasterManager.cs
 0.1 kb	 0.0% Packages/com.unity.ugui/Runtime/UGUI/EventSystem/RaycastResult.cs
 0.1 kb	 0.0% Packages/com.unity.ugui/Runtime/UGUI/EventSystem/InputModules/TouchInputModule.cs
 0.1 kb	 0.0% Packages/com.unity.ugui/Runtime/UGUI/EventSystem/InputModules/BaseInputModule.cs
 0.1 kb	 0.0% Packages/com.unity.ugui/Runtime/UGUI/EventSystem/ExecuteEvents.cs
 0.1 kb	 0.0% Packages/com.unity.ugui/Runtime/UGUI/EventSystem/EventData/PointerEventData.cs
 0.1 kb	 0.0% Packages/com.unity.ugui/Runtime/UGUI/EventSystem/EventData/BaseEventData.cs
 0.1 kb	 0.0% Packages/com.unity.ugui/Runtime/UGUI/EventSystem/EventData/AxisEventData.cs
 0.1 kb	 0.0% Packages/com.unity.ugui/Runtime/TMP/TMP_TextProcessingStack.cs
 0.1 kb	 0.0% Packages/com.unity.ugui/Runtime/TMP/TMP_FontFeaturesCommon.cs
 0.1 kb	 0.0% Packages/com.unity.mathematics/Unity.Mathematics/rigid_transform.cs
 0.1 kb	 0.0% Packages/com.unity.mathematics/Unity.Mathematics/math_unity_conversion.cs
 0.1 kb	 0.0% Packages/com.unity.mathematics/Unity.Mathematics/affine_transform.cs
 0.1 kb	 0.0% Packages/com.unity.mathematics/Unity.Mathematics/Geometry/MinMaxAABB.cs
 0.1 kb	 0.0% Packages/com.unity.inputsystem/InputSystem/Utilities/FourCC.cs
 0.1 kb	 0.0% Packages/com.unity.inputsystem/InputSystem/Plugins/iOS/iOSSupport.cs
 0.1 kb	 0.0% Packages/com.unity.inputsystem/InputSystem/Plugins/XR/XRSupport.cs
 0.1 kb	 0.0% Packages/com.unity.inputsystem/InputSystem/Plugins/XR/GenericXRDevice.cs
 0.1 kb	 0.0% Packages/com.unity.inputsystem/InputSystem/Plugins/XR/Devices/WindowsMR.cs
 0.1 kb	 0.0% Packages/com.unity.inputsystem/InputSystem/Plugins/UI/PointerModel.cs
 0.1 kb	 0.0% Packages/com.unity.inputsystem/InputSystem/Plugins/OSX/OSXSupport.cs
 0.1 kb	 0.0% Packages/com.unity.inputsystem/InputSystem/Plugins/HID/HIDSupport.cs
 0.1 kb	 0.0% Packages/com.unity.inputsystem/InputSystem/Plugins/HID/HIDParser.cs
 0.1 kb	 0.0% Packages/com.unity.collections/Unity.Collections/xxHash3.StreamingState.cs
 0.1 kb	 0.0% Packages/com.unity.collections/Unity.Collections/NativeSort.cs
 0.1 kb	 0.0% Packages/com.unity.collections/Unity.Collections/NativeBitArray.cs
 0.1 kb	 0.0% Packages/com.unity.collections/Unity.Collections/ListExtensions.cs
 0.1 kb	 0.0% Packages/com.unity.collections/Unity.Collections/Jobs/IJobParallelForDefer.cs
 0.1 kb	 0.0% Packages/com.unity.collections/Unity.Collections/Jobs/IJobParallelForBatch.cs
 0.1 kb	 0.0% Packages/com.unity.collections/Unity.Collections/FixedStringUtils.cs
 0.1 kb	 0.0% Packages/com.unity.collections/Unity.Collections/DataStreamWriter.cs
 0.1 kb	 0.0% Packages/com.unity.collections/Unity.Collections/DataStreamReader.cs
 0.1 kb	 0.0% Packages/com.unity.collections/Unity.Collections/ConcurrentMask.cs
 0.1 kb	 0.0% Packages/com.unity.collections/Unity.Collections/CollectionHelper.cs
 0.1 kb	 0.0% Packages/com.unity.collections/Unity.Collections/AllocatorManager.cs
 0.1 kb	 0.0% Packages/com.unity.burst/Runtime/SafeStringArrayHelper.cs
 0.1 kb	 0.0% Packages/com.unity.burst/Runtime/Editor/BurstEditorOptions.cs
 0.1 kb	 0.0% Packages/com.unity.burst/Runtime/Editor/BurstCompileTarget.cs
 0.1 kb	 0.0% Packages/com.unity.burst/Runtime/Editor/BurstAssemblyDisable.cs
 0.1 kb	 0.0% Packages/com.unity.burst/Runtime/BurstCompileAttribute.cs
 0.1 kb	 0.0% Assets/_Project/Scripts/Weapons/WeaponMastery.cs
 0.1 kb	 0.0% Assets/_Project/Scripts/Weapons/WeaponInventory.cs
 0.1 kb	 0.0% Assets/_Project/Scripts/Weapons/WeaponDefinition.cs
 0.1 kb	 0.0% Assets/_Project/Scripts/Weapons/WeaponBehaviour.cs
 0.1 kb	 0.0% Assets/_Project/Scripts/Weapons/StarBoomerang.cs
 0.1 kb	 0.0% Assets/_Project/Scripts/Weapons/FeatherBlaster.cs
 0.1 kb	 0.0% Assets/_Project/Scripts/Player/PlayerController.cs
 0.1 kb	 0.0% Assets/_Project/Scripts/Enemies/RunDefinition.cs
 0.1 kb	 0.0% Assets/_Project/Scripts/Enemies/FormationGroup.cs
 0.1 kb	 0.0% Assets/_Project/Scripts/Bullets/IBulletAbsorber.cs
 0.1 kb	 0.0% Packages/com.unity.ugui/Runtime/TMP/TMPro_EventManager.cs
 0.1 kb	 0.0% Packages/com.unity.ugui/Runtime/TMP/TMP_UpdateRegistery.cs
 0.1 kb	 0.0% Packages/com.unity.ugui/Runtime/TMP/TMP_UpdateManager.cs
 0.1 kb	 0.0% Packages/com.unity.ugui/Runtime/TMP/TMP_TextUtilities.cs
 0.1 kb	 0.0% Packages/com.unity.ugui/Runtime/TMP/TMP_TextProcessingCommon.cs
 0.1 kb	 0.0% Packages/com.unity.ugui/Runtime/TMP/TMP_SpriteCharacter.cs
 0.1 kb	 0.0% Packages/com.unity.ugui/Runtime/TMP/TMP_SpriteAnimator.cs
 0.1 kb	 0.0% Packages/com.unity.ugui/Runtime/TMP/TMP_SelectionCaret.cs
 0.1 kb	 0.0% Packages/com.unity.ugui/Runtime/TMP/TMP_ResourcesManager.cs
 0.1 kb	 0.0% Packages/com.unity.ugui/Runtime/TMP/TMP_MaterialManager.cs
 0.1 kb	 0.0% Packages/com.unity.ugui/Runtime/TMP/TMP_InputValidator.cs
 0.1 kb	 0.0% Packages/com.unity.ugui/Runtime/TMP/TMP_FontFeatureTable.cs
 0.1 kb	 0.0% Packages/com.unity.ugui/Runtime/TMP/TMP_DefaultControls.cs
 0.1 kb	 0.0% Packages/com.unity.ugui/Runtime/TMP/TMP_Compatibility.cs
 0.1 kb	 0.0% Packages/com.unity.ugui/Runtime/TMP/TMP_ColorGradient.cs
 0.1 kb	 0.0% Packages/com.unity.ugui/Runtime/TMP/TMP_CharacterInfo.cs
 0.1 kb	 0.0% Packages/com.unity.ugui/Runtime/TMP/ITextPreProcessor.cs
 0.1 kb	 0.0% Packages/com.unity.ugui/Runtime/TMP/FontFeatureCommonGPOS.cs
 0.1 kb	 0.0% Packages/com.unity.ugui/Runtime/InternalBridge/TMPHelpURL.cs
 0.1 kb	 0.0% Packages/com.unity.mathematics/Unity.Mathematics/double4x4.gen.cs
 0.1 kb	 0.0% Packages/com.unity.mathematics/Unity.Mathematics/double4x3.gen.cs
 0.1 kb	 0.0% Packages/com.unity.mathematics/Unity.Mathematics/double4x2.gen.cs
 0.1 kb	 0.0% Packages/com.unity.mathematics/Unity.Mathematics/double3x4.gen.cs
 0.1 kb	 0.0% Packages/com.unity.mathematics/Unity.Mathematics/double3x3.gen.cs
 0.1 kb	 0.0% Packages/com.unity.mathematics/Unity.Mathematics/double3x2.gen.cs
 0.1 kb	 0.0% Packages/com.unity.mathematics/Unity.Mathematics/double2x4.gen.cs
 0.1 kb	 0.0% Packages/com.unity.mathematics/Unity.Mathematics/double2x3.gen.cs
 0.1 kb	 0.0% Packages/com.unity.mathematics/Unity.Mathematics/double2x2.gen.cs
 0.1 kb	 0.0% Packages/com.unity.inputsystem/InputSystem/Plugins/PlayerInput/PlayerInput.cs
 0.1 kb	 0.0% Packages/com.unity.inputsystem/InputSystem/Plugins/PlayerInput/InputValue.cs
 0.1 kb	 0.0% Packages/com.unity.inputsystem/InputSystem/InputSystem.cs
 0.1 kb	 0.0% Packages/com.unity.inputsystem/InputSystem/InputManager.cs
 0.1 kb	 0.0% Packages/com.unity.inputsystem/InputSystem/Editor/UITKAssetEditor/Commands/Commands.cs
 0.1 kb	 0.0% Packages/com.unity.inputsystem/InputSystem/Editor/Dialog.cs
 0.1 kb	 0.0% Packages/com.unity.inputsystem/InputSystem/Devices/Touchscreen.cs
 0.1 kb	 0.0% Packages/com.unity.inputsystem/InputSystem/Devices/Precompiled/FastMouse.cs
 0.1 kb	 0.0% Packages/com.unity.inputsystem/InputSystem/Devices/Precompiled/FastKeyboard.cs
 0.1 kb	 0.0% Packages/com.unity.inputsystem/InputSystem/Devices/InputDevice.cs
 0.1 kb	 0.0% Packages/com.unity.inputsystem/InputSystem/Devices/Haptics/IHaptics.cs
 0.1 kb	 0.0% Packages/com.unity.inputsystem/InputSystem/Controls/InputControl.cs
 0.1 kb	 0.0% Packages/com.unity.inputsystem/InputSystem/Controls/CommonUsages.cs
 0.1 kb	 0.0% Packages/com.unity.inputsystem/InputSystem/AssemblyInfo.cs
 0.1 kb	 0.0% Packages/com.unity.inputsystem/InputSystem/Actions/InputBinding.cs
 0.1 kb	 0.0% Packages/com.unity.inputsystem/InputSystem/Actions/InputAction.cs
 0.1 kb	 0.0% Packages/com.unity.collections/Unity.Collections/NativeText.gen.cs
 0.1 kb	 0.0% Packages/com.unity.collections/Unity.Collections/FixedList.gen.cs
 0.1 kb	 0.0% Assets/_Project/Scripts/Progression/UpgradeDraft.cs
 0.1 kb	 0.0% Assets/_Project/Scripts/Progression/PickupSystem.cs
 0.1 kb	 0.0% Assets/_Project/Scripts/Progression/PickupRules.cs
 0.1 kb	 0.0% Assets/_Project/Scripts/Progression/PickupJobs.cs
 0.1 kb	 0.0% Assets/_Project/Scripts/Core/RunController.cs
 0.1 kb	 0.0% Assets/_Project/Scripts/Core/InstancedDrawer.cs
 0.1 kb	 0.0% Assets/_Project/Generated/Data/Workshop/experience.asset
 0.1 kb	 0.0% Packages/com.unity.ugui/Runtime/UGUI/UI/Core/VertexModifiers/PositionAsUV1.cs
 0.1 kb	 0.0% Packages/com.unity.ugui/Runtime/UGUI/UI/Core/VertexModifiers/IMeshModifier.cs
 0.1 kb	 0.0% Packages/com.unity.ugui/Runtime/UGUI/UI/Core/VertexModifiers/BaseMeshEffect.cs
 0.1 kb	 0.0% Packages/com.unity.ugui/Runtime/UGUI/UI/Core/StencilMaterial.cs
 0.1 kb	 0.0% Packages/com.unity.ugui/Runtime/UGUI/UI/Core/MaskableGraphic.cs
 0.1 kb	 0.0% Packages/com.unity.ugui/Runtime/UGUI/UI/Core/MaskUtilities.cs
 0.1 kb	 0.0% Packages/com.unity.ugui/Runtime/UGUI/UI/Core/Layout/LayoutUtility.cs
 0.1 kb	 0.0% Packages/com.unity.ugui/Runtime/UGUI/UI/Core/Layout/LayoutRebuilder.cs
 0.1 kb	 0.0% Packages/com.unity.ugui/Runtime/UGUI/UI/Core/Layout/LayoutElement.cs
 0.1 kb	 0.0% Packages/com.unity.ugui/Runtime/UGUI/UI/Core/Layout/ILayoutElement.cs
 0.1 kb	 0.0% Packages/com.unity.ugui/Runtime/UGUI/UI/Core/Layout/GridLayoutGroup.cs
 0.1 kb	 0.0% Packages/com.unity.ugui/Runtime/UGUI/UI/Core/GraphicRegistry.cs
 0.1 kb	 0.0% Packages/com.unity.ugui/Runtime/UGUI/UI/Core/GraphicRaycaster.cs
 0.1 kb	 0.0% Packages/com.unity.ugui/Runtime/UGUI/UI/Core/DefaultControls.cs
 0.1 kb	 0.0% Packages/com.unity.ugui/Runtime/UGUI/UI/Core/Culling/ClipperRegistry.cs
 0.1 kb	 0.0% Packages/com.unity.ugui/Runtime/UGUI/EventSystem/UIBehaviour.cs
 0.1 kb	 0.0% Packages/com.unity.ugui/Runtime/UGUI/EventSystem/InputModules/BaseInput.cs
 0.1 kb	 0.0% Packages/com.unity.ugui/Runtime/UGUI/EventSystem/EventTrigger.cs
 0.1 kb	 0.0% Packages/com.unity.ugui/Runtime/UGUI/EventSystem/EventSystem.cs
 0.1 kb	 0.0% Packages/com.unity.ugui/Runtime/TMP/TMPro_MeshUtilities.cs
 0.1 kb	 0.0% Packages/com.unity.ugui/Runtime/TMP/TMP_ShaderUtilities.cs
 0.1 kb	 0.0% Packages/com.unity.ugui/Runtime/TMP/TMP_RichTextTagsCommon.cs
 0.1 kb	 0.0% Packages/com.unity.ugui/Runtime/TMP/TMP_FontAssetCommon.cs
 0.1 kb	 0.0% Packages/com.unity.mathematics/Unity.Mathematics/quaternion.cs
 0.1 kb	 0.0% Packages/com.unity.mathematics/Unity.Mathematics/Noise/classicnoise4D.cs
 0.1 kb	 0.0% Packages/com.unity.mathematics/Unity.Mathematics/Noise/classicnoise3D.cs
 0.1 kb	 0.0% Packages/com.unity.mathematics/Unity.Mathematics/Noise/classicnoise2D.cs
 0.1 kb	 0.0% Packages/com.unity.mathematics/Unity.Mathematics/Noise/cellular2x2x2.cs
 0.1 kb	 0.0% Packages/com.unity.mathematics/Unity.Mathematics/Geometry/Plane.cs
 0.1 kb	 0.0% Packages/com.unity.inputsystem/InputSystem/Plugins/XR/Devices/Oculus.cs
 0.1 kb	 0.0% Packages/com.unity.collections/Unity.Collections/UIntFloat.cs
 0.1 kb	 0.0% Packages/com.unity.collections/Unity.Collections/NativeStream.cs
 0.1 kb	 0.0% Packages/com.unity.collections/Unity.Collections/Jobs/EarlyInitHelpers.cs
 0.1 kb	 0.0% Packages/com.unity.burst/Runtime/Intrinsics/SimdDebugViews.cs
 0.1 kb	 0.0% Packages/com.unity.burst/Runtime/Editor/BurstReflection.cs
 0.1 kb	 0.0% Packages/com.unity.burst/Runtime/BurstCompilerOptions.cs
 0.1 kb	 0.0% Assets/_Project/Scripts/Weapons/PrismBeam.cs
 0.1 kb	 0.0% Assets/_Project/Scripts/Weapons/PlayerStats.cs
 0.1 kb	 0.0% Assets/_Project/Scripts/Weapons/IceBeamGun.cs
 0.1 kb	 0.0% Assets/_Project/Scripts/Weapons/GunModState.cs
 0.1 kb	 0.0% Assets/_Project/Scripts/Weapons/FusionWeapon.cs
 0.1 kb	 0.0% Assets/_Project/Scripts/Weapons/FusionRecipe.cs
 0.1 kb	 0.0% Assets/_Project/Scripts/Weapons/FishMissile.cs
 0.1 kb	 0.0% Assets/_Project/Scripts/Weapons/EggMortar.cs
 0.1 kb	 0.0% Assets/_Project/Scripts/Weapons/ChainArcGun.cs
 0.1 kb	 0.0% Assets/_Project/Scripts/Weapons/BubbleOrbit.cs
 0.1 kb	 0.0% Assets/_Project/Scripts/Pooling/PrefabPool.cs
 0.1 kb	 0.0% Assets/_Project/Scripts/Player/ShipVisual.cs
 0.1 kb	 0.0% Assets/_Project/Scripts/Player/PlayerHealth.cs
 0.1 kb	 0.0% Assets/_Project/Scripts/Enemies/WaveDirector.cs
 0.1 kb	 0.0% Assets/_Project/Scripts/Enemies/SwarmPicker.cs
 0.1 kb	 0.0% Assets/_Project/Scripts/Enemies/PowerMatch.cs
 0.1 kb	 0.0% Assets/_Project/Scripts/Enemies/EnemyManager.cs
 0.1 kb	 0.0% Assets/_Project/Scripts/Enemies/BossEnemy.cs
 0.1 kb	 0.0% Assets/_Project/Scripts/Bullets/BulletSystem.cs
 0.1 kb	 0.0% Assets/_Project/Scripts/Bullets/BulletJobs.cs
 0.1 kb	 0.0% Assets/_Project/Scripts/Audio/AudioManager.cs
 0.1 kb	 0.0% Assets/_Project/Generated/Data/Workshop/reroll.asset
 0.1 kb	 0.0% Packages/com.unity.ugui/Runtime/TMP/TextMeshProUGUI.cs
 0.1 kb	 0.0% Packages/com.unity.ugui/Runtime/TMP/TextContainer.cs
 0.1 kb	 0.0% Packages/com.unity.ugui/Runtime/TMP/TMP_TextElement.cs
 0.1 kb	 0.0% Packages/com.unity.ugui/Runtime/TMP/TMP_SubMeshUI.cs
 0.1 kb	 0.0% Packages/com.unity.ugui/Runtime/TMP/TMP_StyleSheet.cs
 0.1 kb	 0.0% Packages/com.unity.ugui/Runtime/TMP/TMP_SpriteGlyph.cs
 0.1 kb	 0.0% Packages/com.unity.ugui/Runtime/TMP/TMP_SpriteAsset.cs
 0.1 kb	 0.0% Packages/com.unity.ugui/Runtime/TMP/TMP_InputField.cs
 0.1 kb	 0.0% Packages/com.unity.ugui/Runtime/TMP/TMP_FontAsset.cs
 0.1 kb	 0.0% Packages/com.unity.ugui/Runtime/TMP/TMP_CoroutineTween.cs
 0.1 kb	 0.0% Packages/com.unity.ugui/Runtime/TMP/TMP_Character.cs
 0.1 kb	 0.0% Packages/com.unity.mathematics/Unity.Mathematics/uint4x4.gen.cs
 0.1 kb	 0.0% Packages/com.unity.mathematics/Unity.Mathematics/uint4x3.gen.cs
 0.1 kb	 0.0% Packages/com.unity.mathematics/Unity.Mathematics/uint4x2.gen.cs
 0.1 kb	 0.0% Packages/com.unity.mathematics/Unity.Mathematics/uint4.gen.cs
 0.1 kb	 0.0% Packages/com.unity.mathematics/Unity.Mathematics/uint3x4.gen.cs
 0.1 kb	 0.0% Packages/com.unity.mathematics/Unity.Mathematics/uint3x3.gen.cs
 0.1 kb	 0.0% Packages/com.unity.mathematics/Unity.Mathematics/uint3x2.gen.cs
 0.1 kb	 0.0% Packages/com.unity.mathematics/Unity.Mathematics/uint3.gen.cs
 0.1 kb	 0.0% Packages/com.unity.mathematics/Unity.Mathematics/uint2x4.gen.cs
 0.1 kb	 0.0% Packages/com.unity.mathematics/Unity.Mathematics/uint2x3.gen.cs
 0.1 kb	 0.0% Packages/com.unity.mathematics/Unity.Mathematics/uint2x2.gen.cs
 0.1 kb	 0.0% Packages/com.unity.mathematics/Unity.Mathematics/uint2.gen.cs
 0.1 kb	 0.0% Packages/com.unity.mathematics/Unity.Mathematics/int4x4.gen.cs
 0.1 kb	 0.0% Packages/com.unity.mathematics/Unity.Mathematics/int4x3.gen.cs
 0.1 kb	 0.0% Packages/com.unity.mathematics/Unity.Mathematics/int4x2.gen.cs
 0.1 kb	 0.0% Packages/com.unity.mathematics/Unity.Mathematics/int3x4.gen.cs
 0.1 kb	 0.0% Packages/com.unity.mathematics/Unity.Mathematics/int3x3.gen.cs
 0.1 kb	 0.0% Packages/com.unity.mathematics/Unity.Mathematics/int3x2.gen.cs
 0.1 kb	 0.0% Packages/com.unity.mathematics/Unity.Mathematics/int2x4.gen.cs
 0.1 kb	 0.0% Packages/com.unity.mathematics/Unity.Mathematics/int2x3.gen.cs
 0.1 kb	 0.0% Packages/com.unity.mathematics/Unity.Mathematics/int2x2.gen.cs
 0.1 kb	 0.0% Packages/com.unity.mathematics/Unity.Mathematics/half4.gen.cs
 0.1 kb	 0.0% Packages/com.unity.mathematics/Unity.Mathematics/half3.gen.cs
 0.1 kb	 0.0% Packages/com.unity.mathematics/Unity.Mathematics/half2.gen.cs
 0.1 kb	 0.0% Packages/com.unity.mathematics/Unity.Mathematics/float4x4.gen.cs
 0.1 kb	 0.0% Packages/com.unity.mathematics/Unity.Mathematics/float4x3.gen.cs
 0.1 kb	 0.0% Packages/com.unity.mathematics/Unity.Mathematics/float4x2.gen.cs
 0.1 kb	 0.0% Packages/com.unity.mathematics/Unity.Mathematics/float4.gen.cs
 0.1 kb	 0.0% Packages/com.unity.mathematics/Unity.Mathematics/float3x4.gen.cs
 0.1 kb	 0.0% Packages/com.unity.mathematics/Unity.Mathematics/float3x3.gen.cs
 0.1 kb	 0.0% Packages/com.unity.mathematics/Unity.Mathematics/float3x2.gen.cs
 0.1 kb	 0.0% Packages/com.unity.mathematics/Unity.Mathematics/float3.gen.cs
 0.1 kb	 0.0% Packages/com.unity.mathematics/Unity.Mathematics/float2x4.gen.cs
 0.1 kb	 0.0% Packages/com.unity.mathematics/Unity.Mathematics/float2x3.gen.cs
 0.1 kb	 0.0% Packages/com.unity.mathematics/Unity.Mathematics/float2x2.gen.cs
 0.1 kb	 0.0% Packages/com.unity.mathematics/Unity.Mathematics/float2.gen.cs
 0.1 kb	 0.0% Packages/com.unity.mathematics/Unity.Mathematics/double4.gen.cs
 0.1 kb	 0.0% Packages/com.unity.mathematics/Unity.Mathematics/double3.gen.cs
 0.1 kb	 0.0% Packages/com.unity.mathematics/Unity.Mathematics/double2.gen.cs
 0.1 kb	 0.0% Packages/com.unity.mathematics/Unity.Mathematics/bool4x4.gen.cs
 0.1 kb	 0.0% Packages/com.unity.mathematics/Unity.Mathematics/bool4x3.gen.cs
 0.1 kb	 0.0% Packages/com.unity.mathematics/Unity.Mathematics/bool4x2.gen.cs
 0.1 kb	 0.0% Packages/com.unity.mathematics/Unity.Mathematics/bool4.gen.cs
 0.1 kb	 0.0% Packages/com.unity.mathematics/Unity.Mathematics/bool3x4.gen.cs
 0.1 kb	 0.0% Packages/com.unity.mathematics/Unity.Mathematics/bool3x3.gen.cs
 0.1 kb	 0.0% Packages/com.unity.mathematics/Unity.Mathematics/bool3x2.gen.cs
 0.1 kb	 0.0% Packages/com.unity.mathematics/Unity.Mathematics/bool3.gen.cs
 0.1 kb	 0.0% Packages/com.unity.mathematics/Unity.Mathematics/bool2x4.gen.cs
 0.1 kb	 0.0% Packages/com.unity.mathematics/Unity.Mathematics/bool2x3.gen.cs
 0.1 kb	 0.0% Packages/com.unity.mathematics/Unity.Mathematics/bool2x2.gen.cs
 0.1 kb	 0.0% Packages/com.unity.mathematics/Unity.Mathematics/bool2.gen.cs
 0.1 kb	 0.0% Packages/com.unity.mathematics/Unity.Mathematics/Noise/psrdnoise2D.cs
 0.1 kb	 0.0% Packages/com.unity.mathematics/Unity.Mathematics/Noise/noise3Dgrad.cs
 0.1 kb	 0.0% Packages/com.unity.mathematics/Unity.Mathematics/Noise/cellular3D.cs
 0.1 kb	 0.0% Packages/com.unity.mathematics/Unity.Mathematics/Noise/cellular2x2.cs
 0.1 kb	 0.0% Packages/com.unity.mathematics/Unity.Mathematics/Noise/cellular2D.cs
 0.1 kb	 0.0% Packages/com.unity.inputsystem/InputSystem/Plugins/XR/Devices/GoogleVR.cs
 0.1 kb	 0.0% Packages/com.unity.inputsystem/InputSystem/Editor/DownloadableSample.cs
 0.1 kb	 0.0% Packages/com.unity.inputsystem/InputSystem/Devices/Sensor.cs
 0.1 kb	 0.0% Packages/com.unity.inputsystem/InputSystem/Devices/Pointer.cs
 0.1 kb	 0.0% Packages/com.unity.inputsystem/InputSystem/Devices/Mouse.cs
 0.1 kb	 0.0% Packages/com.unity.inputsystem/InputSystem/Devices/Keyboard.cs
 0.1 kb	 0.0% Packages/com.unity.inputsystem/InputSystem/Devices/Joystick.cs
 0.1 kb	 0.0% Packages/com.unity.inputsystem/InputSystem/Devices/Gamepad.cs
 0.1 kb	 0.0% Packages/com.unity.collections/Unity.Collections/xxHash3.AVX2.cs
 0.1 kb	 0.0% Packages/com.unity.burst/Runtime/Intrinsics/Arm/NEON_AArch64_rdma.cs
 0.1 kb	 0.0% Packages/com.unity.burst/Runtime/Intrinsics/Arm/NEON_AArch64_dotprod.cs
 0.1 kb	 0.0% Packages/com.unity.burst/Runtime/Intrinsics/Arm/NEON_AArch64_crypto.cs
 0.1 kb	 0.0% Assets/_Project/Scripts/UI/UIFactory.cs
 0.1 kb	 0.0% Assets/_Project/Scripts/UI/TextEffects.cs
 0.1 kb	 0.0% Assets/_Project/Scripts/UI/StudioIntro.cs
 0.1 kb	 0.0% Assets/_Project/Scripts/Progression/XpSystem.cs
 0.1 kb	 0.0% Assets/_Project/Scripts/Meta/SaveService.cs
 0.1 kb	 0.0% Assets/_Project/Scripts/Meta/RecordChests.cs
 0.1 kb	 0.0% Assets/_Project/Scripts/Feel/VfxSystem.cs
 0.1 kb	 0.0% Assets/_Project/Scripts/Core/SugarRush.cs
 0.1 kb	 0.0% Assets/_Project/Scripts/Core/RewardedAds.cs
 0.1 kb	 0.0% Assets/_Project/Scripts/Core/QaAutopilot.cs
 0.1 kb	 0.0% Assets/_Project/Scripts/Core/Playfield.cs
 0.1 kb	 0.0% Assets/_Project/Scripts/Core/LocTableEn.cs
 0.1 kb	 0.0% Assets/_Project/Scripts/Core/GameSettings.cs
 0.1 kb	 0.0% Assets/_Project/Scripts/Core/ErrorOverlay.cs
 0.1 kb	 0.0% Assets/_Project/Scripts/Core/CameraFit.cs
 0.1 kb	 0.0% Assets/_Project/Scripts/Core/AdScheduler.cs
 0.1 kb	 0.0% Assets/_Project/Generated/Data/Workshop/revive.asset
 0.1 kb	 0.0% Assets/_Project/Generated/Data/Workshop/gold.asset
 0.1 kb	 0.0% Assets/_Project/Generated/Data/Workshop/damage.asset
 0.1 kb	 0.0% Assets/_Project/Generated/Data/Workshop/banish.asset
 0.1 kb	 0.0% Assets/_Project/Generated/Data/Workshop/armor.asset
 0.1 kb	 0.0% Packages/com.unity.ugui/Runtime/UGUI/UI/Core/Utility/VertexHelper.cs
 0.1 kb	 0.0% Packages/com.unity.ugui/Runtime/UGUI/UI/Core/ToggleGroup.cs
 0.1 kb	 0.0% Packages/com.unity.ugui/Runtime/UGUI/UI/Core/SpriteState.cs
 0.1 kb	 0.0% Packages/com.unity.ugui/Runtime/UGUI/UI/Core/Selectable.cs
 0.1 kb	 0.0% Packages/com.unity.ugui/Runtime/UGUI/UI/Core/Scrollbar.cs
 0.1 kb	 0.0% Packages/com.unity.ugui/Runtime/UGUI/UI/Core/ScrollRect.cs
 0.1 kb	 0.0% Packages/com.unity.ugui/Runtime/UGUI/UI/Core/RectMask2D.cs
 0.1 kb	 0.0% Packages/com.unity.ugui/Runtime/UGUI/UI/Core/Navigation.cs
 0.1 kb	 0.0% Packages/com.unity.ugui/Runtime/UGUI/UI/Core/Layout/LayoutGroup.cs
 0.1 kb	 0.0% Packages/com.unity.ugui/Runtime/UGUI/UI/Core/Layout/CanvasScaler.cs
 0.1 kb	 0.0% Packages/com.unity.ugui/Runtime/UGUI/UI/Core/InputField.cs
 0.1 kb	 0.0% Packages/com.unity.ugui/Runtime/UGUI/UI/Core/IMaskable.cs
 0.1 kb	 0.0% Packages/com.unity.ugui/Runtime/UGUI/UI/Core/ColorBlock.cs
 0.1 kb	 0.0% Packages/com.unity.mathematics/Unity.Mathematics/random.cs
 0.1 kb	 0.0% Packages/com.unity.mathematics/Unity.Mathematics/matrix.gen.cs
 0.1 kb	 0.0% Packages/com.unity.mathematics/Unity.Mathematics/matrix.cs
 0.1 kb	 0.0% Packages/com.unity.mathematics/Unity.Mathematics/Noise/noise4D.cs
 0.1 kb	 0.0% Packages/com.unity.mathematics/Unity.Mathematics/Noise/noise3D.cs
 0.1 kb	 0.0% Packages/com.unity.mathematics/Unity.Mathematics/Noise/noise2D.cs
 0.1 kb	 0.0% Packages/com.unity.mathematics/Unity.Mathematics/Noise/common.cs
 0.1 kb	 0.0% Packages/com.unity.inputsystem/InputSystem/Plugins/XR/Devices/OpenVR.cs
 0.1 kb	 0.0% Packages/com.unity.inputsystem/InputSystem/Plugins/HID/HID.cs
 0.1 kb	 0.0% Packages/com.unity.collections/Unity.Collections/xxHash3.cs
 0.1 kb	 0.0% Packages/com.unity.collections/Unity.Collections/Unicode.cs
 0.1 kb	 0.0% Packages/com.unity.collections/Unity.Collections/Memory.cs
 0.1 kb	 0.0% Packages/com.unity.collections/Unity.Collections/Jobs/IJobFilter.cs
 0.1 kb	 0.0% Packages/com.unity.collections/Unity.Collections/BitField.cs
 0.1 kb	 0.0% Packages/com.unity.burst/Runtime/NoAliasAttribute.cs
 0.1 kb	 0.0% Packages/com.unity.burst/Runtime/FunctionPointer.cs
 0.1 kb	 0.0% Packages/com.unity.burst/Runtime/Editor/BurstLoader.cs
 0.1 kb	 0.0% Packages/com.unity.burst/Runtime/CompilerServices/Constant.cs
 0.1 kb	 0.0% Packages/com.unity.burst/Runtime/CompilerServices/Aliasing.cs
 0.1 kb	 0.0% Packages/com.unity.burst/Runtime/BurstString.Float.cs
 0.1 kb	 0.0% Packages/com.unity.burst/Runtime/BurstCompiler.cs
 0.1 kb	 0.0% Assets/_Project/Scripts/Weapons/YarnBall.cs
 0.1 kb	 0.0% Assets/_Project/Scripts/Weapons/SparkCat.cs
 0.1 kb	 0.0% Assets/_Project/Scripts/Weapons/Forge.cs
 0.1 kb	 0.0% Assets/_Project/Scripts/Weapons/Fleet.cs
 0.1 kb	 0.0% Assets/_Project/Scripts/Enemies/Enemy.cs
 0.1 kb	 0.0% Assets/_Project/Scripts/Audio/SfxSynth.cs
 0.1 kb	 0.0% Assets/_Project/Generated/Data/Workshop/health.asset
 0.1 kb	 0.0% Assets/_Project/Generated/Data/Fusions/candy_shield_galaxy.asset
 0.1 kb	 0.0% Packages/com.unity.ugui/Runtime/UGUI/UI/Core/Culling/IClipRegion.cs
 0.1 kb	 0.0% Packages/com.unity.ugui/Runtime/TMP/TextMeshPro.cs
 0.1 kb	 0.0% Packages/com.unity.ugui/Runtime/TMP/TMP_TextInfo.cs
 0.1 kb	 0.0% Packages/com.unity.ugui/Runtime/TMP/TMP_SubMesh.cs
 0.1 kb	 0.0% Packages/com.unity.ugui/Runtime/TMP/TMP_Style.cs
 0.1 kb	 0.0% Packages/com.unity.ugui/Runtime/TMP/TMP_Sprite.cs
 0.1 kb	 0.0% Packages/com.unity.ugui/Runtime/TMP/TMP_Settings.cs
 0.1 kb	 0.0% Packages/com.unity.ugui/Runtime/TMP/TMP_MeshInfo.cs
 0.1 kb	 0.0% Packages/com.unity.ugui/Runtime/TMP/TMP_LineInfo.cs
 0.1 kb	 0.0% Packages/com.unity.ugui/Runtime/TMP/TMP_Dropdown.cs
 0.1 kb	 0.0% Packages/com.unity.ugui/Runtime/TMP/TMP_Asset.cs
 0.1 kb	 0.0% Packages/com.unity.ugui/Runtime/TMP/FastAction.cs
 0.1 kb	 0.0% Packages/com.unity.mathematics/Unity.Mathematics/int4.gen.cs
 0.1 kb	 0.0% Packages/com.unity.mathematics/Unity.Mathematics/int3.gen.cs
 0.1 kb	 0.0% Packages/com.unity.mathematics/Unity.Mathematics/int2.gen.cs
 0.1 kb	 0.0% Packages/com.unity.inputsystem/InputSystem/Devices/Pen.cs
 0.1 kb	 0.0% Packages/com.unity.burst/Runtime/Intrinsics/Common.cs
 0.1 kb	 0.0% Packages/com.unity.burst/Runtime/Intrinsics/Arm/NEON_ctor.cs
 0.1 kb	 0.0% Packages/com.unity.burst/Runtime/Intrinsics/Arm/NEON_AArch64.cs
 0.1 kb	 0.0% Assets/_Project/Scripts/UI/UIStroke.cs
 0.1 kb	 0.0% Assets/_Project/Scripts/UI/HudBar.cs
 0.1 kb	 0.0% Assets/_Project/Scripts/UI/GameUI.cs
 0.1 kb	 0.0% Assets/_Project/Scripts/Meta/Missions.cs
 0.1 kb	 0.0% Assets/_Project/Scripts/Meta/GunMods.cs
 0.1 kb	 0.0% Assets/_Project/Scripts/Meta/AdRules.cs
 0.1 kb	 0.0% Assets/_Project/Scripts/Feel/Juice.cs
 0.1 kb	 0.0% Assets/_Project/Scripts/Feel/CombatFx.cs
 0.1 kb	 0.0% Assets/_Project/Scripts/Core/Formulas.cs
 0.1 kb	 0.0% Assets/_Project/Scripts/Core/Ads.cs
 0.1 kb	 0.0% Assets/_Project/Scripts/Core/AdMobAds.cs
 0.1 kb	 0.0% Assets/_Project/Generated/Data/Workshop/luck.asset
 0.1 kb	 0.0% Assets/_Project/Generated/Data/Fusions/rainbow_storm.asset
 0.1 kb	 0.0% Assets/_Project/Generated/Data/Fusions/cosmic_breakfast.asset
 0.1 kb	 0.0% Packages/com.unity.ugui/Runtime/UGUI/UI/Core/VertexModifiers/Shadow.cs
 0.1 kb	 0.0% Packages/com.unity.ugui/Runtime/UGUI/UI/Core/VertexModifiers/Outline.cs
 0.1 kb	 0.0% Packages/com.unity.ugui/Runtime/UGUI/UI/Core/Toggle.cs
 0.1 kb	 0.0% Packages/com.unity.ugui/Runtime/UGUI/UI/Core/Slider.cs
 0.1 kb	 0.0% Packages/com.unity.ugui/Runtime/UGUI/UI/Core/RawImage.cs
 0.1 kb	 0.0% Packages/com.unity.ugui/Runtime/UGUI/UI/Core/Image.cs
 0.1 kb	 0.0% Packages/com.unity.ugui/Runtime/UGUI/UI/Core/IMask.cs
 0.1 kb	 0.0% Packages/com.unity.ugui/Runtime/UGUI/UI/Core/Graphic.cs
 0.1 kb	 0.0% Packages/com.unity.ugui/Runtime/UGUI/UI/Core/FontData.cs
 0.1 kb	 0.0% Packages/com.unity.ugui/Runtime/UGUI/UI/Core/Dropdown.cs
 0.1 kb	 0.0% Packages/com.unity.ugui/Runtime/UGUI/UI/Core/Culling/Clipping.cs
 0.1 kb	 0.0% Packages/com.unity.ugui/Runtime/UGUI/UI/Core/Button.cs
 0.1 kb	 0.0% Packages/com.unity.mathematics/Unity.Mathematics/svd.cs
 0.1 kb	 0.0% Packages/com.unity.mathematics/Unity.Mathematics/math.cs
 0.1 kb	 0.0% Packages/com.unity.mathematics/Unity.Mathematics/half.cs
 0.1 kb	 0.0% Packages/com.unity.burst/Runtime/SharedStatic.cs
 0.1 kb	 0.0% Packages/com.unity.burst/Runtime/Intrinsics/x86/Ssse3.cs
 0.1 kb	 0.0% Packages/com.unity.burst/Runtime/Intrinsics/x86/Sse4_2.cs
 0.1 kb	 0.0% Packages/com.unity.burst/Runtime/Intrinsics/x86/Sse4_1.cs
 0.1 kb	 0.0% Packages/com.unity.burst/Runtime/Intrinsics/x86/Popcnt.cs
 0.1 kb	 0.0% Packages/com.unity.burst/Runtime/Intrinsics/x86/Common.cs
 0.1 kb	 0.0% Packages/com.unity.burst/Runtime/CompilerServices/Hint.cs
 0.1 kb	 0.0% Packages/com.unity.burst/Runtime/BurstString.cs
 0.1 kb	 0.0% Packages/com.unity.burst/Runtime/BurstRuntime.cs
 0.1 kb	 0.0% Packages/com.unity.ugui/Runtime/TMP/TMP_Text.cs
 0.1 kb	 0.0% Packages/com.unity.inputsystem/InputSystem/Plugins/UI/UISupport.cs
 0.1 kb	 0.0% Packages/com.unity.burst/Runtime/Intrinsics/x86/Sse3.cs
 0.1 kb	 0.0% Packages/com.unity.burst/Runtime/Intrinsics/x86/Sse2.cs
 0.1 kb	 0.0% Packages/com.unity.burst/Runtime/Intrinsics/x86/Sse.cs
 0.1 kb	 0.0% Packages/com.unity.burst/Runtime/Intrinsics/x86/Fma.cs
 0.1 kb	 0.0% Packages/com.unity.burst/Runtime/Intrinsics/x86/F16C.cs
 0.1 kb	 0.0% Packages/com.unity.burst/Runtime/Intrinsics/x86/Csr.cs
 0.1 kb	 0.0% Packages/com.unity.burst/Runtime/Intrinsics/x86/Bmi2.cs
 0.1 kb	 0.0% Packages/com.unity.burst/Runtime/Intrinsics/x86/Bmi1.cs
 0.1 kb	 0.0% Packages/com.unity.burst/Runtime/Intrinsics/x86/Avx2.cs
 0.1 kb	 0.0% Packages/com.unity.burst/Runtime/Intrinsics/x86/Avx.cs
 0.1 kb	 0.0% Packages/com.unity.burst/Runtime/Intrinsics/v64.cs
 0.1 kb	 0.0% Packages/com.unity.burst/Runtime/Intrinsics/v256.cs
 0.1 kb	 0.0% Packages/com.unity.burst/Runtime/Intrinsics/v128.cs
 0.1 kb	 0.0% Packages/com.unity.burst/Runtime/Intrinsics/Arm/NEON.cs
 0.1 kb	 0.0% Assets/_Project/Scripts/Meta/Maps.cs
 0.1 kb	 0.0% Assets/_Project/Scripts/Core/Loc.cs
 0.1 kb	 0.0% Assets/_Project/Generated/Data/Bullets/JellySmall.asset
 0.1 kb	 0.0% Assets/_Project/Generated/Data/Bullets/GiantFeather.asset
 0.1 kb	 0.0% Assets/_Project/Generated/Data/Bullets/EnemyRound.asset
 0.1 kb	 0.0% Assets/_Project/Generated/Data/Bullets/BossSpecial.asset
 0.1 kb	 0.0% Packages/com.unity.ugui/Runtime/UGUI/UI/Core/Text.cs
 0.1 kb	 0.0% Packages/com.unity.ugui/Runtime/UGUI/UI/Core/Misc.cs
 0.1 kb	 0.0% Packages/com.unity.ugui/Runtime/UGUI/UI/Core/Mask.cs
 0.1 kb	 0.0% Assets/_Project/Generated/Data/Bullets/Stinger.asset
 0.1 kb	 0.0% Assets/_Project/Generated/Data/Bullets/Spark.asset
 0.1 kb	 0.0% Assets/_Project/Generated/Data/Bullets/Scoop.asset
 0.1 kb	 0.0% Assets/_Project/Generated/Data/Bullets/Meteor.asset
 0.1 kb	 0.0% Assets/_Project/Generated/Data/Bullets/Jelly.asset
 0.1 kb	 0.0% Assets/_Project/Generated/Data/Bullets/GoldEgg.asset
 0.1 kb	 0.0% Assets/_Project/Generated/Data/Bullets/Feather.asset
 0.1 kb	 0.0% Assets/_Project/Generated/Data/Bullets/EnemyBig.asset
 0.1 kb	 0.0% Assets/_Project/Generated/Data/Bullets/Crumb.asset
 0.1 kb	 0.0% Assets/_Project/Generated/Data/Bullets/Chick.asset
 0.1 kb	 0.0% Assets/_Project/Generated/Data/Bullets/Yarn.asset
 0.1 kb	 0.0% Assets/_Project/Generated/Data/Bullets/Star.asset
 0.1 kb	 0.0% Assets/_Project/Generated/Data/Bullets/Puff.asset
 0.1 kb	 0.0% Assets/_Project/Generated/Data/Bullets/Ice.asset
 0.1 kb	 0.0% Assets/_Project/Generated/Data/Bullets/Gum.asset
 0.1 kb	 0.0% Assets/_Project/Generated/Data/Bullets/Egg.asset
 0.1 kb	 0.0% Assets/Resources/PerformanceTestRunSettings.json
-------------------------------------------------------------------------------
Unloading 0 Unused Serialized files (Serialized files now loaded: 0)
Unloading 524 unused Assets / (3.6 MB). Loaded Objects now: 2468.
Memory consumption went from 116.5 MB to 112.8 MB.
Total: 13.651093 ms (FindLiveObjects: 0.175951 ms CreateObjectMapping: 0.035383 ms MarkObjects: 11.187725 ms  DeleteObjects: 2.251432 ms)

Build Finished, Result: Success.
##utp:{"type":"PlayerBuildInfo","version":2,"phase":"Immediate","time":1790419912900,"processId":43,"steps":[{"description":"Preprocess Player","duration":300},{"description":"Prepare For Build","duration":3317},{"description":"ProducePlayerScriptAssemblies","duration":9608},{"description":"Verify Build setup","duration":31},{"description":"Prepare assets for target platform","duration":1},{"description":"Prepare splash screen","duration":0},{"description":"Building scenes","duration":358},{"description":"Build scripts DLLs","duration":18},{"description":"Build GlobalGameManagers file","duration":89},{"description":"Writing asset files","duration":112},{"description":"Building Resources/unity_builtin_extra","duration":417},{"description":"Write data build dirty tracking information","duration":43},{"description":"Postprocess built player","duration":328772}],"duration":343066}
Unloading 293 Unused Serialized files (Serialized files now loaded: 0)
Loaded scene 'Temp/__Backupscenes/0.backup'
	Deserialize:            257.301 ms
	Integration:            197.186 ms
	Integration of assets:  8.948 ms
	Thread Wait Time:       -0.091 ms
	Total Operation Time:   463.343 ms
Unloading 0 unused Assets / (0.6 KB). Loaded Objects now: 2917.
Memory consumption went from 118.3 MB to 118.3 MB.
Total: 11.306607 ms (FindLiveObjects: 0.268870 ms CreateObjectMapping: 0.055752 ms MarkObjects: 10.973773 ms  DeleteObjects: 0.007541 ms)

[CiBuild] Succeeded: /project/build/Android/PofudukFilo.apk (558 MB, 0 errors)
UnityEngine.Debug:ExtractStackTraceNoAlloc (byte*,int,string)
UnityEngine.StackTraceUtility:ExtractStackTrace () (at /home/bokken/build/output/unity/unity/Runtime/Export/Scripting/StackTrace.cs:35)
UnityEngine.DebugLogHandler:Internal_Log (UnityEngine.LogType,UnityEngine.LogOption,string,UnityEngine.Object)
UnityEngine.DebugLogHandler:LogFormat (UnityEngine.LogType,UnityEngine.Object,string,object[])
UnityEngine.Logger:Log (UnityEngine.LogType,object)
UnityEngine.Debug:Log (object)
PofudukFilo.EditorTools.CiBuild:BuildAndroid () (at Assets/_Project/Scripts/Editor/CiBuild.cs:45)

(Filename: Assets/_Project/Scripts/Editor/CiBuild.cs Line: 45)

Starting: /opt/unity/Editor/Data/PlaybackEngines/AndroidPlayer/OpenJDK/bin/java -classpath "/opt/unity/Editor/Data/PlaybackEngines/AndroidPlayer/Tools/gradle/lib/gradle-launcher-9.1.0.jar" org.gradle.launcher.GradleMain "-Dorg.gradle.jvmargs=-Xmx4096m" "--stop" 
WorkingDir: 
Killing ADB server in 0.038385 seconds.
The command could not be loaded, possibly because:
  * You intended to execute a .NET application:
      The application 'build-server' does not exist.
  * You intended to execute a .NET SDK command:
      No .NET SDKs were found.

Download a .NET SDK:
https://aka.ms/dotnet-download

Learn about SDK resolution:
https://aka.ms/dotnet/sdk-not-found
[Physics::Module] Cleanup current backend.
[Physics::Module] Id: 0xf2b8ea05
Input System module state changed to: ShutdownInProgress.
Input System polling thread exited.
Input System module state changed to: Shutdown.
[Licensing::IpcConnector] LicenseClient-root-notifications channel disconnected successfully.
[Licensing::IpcConnector] LicenseClient-root channel disconnected successfully.
AcceleratorClientConnectionCallback - disconnected - :0
info: Microsoft.Hosting.Lifetime[0]
      Application is shutting down...
info: Unity.ILPP.Runner.PostProcessingAssemblyLoadContext[0]
      ALC ILPP context 2 is unloading
Cleanup mono
debugger-agent: Unable to listen on 39
[Package Manager] Server process was shutdown
Checking for leaked weakptr:
  Found no leaked weakptrs.
##utp:{"type":"MemoryLeaks","version":2,"phase":"Immediate","time":1790419919752,"processId":43,"allocatedMemory":8764988,"memoryLabels":[{"Default":24121},{"Permanent":15960},{"Thread":1084616},{"Manager":17226},{"VertexData":8},{"Geometry":408},{"Texture":160},{"Shader":80460},{"Material":24},{"GfxDevice":36040},{"Animation":456},{"Audio":3032},{"Font":114685},{"FreeType":6280},{"FontEngine":736},{"Physics":1970},{"Physics2D":16},{"Serialization":352},{"Input":26888},{"JobScheduler":33024},{"TextLib":280},{"Mono":32},{"ScriptingNativeRuntime":155096},{"BaseObject":1705008},{"Resource":1064},{"Renderer":3000},{"Transform":4717},{"File":170438},{"WebCam":80},{"Culling":32},{"Terrain":11298},{"Wind":24},{"String":382285},{"DynamicArray":102273},{"HashMap":102867},{"Utility":2658752},{"Curl":2430},{"PoolAlloc":1856},{"AI":80},{"TypeTree":14981},{"ScriptManager":512},{"RuntimeInitializeOnLoadManager":64},{"SpriteAtlas":112},{"GI":7384},{"Director":8208},{"CloudService":125832},{"WebRequest":552},{"VR":47754},{"SceneManager":536},{"Video":64},{"LazyScriptCache":32},{"Camera":17},{"Secure":12449},{"SerializationCache":1576},{"APIUpdating":10320},{"Subsystems":336},{"VirtualTexturing":57552},{"StaticSafetyDebugInfo":278528},{"Analytics":464},{"Hierarchy":1416},{"CoreStats":13112},{"Identifiers":6480},{"Gui":128},{"EditorUtility":77354},{"VersionControl":4},{"Undo":979},{"AssetDatabase":1305184},{"EditorGi":328},{"UnityConnect":29408},{"Upm":1744},{"AssetCompliance":64},{"DrivenProperties":72},{"LocalIPC":147},{"ProfilerEditor":9746},{"CoreBusinessMetrics":2387},{"Licensing":1128},{"AssetReference":32},{"IPCStream":32}]}
