Unity Editor version:    6000.3.24f1 (4e7b9b5b6244)
Branch:                  6000.3/staging
Build type:              Release
Batch mode:              YES
System name:             Linux
Distro version:          #22-Ubuntu SMP Mon Jul 27 17:24:03 UTC 2026
Kernel version:          6.17.0-1022-azure
Architecture:            x86_64
Available memory:        15989 MB
Date:                    2026-09-26T10:51:59Z
[Licensing::Module] Trying to connect to existing licensing client channel...
Initialize udev device monitor.
[Licensing::IpcConnector] Channel LicenseClient-root doesn't exist
[Licensing::Module] Successfully launched the LicensingClient (PId: 3370)

COMMAND LINE ARGUMENTS:
/opt/unity/Editor/Unity
-batchmode
-batchmode
-nographics
-logFile
/project/build/logs/linux.log
-projectPath
/project
-buildTarget
Linux64
-executeMethod
PofudukFilo.EditorTools.CiBuild.BuildLinuxQa
-customBuildPath
/project/build/Linux/PofudukFilo.x86_64
Successfully changed project path to: /project
/project
[UnityMemory] Configuration Parameters - Can be set up in boot.config
    "memorysetup-allocator-temp-initial-block-size-main=262144"
    "memorysetup-allocator-temp-initial-block-size-worker=262144"
    "memorysetup-temp-allocator-size-background-worker=32768"
    "memorysetup-temp-allocator-size-job-worker=262144"
    "memorysetup-temp-allocator-size-preload-manager=33554432"
    "memorysetup-remapper-allocator-initial-capacity=32768"
    "memorysetup-temp-allocator-size-nav-mesh-worker=65536"
    "memorysetup-temp-allocator-size-audio-worker=65536"
    "memorysetup-temp-allocator-size-cloud-worker=32768"
    "memorysetup-temp-allocator-size-gi-baking-worker=262144"
    "memorysetup-temp-allocator-size-gi-baking-worker=262144"
    "memorysetup-temp-allocator-size-gi-baking-worker=262144"
    "memorysetup-temp-allocator-size-gi-baking-worker=262144"
    "memorysetup-temp-allocator-size-gi-baking-worker=262144"
    "memorysetup-bucket-allocator-granularity=16"
    "memorysetup-bucket-allocator-bucket-count=8"
    "memorysetup-bucket-allocator-block-size=33554432"
    "memorysetup-bucket-allocator-block-count=8"
    "memorysetup-main-allocator-block-size=16777216"
    "memorysetup-thread-allocator-block-size=16777216"
    "memorysetup-gfx-main-allocator-block-size=16777216"
    "memorysetup-gfx-thread-allocator-block-size=16777216"
    "memorysetup-cache-allocator-block-size=4194304"
    "memorysetup-typetree-allocator-block-size=2097152"
    "memorysetup-profiler-bucket-allocator-granularity=16"
    "memorysetup-profiler-bucket-allocator-bucket-count=8"
    "memorysetup-profiler-bucket-allocator-block-size=33554432"
    "memorysetup-profiler-bucket-allocator-block-count=8"
    "memorysetup-profiler-allocator-block-size=16777216"
    "memorysetup-profiler-editor-allocator-block-size=1048576"
    "memorysetup-temp-allocator-size-main=16777216"
    "memorysetup-job-temp-allocator-block-size=2097152"
    "memorysetup-job-temp-allocator-block-size-background=1048576"
    "memorysetup-job-temp-allocator-reduction-small-platforms=262144"
    "memorysetup-temp-allocator-size-gfx=262144"
Player connection [139813418568448]  Target information:

Player connection [139813418568448]  * "[IP] 172.17.0.2 [Port] 55504 [Flags] 2 [Guid] 849914792 [EditorId] 849914792 [Version] 1048832 [Id] LinuxEditor(16,172.17.0.2) [Debug] 1 [PackageName] LinuxEditor [ProjectName] Editor" 

Player connection [139813418568448] Host joined multi-casting on [225.0.0.222:54997]...
Player connection [139813418568448] Host joined alternative multi-casting on [225.0.0.222:34997]...
Input System module state changed to: Initialized.
[Physics::Module] Initialized fallback backend.
[Physics::Module] Id: 0xdecafbad
[Licensing::IpcConnector] Successfully connected to: "LicenseClient-root" at "2026-09-26T10:52:00.14997Z"
[SignatureVerifier] Application signature verification not supported on this platform.
[Package Manager] Connected to IPC stream "Upm-3363" after 0.2 seconds.
[Licensing::Module] Licensing is not yet initialized.
[Licensing::Client] Handshaking with LicensingClient:
  Version:                 1.18.3+d7ffd15
  Session Id:              fb8fab81acc34de3a9b57ffcdcf3ef4c
  Correlation Id:          22915f271f43f54561452b7df7415099
  External correlation Id: 813843086850645508
  Machine Id:              D7nTUnjNAmtsUMcnoyrqkgIbYdM=
[Licensing::Module] Successfully connected to LicensingClient on channel: "LicenseClient-root" (connect: 0.25s, validation: 0.09s, handshake: 0.00s)
[Licensing::IpcConnector] Successfully connected to: "LicenseClient-root-notifications" at "2026-09-26T10:52:00.239062Z"
[Licensing::Module] Connected to LicensingClient (PId: 3370, launch time: 0.00, total connection time: 0.34s)
[Licensing::Module] Error: Access token is unavailable; failed to update
[Licensing::Client] Successfully resolved entitlement details
[Licensing::Module] License group:
  Id: 18968474402297-UnityPersXXXX
  Product: Unity Personal
  Type: Assigned
  Expiration: Unlimited
[Licensing::Client] Successfully updated license, isAsync: True, time: 0.01
[Licensing::Client] Successfully resolved entitlement details
[Licensing::Module] Licensing Background thread has ended after 0.43s
[Licensing::Module] Licensing is initialized (took 0.15s).
[Licensing::Client] Successfully resolved entitlement details
Library Redirect Path: Library/
[Physics::Module] Selected backend.
[Physics::Module] Name: PhysX
[Physics::Module] Id: 0xf2b8ea05
[Physics::Module] SDK Version: 4.1.2
[Physics::Module] Integration Version: 1.0.0
[Physics::Module] Threading Mode: Multi-Threaded
PlayerPrefs - Creating folder: /root/.config/unity3d/Ehtiyars Game
PlayerPrefs - Creating folder: /root/.config/unity3d/Ehtiyars Game/Galaxy Paws
Unable to load player prefs
Artifact Garbage Collection - Removed 205 unused hashed content files
Targeting platform: Linux64
Refreshing native plugins compatible for Editor in 0.39 ms, found 0 plugins.
Preloading 0 native plugins for Editor in 0.00 ms.
Initialize engine version: 6000.3.24f1 (4e7b9b5b6244)
[Subsystems] Discovering subsystems at path /opt/unity/Editor/Data/Resources/UnitySubsystems
[Subsystems] Discovering subsystems at path /project/Assets
Forcing GfxDevice: Null
GfxDevice: creating device client; kGfxThreadingModeNonThreaded
NullGfxDevice:
    Version:  NULL 1.0 [1.0]
    Renderer: Null Device
    Vendor:   Unity Technologies
Initialize mono
Mono path[0] = '/opt/unity/Editor/Data/Managed'
Mono path[1] = '/opt/unity/Editor/Data/MonoBleedingEdge/lib/mono/unityjit-linux'
Mono config path = '/opt/unity/Editor/Data/MonoBleedingEdge/etc'
Using monoOptions --debugger-agent=transport=dt_socket,embedding=1,server=y,suspend=n,address=127.0.0.1:56363
Using cacheserver namespaces - metadata:defaultmetadata, artifacts:defaultartifacts
Using cacheserver namespaces - metadata:defaultmetadata, artifacts:defaultartifacts
ImportWorker Server TCP listen port: 0
AcceleratorClientConnectionCallback - disconnected - :0
Begin MonoManager ReloadAssembly
Registering precompiled unity dll's ...
[Licensing::Client] Successfully resolved entitlement details
Register platform support module: /opt/unity/Editor/Data/PlaybackEngines/AndroidPlayer/UnityEditor.Android.Extensions.dll
Register platform support module: /opt/unity/Editor/Data/PlaybackEngines/LinuxStandaloneSupport/UnityEditor.LinuxStandalone.Extensions.dll
Registered in 0.003940 seconds.
- Loaded All Assemblies, in  0.381 seconds
Native extension for LinuxStandalone target not found
Native extension for Android target not found
Package Manager log level set to [2]
[Licensing::Client] Successfully resolved entitlement details
ScheduleIndexationOnStartup MainProcess:False IndexOnStartup:False
Mono: successfully reloaded assembly
- Finished resetting the current domain, in  1.184 seconds
Domain Reload Profiling: 1564ms
	BeginReloadAssembly (125ms)
		ExecutionOrderSort (0ms)
		DisableScriptedObjects (0ms)
		BackupInstance (0ms)
		ReleaseScriptingObjects (0ms)
		CreateAndSetChildDomain (1ms)
	RebuildCommonClasses (36ms)
	RebuildNativeTypeToScriptingClass (8ms)
	initialDomainReloadingComplete (51ms)
	LoadAllAssembliesAndSetupDomain (159ms)
		LoadAssemblies (125ms)
		RebuildTransferFunctionScriptingTraits (0ms)
		AnalyzeDomain (155ms)
			TypeCache.Refresh (153ms)
				TypeCache.ScanAssembly (142ms)
			BuildScriptInfoCaches (0ms)
			ResolveRequiredComponents (0ms)
	FinalizeReload (1184ms)
		ReleaseScriptCaches (0ms)
		RebuildScriptCaches (0ms)
		SetupLoadedEditorAssemblies (1143ms)
			LogAssemblyErrors (0ms)
			InitializePlatformSupportModulesInManaged (52ms)
			SetLoadedEditorAssemblies (4ms)
			BeforeProcessingInitializeOnLoad (90ms)
			ProcessInitializeOnLoadAttributes (151ms)
			ProcessInitializeOnLoadMethodAttributes (845ms)
			AfterProcessingInitializeOnLoad (0ms)
			EditorAssembliesLoaded (0ms)
		ExecutionOrderSort2 (0ms)
		AwakeInstancesAfterBackupRestoration (0ms)
[Licensing::Client] Successfully resolved entitlement details
Application.AssetDatabase Initial Refresh Start
[Package Manager] Restoring resolved packages state from cache
[Licensing::Client] Successfully resolved entitlement details
[Package Manager] Registered 24 packages:
  Packages from [https://package.openupm.com]:
    com.google.ads.mobile@11.5.0 (location: /project/Library/PackageCache/com.google.ads.mobile@0e7fbe087950)
    com.google.external-dependency-manager@1.2.189 (location: /project/Library/PackageCache/com.google.external-dependency-manager@00acdad28d04)
  Packages from [https://packages.unity.com]:
    com.unity.collections@2.6.8 (location: /project/Library/PackageCache/com.unity.collections@84e8eb3fc12e)
    com.unity.inputsystem@1.18.0 (location: /project/Library/PackageCache/com.unity.inputsystem@57d0e36f6123)
    com.unity.mathematics@1.3.3 (location: /project/Library/PackageCache/com.unity.mathematics@19a9377c4ffa)
    com.unity.burst@1.8.30 (location: /project/Library/PackageCache/com.unity.burst@2f3d916873ea)
    com.unity.nuget.mono-cecil@1.11.6 (location: /project/Library/PackageCache/com.unity.nuget.mono-cecil@ecb9724e46ff)
    com.unity.test-framework.performance@3.5.0 (location: /project/Library/PackageCache/com.unity.test-framework.performance@8b56083ec0f0)
  Built-in packages:
    com.unity.ugui@2.0.0 (location: /project/Library/PackageCache/com.unity.ugui@ac1faea181f8)
    com.unity.modules.androidjni@1.0.0 (location: /project/Library/PackageCache/com.unity.modules.androidjni)
    com.unity.modules.animation@1.0.0 (location: /project/Library/PackageCache/com.unity.modules.animation)
    com.unity.modules.audio@1.0.0 (location: /project/Library/PackageCache/com.unity.modules.audio)
    com.unity.modules.imageconversion@1.0.0 (location: /project/Library/PackageCache/com.unity.modules.imageconversion)
    com.unity.modules.imgui@1.0.0 (location: /project/Library/PackageCache/com.unity.modules.imgui)
    com.unity.modules.jsonserialize@1.0.0 (location: /project/Library/PackageCache/com.unity.modules.jsonserialize)
    com.unity.modules.particlesystem@1.0.0 (location: /project/Library/PackageCache/com.unity.modules.particlesystem)
    com.unity.modules.physics@1.0.0 (location: /project/Library/PackageCache/com.unity.modules.physics)
    com.unity.modules.physics2d@1.0.0 (location: /project/Library/PackageCache/com.unity.modules.physics2d)
    com.unity.modules.screencapture@1.0.0 (location: /project/Library/PackageCache/com.unity.modules.screencapture)
    com.unity.modules.ui@1.0.0 (location: /project/Library/PackageCache/com.unity.modules.ui)
    com.unity.modules.uielements@1.0.0 (location: /project/Library/PackageCache/com.unity.modules.uielements)
    com.unity.modules.hierarchycore@1.0.0 (location: /project/Library/PackageCache/com.unity.modules.hierarchycore)
    com.unity.test-framework@1.6.0 (location: /project/Library/PackageCache/com.unity.test-framework@0bd5c5194236)
    com.unity.ext.nunit@2.0.5 (location: /project/Library/PackageCache/com.unity.ext.nunit@ec2d0043d6fc)
[Subsystems] No new subsystems found in resolved package list.
[Package Manager] Done registering packages in 0.00 seconds
[ScriptCompilation] Requested script compilation because: InitialRefresh: Force Refresh Recompile flag enabled
[40m[32minfo[39m[22m[49m: Microsoft.Hosting.Lifetime[14]
      Now listening on: http://unix:/tmp/ilpp.sock-5fc8cbfa389331b1e255309fb814e130
[40m[32minfo[39m[22m[49m: Microsoft.Hosting.Lifetime[0]
      Application started. Press Ctrl+C to shut down.
[40m[32minfo[39m[22m[49m: Microsoft.Hosting.Lifetime[0]
      Hosting environment: Production
[40m[32minfo[39m[22m[49m: Microsoft.Hosting.Lifetime[0]
      Content root path: /project/
[40m[32minfo[39m[22m[49m: Microsoft.AspNetCore.Hosting.Diagnostics[1]
      Request starting HTTP/2 POST http://ilpp/UnityILPP.PostProcessing/Ping application/grpc -
[40m[32minfo[39m[22m[49m: Microsoft.AspNetCore.Routing.EndpointMiddleware[0]
      Executing endpoint 'gRPC - /UnityILPP.PostProcessing/Ping'
[40m[32minfo[39m[22m[49m: Microsoft.AspNetCore.Routing.EndpointMiddleware[1]
      Executed endpoint 'gRPC - /UnityILPP.PostProcessing/Ping'
[40m[32minfo[39m[22m[49m: Microsoft.AspNetCore.Hosting.Diagnostics[2]
      Request finished HTTP/2 POST http://ilpp/UnityILPP.PostProcessing/Ping application/grpc - - 200 - application/grpc 39.7444ms
Starting: /opt/unity/Editor/Data/Tools/BuildPipeline/bee_backend --ipc --defer-dag-verification --dagfile="Library/Bee/2400b0aE.dag" --continue-on-failure --profile="Library/Bee/backend1.traceevents" ScriptAssemblies
WorkingDir: /project
DisplayProgressbar: Compiling Scripts
Starting: /opt/unity/Editor/Data/netcorerun/netcorerun "/opt/unity/Editor/Data/Tools/BuildPipeline/ScriptCompilationBuildProgram.exe" "Library/Bee/2400b0aE.dag.json" "Library/Bee/2400b0aE-inputdata.json" "Library/Bee/buildprogram0.traceevents"
WorkingDir: /project
ExitCode: 4 Duration: 0s381ms
Rebuilding DAG because FileSignature timestamp changed: Library/Bee/2400b0aE-inputdata.json
*** Tundra requires additional run (0.37 seconds), 0 items updated, 0 evaluated
ExitCode: 0 Duration: 0s458ms
Starting: /opt/unity/Editor/Data/Tools/BuildPipeline/bee_backend --ipc --defer-dag-verification --dagfile="Library/Bee/2400b0aE.dag" --continue-on-failure --dagfilejson="Library/Bee/2400b0aE.dag.json" --profile="Library/Bee/backend2.traceevents" ScriptAssemblies
WorkingDir: /project
[40m[32minfo[39m[22m[49m: Microsoft.AspNetCore.Hosting.Diagnostics[1]
      Request starting HTTP/2 POST http://ilpp/UnityILPP.PostProcessing/ConfigurePostProcessors application/grpc -
[40m[32minfo[39m[22m[49m: Microsoft.AspNetCore.Routing.EndpointMiddleware[0]
      Executing endpoint 'gRPC - /UnityILPP.PostProcessing/ConfigurePostProcessors'
[40m[1m[33mwarn[39m[22m[49m: Unity.ILPP.Runner.PostProcessingAssemblyLoadContext[0]
      Assembly system.runtime.interopservices.windowsruntime has duplicate hint path. Ignoring "/opt/unity/Editor/Data/UnityReferenceAssemblies/unity-4.8-api/Facades/System.Runtime.InteropServices.WindowsRuntime.dll" in favor of "/opt/unity/Editor/Data/NetStandard/Extensions/2.0.0/System.Runtime.InteropServices.WindowsRuntime.dll"
[40m[1m[33mwarn[39m[22m[49m: Unity.ILPP.Runner.PostProcessingAssemblyLoadContext[0]
      Assembly system.componentmodel.composition has duplicate hint path. Ignoring "/opt/unity/Editor/Data/UnityReferenceAssemblies/unity-4.8-api/System.ComponentModel.Composition.dll" in favor of "/opt/unity/Editor/Data/NetStandard/compat/2.1.0/shims/netfx/System.ComponentModel.Composition.dll"
[40m[32minfo[39m[22m[49m: Unity.ILPP.Runner.PostProcessingAssemblyLoadContext[0]
      Resolved Unity.Burst.Cecil, Version=0.11.6.0, Culture=neutral, PublicKeyToken=50cebf1cceb9d05e with Library/PackageCache/com.unity.burst@2f3d916873ea/Unity.Burst.CodeGen/Unity.Burst.Cecil.dll
[40m[32minfo[39m[22m[49m: Unity.ILPP.Runner.PostProcessingAssemblyLoadContext[0]
      Resolved Mono.Cecil, Version=0.11.5.0, Culture=neutral, PublicKeyToken=50cebf1cceb9d05e with Library/PackageCache/com.unity.nuget.mono-cecil@ecb9724e46ff/Mono.Cecil.dll
[40m[32minfo[39m[22m[49m: Microsoft.AspNetCore.Routing.EndpointMiddleware[1]
      Executed endpoint 'gRPC - /UnityILPP.PostProcessing/ConfigurePostProcessors'
[40m[32minfo[39m[22m[49m: Microsoft.AspNetCore.Hosting.Diagnostics[2]
      Request finished HTTP/2 POST http://ilpp/UnityILPP.PostProcessing/ConfigurePostProcessors application/grpc - - 200 - application/grpc 29.5634ms
[40m[32minfo[39m[22m[49m: Microsoft.AspNetCore.Hosting.Diagnostics[1]
      Request starting HTTP/2 POST http://ilpp/UnityILPP.PostProcessing/PostProcessAssembly application/grpc -
[40m[32minfo[39m[22m[49m: Microsoft.AspNetCore.Routing.EndpointMiddleware[0]
      Executing endpoint 'gRPC - /UnityILPP.PostProcessing/PostProcessAssembly'
[40m[32minfo[39m[22m[49m: Microsoft.AspNetCore.Hosting.Diagnostics[1]
      Request starting HTTP/2 POST http://ilpp/UnityILPP.PostProcessing/PostProcessAssembly application/grpc -
[40m[32minfo[39m[22m[49m: Microsoft.AspNetCore.Routing.EndpointMiddleware[0]
      Executing endpoint 'gRPC - /UnityILPP.PostProcessing/PostProcessAssembly'
[40m[32minfo[39m[22m[49m: Microsoft.AspNetCore.Hosting.Diagnostics[1]
      Request starting HTTP/2 POST http://ilpp/UnityILPP.PostProcessing/PostProcessAssembly application/grpc -
[40m[32minfo[39m[22m[49m: Microsoft.AspNetCore.Routing.EndpointMiddleware[0]
      Executing endpoint 'gRPC - /UnityILPP.PostProcessing/PostProcessAssembly'
[40m[32minfo[39m[22m[49m: Unity.ILPP.Runner.PostProcessingPipeline[0]
      Processing assembly Library/Bee/artifacts/2400b0aE.dag/Unity.TextMeshPro.dll, with 132 defines and 252 references
[40m[32minfo[39m[22m[49m: Unity.ILPP.Runner.PostProcessingPipeline[0]
      Processing assembly Library/Bee/artifacts/2400b0aE.dag/Unity.InternalAPIEngineBridge.004.dll, with 131 defines and 251 references
[40m[32minfo[39m[22m[49m: Unity.ILPP.Runner.PostProcessingPipeline[0]
      Processing assembly Library/Bee/artifacts/2400b0aE.dag/UnityEngine.UI.dll, with 136 defines and 249 references
[40m[32minfo[39m[22m[49m: Unity.ILPP.Runner.PostProcessingPipeline[0]
      processors: Unity.Jobs.CodeGen.JobsILPostProcessor, zzzUnity.Burst.CodeGen.BurstILPostProcessor
[40m[32minfo[39m[22m[49m: Unity.ILPP.Runner.PostProcessingPipeline[0]
      processors: Unity.Jobs.CodeGen.JobsILPostProcessor, zzzUnity.Burst.CodeGen.BurstILPostProcessor
[40m[32minfo[39m[22m[49m: Unity.ILPP.Runner.PostProcessingPipeline[0]
      processors: Unity.Jobs.CodeGen.JobsILPostProcessor, zzzUnity.Burst.CodeGen.BurstILPostProcessor
[40m[32minfo[39m[22m[49m: Unity.ILPP.Runner.PostProcessingPipeline[0]
      running Unity.Jobs.CodeGen.JobsILPostProcessor
[40m[32minfo[39m[22m[49m: Unity.ILPP.Runner.PostProcessingPipeline[0]
      running zzzUnity.Burst.CodeGen.BurstILPostProcessor
[40m[32minfo[39m[22m[49m: Unity.ILPP.Runner.PostProcessingPipeline[0]
      running Unity.Jobs.CodeGen.JobsILPostProcessor
[40m[32minfo[39m[22m[49m: Unity.ILPP.Runner.PostProcessingPipeline[0]
      running zzzUnity.Burst.CodeGen.BurstILPostProcessor
[40m[32minfo[39m[22m[49m: Unity.ILPP.Runner.PostProcessingPipeline[0]
      running Unity.Jobs.CodeGen.JobsILPostProcessor
[40m[32minfo[39m[22m[49m: Unity.ILPP.Runner.PostProcessingPipeline[0]
      running zzzUnity.Burst.CodeGen.BurstILPostProcessor
[40m[32minfo[39m[22m[49m: Microsoft.AspNetCore.Routing.EndpointMiddleware[1]
      Executed endpoint 'gRPC - /UnityILPP.PostProcessing/PostProcessAssembly'
[40m[32minfo[39m[22m[49m: Microsoft.AspNetCore.Routing.EndpointMiddleware[1]
      Executed endpoint 'gRPC - /UnityILPP.PostProcessing/PostProcessAssembly'
[40m[32minfo[39m[22m[49m: Microsoft.AspNetCore.Routing.EndpointMiddleware[1]
      Executed endpoint 'gRPC - /UnityILPP.PostProcessing/PostProcessAssembly'
[40m[32minfo[39m[22m[49m: Microsoft.AspNetCore.Hosting.Diagnostics[2]
      Request finished HTTP/2 POST http://ilpp/UnityILPP.PostProcessing/PostProcessAssembly application/grpc - - 200 - application/grpc 25.1434ms
[40m[32minfo[39m[22m[49m: Microsoft.AspNetCore.Hosting.Diagnostics[2]
      Request finished HTTP/2 POST http://ilpp/UnityILPP.PostProcessing/PostProcessAssembly application/grpc - - 200 - application/grpc 25.4066ms
[40m[32minfo[39m[22m[49m: Microsoft.AspNetCore.Hosting.Diagnostics[2]
      Request finished HTTP/2 POST http://ilpp/UnityILPP.PostProcessing/PostProcessAssembly application/grpc - - 200 - application/grpc 28.7958ms
[40m[32minfo[39m[22m[49m: Microsoft.AspNetCore.Hosting.Diagnostics[1]
      Request starting HTTP/2 POST http://ilpp/UnityILPP.PostProcessing/PostProcessAssembly application/grpc -
[40m[32minfo[39m[22m[49m: Microsoft.AspNetCore.Routing.EndpointMiddleware[0]
      Executing endpoint 'gRPC - /UnityILPP.PostProcessing/PostProcessAssembly'
[40m[32minfo[39m[22m[49m: Unity.ILPP.Runner.PostProcessingPipeline[0]
      Processing assembly Library/Bee/artifacts/2400b0aE.dag/Unity.InputSystem.dll, with 140 defines and 251 references
[40m[32minfo[39m[22m[49m: Unity.ILPP.Runner.PostProcessingPipeline[0]
      processors: Unity.Jobs.CodeGen.JobsILPostProcessor, zzzUnity.Burst.CodeGen.BurstILPostProcessor
[40m[32minfo[39m[22m[49m: Unity.ILPP.Runner.PostProcessingPipeline[0]
      running Unity.Jobs.CodeGen.JobsILPostProcessor
[40m[32minfo[39m[22m[49m: Unity.ILPP.Runner.PostProcessingPipeline[0]
      running zzzUnity.Burst.CodeGen.BurstILPostProcessor
[40m[32minfo[39m[22m[49m: Microsoft.AspNetCore.Hosting.Diagnostics[1]
      Request starting HTTP/2 POST http://ilpp/UnityILPP.PostProcessing/PostProcessAssembly application/grpc -
[40m[32minfo[39m[22m[49m: Microsoft.AspNetCore.Routing.EndpointMiddleware[0]
      Executing endpoint 'gRPC - /UnityILPP.PostProcessing/PostProcessAssembly'
[40m[32minfo[39m[22m[49m: Unity.ILPP.Runner.PostProcessingPipeline[0]
      Processing assembly Library/Bee/artifacts/2400b0aE.dag/Unity.InputSystem.TestFramework.dll, with 132 defines and 238 references
[40m[32minfo[39m[22m[49m: Unity.ILPP.Runner.PostProcessingPipeline[0]
      processors: Unity.Jobs.CodeGen.JobsILPostProcessor, zzzUnity.Burst.CodeGen.BurstILPostProcessor
[40m[32minfo[39m[22m[49m: Microsoft.AspNetCore.Routing.EndpointMiddleware[1]
      Executed endpoint 'gRPC - /UnityILPP.PostProcessing/PostProcessAssembly'
[40m[32minfo[39m[22m[49m: Microsoft.AspNetCore.Hosting.Diagnostics[2]
      Request finished HTTP/2 POST http://ilpp/UnityILPP.PostProcessing/PostProcessAssembly application/grpc - - 200 - application/grpc 8.6675ms
[40m[32minfo[39m[22m[49m: Microsoft.AspNetCore.Hosting.Diagnostics[1]
      Request starting HTTP/2 POST http://ilpp/UnityILPP.PostProcessing/PostProcessAssembly application/grpc -
[40m[32minfo[39m[22m[49m: Microsoft.AspNetCore.Routing.EndpointMiddleware[0]
      Executing endpoint 'gRPC - /UnityILPP.PostProcessing/PostProcessAssembly'
[40m[32minfo[39m[22m[49m: Unity.ILPP.Runner.PostProcessingPipeline[0]
      Processing assembly Library/Bee/artifacts/2400b0aE.dag/Unity.PerformanceTesting.dll, with 132 defines and 236 references
[40m[32minfo[39m[22m[49m: Unity.ILPP.Runner.PostProcessingPipeline[0]
      processors: Unity.Jobs.CodeGen.JobsILPostProcessor, zzzUnity.Burst.CodeGen.BurstILPostProcessor
[40m[32minfo[39m[22m[49m: Unity.ILPP.Runner.PostProcessingPipeline[0]
      running Unity.Jobs.CodeGen.JobsILPostProcessor
[40m[32minfo[39m[22m[49m: Unity.ILPP.Runner.PostProcessingPipeline[0]
      running zzzUnity.Burst.CodeGen.BurstILPostProcessor
[40m[32minfo[39m[22m[49m: Microsoft.AspNetCore.Routing.EndpointMiddleware[1]
      Executed endpoint 'gRPC - /UnityILPP.PostProcessing/PostProcessAssembly'
[40m[32minfo[39m[22m[49m: Microsoft.AspNetCore.Hosting.Diagnostics[2]
      Request finished HTTP/2 POST http://ilpp/UnityILPP.PostProcessing/PostProcessAssembly application/grpc - - 200 - application/grpc 17.2830ms
[40m[32minfo[39m[22m[49m: Unity.ILPP.Runner.PostProcessingPipeline[0]
      running Unity.Jobs.CodeGen.JobsILPostProcessor
[40m[32minfo[39m[22m[49m: Unity.ILPP.Runner.PostProcessingPipeline[0]
      running zzzUnity.Burst.CodeGen.BurstILPostProcessor
[40m[32minfo[39m[22m[49m: Microsoft.AspNetCore.Routing.EndpointMiddleware[1]
      Executed endpoint 'gRPC - /UnityILPP.PostProcessing/PostProcessAssembly'
[40m[32minfo[39m[22m[49m: Microsoft.AspNetCore.Hosting.Diagnostics[2]
      Request finished HTTP/2 POST http://ilpp/UnityILPP.PostProcessing/PostProcessAssembly application/grpc - - 200 - application/grpc 14.4995ms
[40m[32minfo[39m[22m[49m: Microsoft.AspNetCore.Hosting.Diagnostics[1]
      Request starting HTTP/2 POST http://ilpp/UnityILPP.PostProcessing/PostProcessAssembly application/grpc -
[40m[32minfo[39m[22m[49m: Microsoft.AspNetCore.Routing.EndpointMiddleware[0]
      Executing endpoint 'gRPC - /UnityILPP.PostProcessing/PostProcessAssembly'
[40m[32minfo[39m[22m[49m: Unity.ILPP.Runner.PostProcessingPipeline[0]
      Processing assembly Library/Bee/artifacts/2400b0aE.dag/Unity.Mathematics.dll, with 131 defines and 251 references
[40m[32minfo[39m[22m[49m: Unity.ILPP.Runner.PostProcessingPipeline[0]
      processors: Unity.Jobs.CodeGen.JobsILPostProcessor, zzzUnity.Burst.CodeGen.BurstILPostProcessor
[40m[32minfo[39m[22m[49m: Unity.ILPP.Runner.PostProcessingPipeline[0]
      running Unity.Jobs.CodeGen.JobsILPostProcessor
[40m[32minfo[39m[22m[49m: Unity.ILPP.Runner.PostProcessingPipeline[0]
      running zzzUnity.Burst.CodeGen.BurstILPostProcessor
[40m[32minfo[39m[22m[49m: Microsoft.AspNetCore.Routing.EndpointMiddleware[1]
      Executed endpoint 'gRPC - /UnityILPP.PostProcessing/PostProcessAssembly'
[40m[32minfo[39m[22m[49m: Microsoft.AspNetCore.Hosting.Diagnostics[2]
      Request finished HTTP/2 POST http://ilpp/UnityILPP.PostProcessing/PostProcessAssembly application/grpc - - 200 - application/grpc 2.3681ms
[40m[32minfo[39m[22m[49m: Microsoft.AspNetCore.Hosting.Diagnostics[1]
      Request starting HTTP/2 POST http://ilpp/UnityILPP.PostProcessing/PostProcessAssembly application/grpc -
[40m[32minfo[39m[22m[49m: Microsoft.AspNetCore.Routing.EndpointMiddleware[0]
      Executing endpoint 'gRPC - /UnityILPP.PostProcessing/PostProcessAssembly'
[40m[32minfo[39m[22m[49m: Unity.ILPP.Runner.PostProcessingPipeline[0]
      Processing assembly Library/Bee/artifacts/2400b0aE.dag/Unity.Collections.dll, with 133 defines and 253 references
[40m[32minfo[39m[22m[49m: Unity.ILPP.Runner.PostProcessingPipeline[0]
      processors: Unity.Jobs.CodeGen.JobsILPostProcessor, zzzUnity.Burst.CodeGen.BurstILPostProcessor
[40m[32minfo[39m[22m[49m: Unity.ILPP.Runner.PostProcessingPipeline[0]
      running Unity.Jobs.CodeGen.JobsILPostProcessor
[40m[32minfo[39m[22m[49m: Unity.ILPP.Runner.PostProcessingAssemblyLoadContext[0]
      Resolved Unity.Collections, Version=0.0.0.0, Culture=neutral, PublicKeyToken=null with Library/Bee/artifacts/2400b0aE.dag/Unity.Collections.dll
[40m[32minfo[39m[22m[49m: Microsoft.AspNetCore.Hosting.Diagnostics[1]
      Request starting HTTP/2 POST http://ilpp/UnityILPP.PostProcessing/PostProcessAssembly application/grpc -
[40m[32minfo[39m[22m[49m: Microsoft.AspNetCore.Routing.EndpointMiddleware[0]
      Executing endpoint 'gRPC - /UnityILPP.PostProcessing/PostProcessAssembly'
[40m[32minfo[39m[22m[49m: Unity.ILPP.Runner.PostProcessingPipeline[0]
      Processing assembly Library/Bee/artifacts/2400b0aE.dag/Unity.Burst.dll, with 131 defines and 238 references
[40m[32minfo[39m[22m[49m: Unity.ILPP.Runner.PostProcessingPipeline[0]
      processors: Unity.Jobs.CodeGen.JobsILPostProcessor, zzzUnity.Burst.CodeGen.BurstILPostProcessor
[40m[32minfo[39m[22m[49m: Unity.ILPP.Runner.PostProcessingPipeline[0]
      running Unity.Jobs.CodeGen.JobsILPostProcessor
[40m[32minfo[39m[22m[49m: Unity.ILPP.Runner.PostProcessingPipeline[0]
      running zzzUnity.Burst.CodeGen.BurstILPostProcessor
[40m[32minfo[39m[22m[49m: Unity.ILPP.Runner.PostProcessingAssemblyLoadContext[0]
      Resolved Unity.Burst.Cecil.Rocks, Version=0.11.6.0, Culture=neutral, PublicKeyToken=50cebf1cceb9d05e with Library/PackageCache/com.unity.burst@2f3d916873ea/Unity.Burst.CodeGen/Unity.Burst.Cecil.Rocks.dll
[40m[32minfo[39m[22m[49m: Unity.ILPP.Runner.PostProcessingAssemblyLoadContext[0]
      Resolved UnityEditor.CoreModule, Version=0.0.0.0, Culture=neutral, PublicKeyToken=null with /opt/unity/Editor/Data/Managed/UnityEngine/UnityEditor.CoreModule.dll
[40m[32minfo[39m[22m[49m: Unity.ILPP.Runner.PostProcessingAssemblyLoadContext[0]
      Resolved UnityEngine.CoreModule, Version=0.0.0.0, Culture=neutral, PublicKeyToken=null with /opt/unity/Editor/Data/Managed/UnityEngine/UnityEngine.CoreModule.dll
[40m[32minfo[39m[22m[49m: Unity.ILPP.Runner.PostProcessingAssemblyLoadContext[0]
      Resolved Mono.Cecil.Rocks, Version=0.11.5.0, Culture=neutral, PublicKeyToken=50cebf1cceb9d05e with Library/PackageCache/com.unity.nuget.mono-cecil@ecb9724e46ff/Mono.Cecil.Rocks.dll
[40m[32minfo[39m[22m[49m: Microsoft.AspNetCore.Hosting.Diagnostics[1]
      Request starting HTTP/2 POST http://ilpp/UnityILPP.PostProcessing/PostProcessAssembly application/grpc -
[40m[32minfo[39m[22m[49m: Microsoft.AspNetCore.Routing.EndpointMiddleware[0]
      Executing endpoint 'gRPC - /UnityILPP.PostProcessing/PostProcessAssembly'
[40m[32minfo[39m[22m[49m: Unity.ILPP.Runner.PostProcessingPipeline[0]
      Processing assembly Library/Bee/artifacts/2400b0aE.dag/Unity.InputSystem.ForUI.dll, with 131 defines and 252 references
[40m[32minfo[39m[22m[49m: Unity.ILPP.Runner.PostProcessingPipeline[0]
      processors: Unity.Jobs.CodeGen.JobsILPostProcessor, zzzUnity.Burst.CodeGen.BurstILPostProcessor
[40m[32minfo[39m[22m[49m: Unity.ILPP.Runner.PostProcessingPipeline[0]
      running Unity.Jobs.CodeGen.JobsILPostProcessor
[40m[32minfo[39m[22m[49m: Unity.ILPP.Runner.PostProcessingPipeline[0]
      running zzzUnity.Burst.CodeGen.BurstILPostProcessor
[40m[32minfo[39m[22m[49m: Microsoft.AspNetCore.Routing.EndpointMiddleware[1]
      Executed endpoint 'gRPC - /UnityILPP.PostProcessing/PostProcessAssembly'
[40m[32minfo[39m[22m[49m: Microsoft.AspNetCore.Hosting.Diagnostics[2]
      Request finished HTTP/2 POST http://ilpp/UnityILPP.PostProcessing/PostProcessAssembly application/grpc - - 200 - application/grpc 3.1308ms
[40m[32minfo[39m[22m[49m: Microsoft.AspNetCore.Routing.EndpointMiddleware[1]
      Executed endpoint 'gRPC - /UnityILPP.PostProcessing/PostProcessAssembly'
[40m[32minfo[39m[22m[49m: Microsoft.AspNetCore.Hosting.Diagnostics[2]
      Request finished HTTP/2 POST http://ilpp/UnityILPP.PostProcessing/PostProcessAssembly application/grpc - - 200 - application/grpc 713.7515ms
[40m[32minfo[39m[22m[49m: Unity.ILPP.Runner.PostProcessingPipeline[0]
      running zzzUnity.Burst.CodeGen.BurstILPostProcessor
[40m[32minfo[39m[22m[49m: Microsoft.AspNetCore.Hosting.Diagnostics[1]
      Request starting HTTP/2 POST http://ilpp/UnityILPP.PostProcessing/PostProcessAssembly application/grpc -
[40m[32minfo[39m[22m[49m: Microsoft.AspNetCore.Routing.EndpointMiddleware[0]
      Executing endpoint 'gRPC - /UnityILPP.PostProcessing/PostProcessAssembly'
[40m[32minfo[39m[22m[49m: Unity.ILPP.Runner.PostProcessingPipeline[0]
      Processing assembly Library/Bee/artifacts/2400b0aE.dag/PofudukFilo.Runtime.dll, with 132 defines and 255 references
[40m[32minfo[39m[22m[49m: Unity.ILPP.Runner.PostProcessingPipeline[0]
      processors: Unity.Jobs.CodeGen.JobsILPostProcessor, zzzUnity.Burst.CodeGen.BurstILPostProcessor
[40m[32minfo[39m[22m[49m: Unity.ILPP.Runner.PostProcessingPipeline[0]
      running Unity.Jobs.CodeGen.JobsILPostProcessor
[40m[32minfo[39m[22m[49m: Microsoft.AspNetCore.Routing.EndpointMiddleware[1]
      Executed endpoint 'gRPC - /UnityILPP.PostProcessing/PostProcessAssembly'
[40m[32minfo[39m[22m[49m: Microsoft.AspNetCore.Hosting.Diagnostics[2]
      Request finished HTTP/2 POST http://ilpp/UnityILPP.PostProcessing/PostProcessAssembly application/grpc - - 200 - application/grpc 1017.1244ms
[40m[32minfo[39m[22m[49m: Unity.ILPP.Runner.PostProcessingPipeline[0]
      running zzzUnity.Burst.CodeGen.BurstILPostProcessor
[40m[32minfo[39m[22m[49m: Microsoft.AspNetCore.Routing.EndpointMiddleware[1]
      Executed endpoint 'gRPC - /UnityILPP.PostProcessing/PostProcessAssembly'
[40m[32minfo[39m[22m[49m: Microsoft.AspNetCore.Hosting.Diagnostics[2]
      Request finished HTTP/2 POST http://ilpp/UnityILPP.PostProcessing/PostProcessAssembly application/grpc - - 200 - application/grpc 264.5467ms
[40m[32minfo[39m[22m[49m: Microsoft.AspNetCore.Hosting.Diagnostics[1]
      Request starting HTTP/2 POST http://ilpp/UnityILPP.PostProcessing/PostProcessAssembly application/grpc -
[40m[32minfo[39m[22m[49m: Microsoft.AspNetCore.Routing.EndpointMiddleware[0]
      Executing endpoint 'gRPC - /UnityILPP.PostProcessing/PostProcessAssembly'
[40m[32minfo[39m[22m[49m: Unity.ILPP.Runner.PostProcessingPipeline[0]
      Processing assembly Library/Bee/artifacts/2400b0aE.dag/Unity.Collections.Editor.dll, with 130 defines and 286 references
[40m[32minfo[39m[22m[49m: Unity.ILPP.Runner.PostProcessingPipeline[0]
      processors: Unity.Jobs.CodeGen.JobsILPostProcessor, zzzUnity.Burst.CodeGen.BurstILPostProcessor
[40m[32minfo[39m[22m[49m: Unity.ILPP.Runner.PostProcessingPipeline[0]
      running Unity.Jobs.CodeGen.JobsILPostProcessor
[40m[32minfo[39m[22m[49m: Unity.ILPP.Runner.PostProcessingPipeline[0]
      running zzzUnity.Burst.CodeGen.BurstILPostProcessor
[40m[32minfo[39m[22m[49m: Microsoft.AspNetCore.Routing.EndpointMiddleware[1]
      Executed endpoint 'gRPC - /UnityILPP.PostProcessing/PostProcessAssembly'
[40m[32minfo[39m[22m[49m: Microsoft.AspNetCore.Hosting.Diagnostics[2]
      Request finished HTTP/2 POST http://ilpp/UnityILPP.PostProcessing/PostProcessAssembly application/grpc - - 200 - application/grpc 8.8197ms
[40m[32minfo[39m[22m[49m: Microsoft.AspNetCore.Hosting.Diagnostics[1]
      Request starting HTTP/2 POST http://ilpp/UnityILPP.PostProcessing/PostProcessAssembly application/grpc -
[40m[32minfo[39m[22m[49m: Microsoft.AspNetCore.Routing.EndpointMiddleware[0]
      Executing endpoint 'gRPC - /UnityILPP.PostProcessing/PostProcessAssembly'
[40m[32minfo[39m[22m[49m: Unity.ILPP.Runner.PostProcessingPipeline[0]
      Processing assembly Library/Bee/artifacts/2400b0aE.dag/PofudukFilo.Tests.EditMode.dll, with 129 defines and 273 references
[40m[32minfo[39m[22m[49m: Unity.ILPP.Runner.PostProcessingPipeline[0]
      processors: Unity.Jobs.CodeGen.JobsILPostProcessor, zzzUnity.Burst.CodeGen.BurstILPostProcessor
[40m[32minfo[39m[22m[49m: Unity.ILPP.Runner.PostProcessingPipeline[0]
      running Unity.Jobs.CodeGen.JobsILPostProcessor
[40m[32minfo[39m[22m[49m: Unity.ILPP.Runner.PostProcessingPipeline[0]
      running zzzUnity.Burst.CodeGen.BurstILPostProcessor
[40m[32minfo[39m[22m[49m: Microsoft.AspNetCore.Routing.EndpointMiddleware[1]
      Executed endpoint 'gRPC - /UnityILPP.PostProcessing/PostProcessAssembly'
[40m[32minfo[39m[22m[49m: Microsoft.AspNetCore.Hosting.Diagnostics[2]
      Request finished HTTP/2 POST http://ilpp/UnityILPP.PostProcessing/PostProcessAssembly application/grpc - - 200 - application/grpc 0.9615ms
[40m[32minfo[39m[22m[49m: Microsoft.AspNetCore.Hosting.Diagnostics[1]
      Request starting HTTP/2 POST http://ilpp/UnityILPP.PostProcessing/PostProcessAssembly application/grpc -
[40m[32minfo[39m[22m[49m: Microsoft.AspNetCore.Routing.EndpointMiddleware[0]
      Executing endpoint 'gRPC - /UnityILPP.PostProcessing/PostProcessAssembly'
[40m[32minfo[39m[22m[49m: Unity.ILPP.Runner.PostProcessingPipeline[0]
      Processing assembly Library/Bee/artifacts/2400b0aE.dag/UnityEditor.UI.dll, with 132 defines and 284 references
[40m[32minfo[39m[22m[49m: Unity.ILPP.Runner.PostProcessingPipeline[0]
      processors: Unity.Jobs.CodeGen.JobsILPostProcessor, zzzUnity.Burst.CodeGen.BurstILPostProcessor
[40m[32minfo[39m[22m[49m: Unity.ILPP.Runner.PostProcessingPipeline[0]
      running Unity.Jobs.CodeGen.JobsILPostProcessor
[40m[32minfo[39m[22m[49m: Unity.ILPP.Runner.PostProcessingPipeline[0]
      running zzzUnity.Burst.CodeGen.BurstILPostProcessor
[40m[32minfo[39m[22m[49m: Microsoft.AspNetCore.Routing.EndpointMiddleware[1]
      Executed endpoint 'gRPC - /UnityILPP.PostProcessing/PostProcessAssembly'
[40m[32minfo[39m[22m[49m: Microsoft.AspNetCore.Hosting.Diagnostics[2]
      Request finished HTTP/2 POST http://ilpp/UnityILPP.PostProcessing/PostProcessAssembly application/grpc - - 200 - application/grpc 1.0027ms
[40m[32minfo[39m[22m[49m: Microsoft.AspNetCore.Hosting.Diagnostics[1]
      Request starting HTTP/2 POST http://ilpp/UnityILPP.PostProcessing/PostProcessAssembly application/grpc -
[40m[32minfo[39m[22m[49m: Microsoft.AspNetCore.Routing.EndpointMiddleware[0]
      Executing endpoint 'gRPC - /UnityILPP.PostProcessing/PostProcessAssembly'
[40m[32minfo[39m[22m[49m: Unity.ILPP.Runner.PostProcessingPipeline[0]
      Processing assembly Library/Bee/artifacts/2400b0aE.dag/Unity.Mathematics.Editor.dll, with 129 defines and 286 references
[40m[32minfo[39m[22m[49m: Unity.ILPP.Runner.PostProcessingPipeline[0]
      processors: Unity.Jobs.CodeGen.JobsILPostProcessor, zzzUnity.Burst.CodeGen.BurstILPostProcessor
[40m[32minfo[39m[22m[49m: Unity.ILPP.Runner.PostProcessingPipeline[0]
      running Unity.Jobs.CodeGen.JobsILPostProcessor
[40m[32minfo[39m[22m[49m: Unity.ILPP.Runner.PostProcessingPipeline[0]
      running zzzUnity.Burst.CodeGen.BurstILPostProcessor
[40m[32minfo[39m[22m[49m: Microsoft.AspNetCore.Routing.EndpointMiddleware[1]
      Executed endpoint 'gRPC - /UnityILPP.PostProcessing/PostProcessAssembly'
[40m[32minfo[39m[22m[49m: Microsoft.AspNetCore.Hosting.Diagnostics[2]
      Request finished HTTP/2 POST http://ilpp/UnityILPP.PostProcessing/PostProcessAssembly application/grpc - - 200 - application/grpc 0.7649ms
[40m[32minfo[39m[22m[49m: Microsoft.AspNetCore.Hosting.Diagnostics[1]
      Request starting HTTP/2 POST http://ilpp/UnityILPP.PostProcessing/PostProcessAssembly application/grpc -
[40m[32minfo[39m[22m[49m: Microsoft.AspNetCore.Routing.EndpointMiddleware[0]
      Executing endpoint 'gRPC - /UnityILPP.PostProcessing/PostProcessAssembly'
[40m[32minfo[39m[22m[49m: Unity.ILPP.Runner.PostProcessingPipeline[0]
      Processing assembly Library/Bee/artifacts/2400b0aE.dag/Unity.InputSystem.DocCodeSamples.dll, with 129 defines and 272 references
[40m[32minfo[39m[22m[49m: Unity.ILPP.Runner.PostProcessingPipeline[0]
      processors: Unity.Jobs.CodeGen.JobsILPostProcessor, zzzUnity.Burst.CodeGen.BurstILPostProcessor
[40m[32minfo[39m[22m[49m: Unity.ILPP.Runner.PostProcessingPipeline[0]
      running Unity.Jobs.CodeGen.JobsILPostProcessor
[40m[32minfo[39m[22m[49m: Unity.ILPP.Runner.PostProcessingPipeline[0]
      running zzzUnity.Burst.CodeGen.BurstILPostProcessor
[40m[32minfo[39m[22m[49m: Microsoft.AspNetCore.Routing.EndpointMiddleware[1]
      Executed endpoint 'gRPC - /UnityILPP.PostProcessing/PostProcessAssembly'
[40m[32minfo[39m[22m[49m: Microsoft.AspNetCore.Hosting.Diagnostics[2]
      Request finished HTTP/2 POST http://ilpp/UnityILPP.PostProcessing/PostProcessAssembly application/grpc - - 200 - application/grpc 1.6617ms
[40m[32minfo[39m[22m[49m: Microsoft.AspNetCore.Hosting.Diagnostics[1]
      Request starting HTTP/2 POST http://ilpp/UnityILPP.PostProcessing/PostProcessAssembly application/grpc -
[40m[32minfo[39m[22m[49m: Microsoft.AspNetCore.Routing.EndpointMiddleware[0]
      Executing endpoint 'gRPC - /UnityILPP.PostProcessing/PostProcessAssembly'
[40m[32minfo[39m[22m[49m: Unity.ILPP.Runner.PostProcessingPipeline[0]
      Processing assembly Library/Bee/artifacts/2400b0aE.dag/UnityEditor.UI.Analytics.dll, with 129 defines and 286 references
[40m[32minfo[39m[22m[49m: Unity.ILPP.Runner.PostProcessingPipeline[0]
      processors: Unity.Jobs.CodeGen.JobsILPostProcessor, zzzUnity.Burst.CodeGen.BurstILPostProcessor
[40m[32minfo[39m[22m[49m: Unity.ILPP.Runner.PostProcessingPipeline[0]
      running Unity.Jobs.CodeGen.JobsILPostProcessor
[40m[32minfo[39m[22m[49m: Unity.ILPP.Runner.PostProcessingPipeline[0]
      running zzzUnity.Burst.CodeGen.BurstILPostProcessor
[40m[32minfo[39m[22m[49m: Microsoft.AspNetCore.Routing.EndpointMiddleware[1]
      Executed endpoint 'gRPC - /UnityILPP.PostProcessing/PostProcessAssembly'
[40m[32minfo[39m[22m[49m: Microsoft.AspNetCore.Hosting.Diagnostics[2]
      Request finished HTTP/2 POST http://ilpp/UnityILPP.PostProcessing/PostProcessAssembly application/grpc - - 200 - application/grpc 0.7516ms
[40m[32minfo[39m[22m[49m: Microsoft.AspNetCore.Hosting.Diagnostics[1]
      Request starting HTTP/2 POST http://ilpp/UnityILPP.PostProcessing/PostProcessAssembly application/grpc -
[40m[32minfo[39m[22m[49m: Microsoft.AspNetCore.Routing.EndpointMiddleware[0]
      Executing endpoint 'gRPC - /UnityILPP.PostProcessing/PostProcessAssembly'
[40m[32minfo[39m[22m[49m: Unity.ILPP.Runner.PostProcessingPipeline[0]
      Processing assembly Library/Bee/artifacts/2400b0aE.dag/Unity.TextMeshPro.Editor.dll, with 129 defines and 286 references
[40m[32minfo[39m[22m[49m: Unity.ILPP.Runner.PostProcessingPipeline[0]
      processors: Unity.Jobs.CodeGen.JobsILPostProcessor, zzzUnity.Burst.CodeGen.BurstILPostProcessor
[40m[32minfo[39m[22m[49m: Unity.ILPP.Runner.PostProcessingPipeline[0]
      running Unity.Jobs.CodeGen.JobsILPostProcessor
[40m[32minfo[39m[22m[49m: Unity.ILPP.Runner.PostProcessingPipeline[0]
      running zzzUnity.Burst.CodeGen.BurstILPostProcessor
[40m[32minfo[39m[22m[49m: Microsoft.AspNetCore.Routing.EndpointMiddleware[1]
      Executed endpoint 'gRPC - /UnityILPP.PostProcessing/PostProcessAssembly'
[40m[32minfo[39m[22m[49m: Microsoft.AspNetCore.Hosting.Diagnostics[2]
      Request finished HTTP/2 POST http://ilpp/UnityILPP.PostProcessing/PostProcessAssembly application/grpc - - 200 - application/grpc 1.3407ms
[40m[32minfo[39m[22m[49m: Microsoft.AspNetCore.Hosting.Diagnostics[1]
      Request starting HTTP/2 POST http://ilpp/UnityILPP.PostProcessing/PostProcessAssembly application/grpc -
[40m[32minfo[39m[22m[49m: Microsoft.AspNetCore.Routing.EndpointMiddleware[0]
      Executing endpoint 'gRPC - /UnityILPP.PostProcessing/PostProcessAssembly'
[40m[32minfo[39m[22m[49m: Unity.ILPP.Runner.PostProcessingPipeline[0]
      Processing assembly Library/Bee/artifacts/2400b0aE.dag/Unity.Burst.Editor.dll, with 129 defines and 286 references
[40m[32minfo[39m[22m[49m: Unity.ILPP.Runner.PostProcessingPipeline[0]
      processors: Unity.Jobs.CodeGen.JobsILPostProcessor, zzzUnity.Burst.CodeGen.BurstILPostProcessor
[40m[32minfo[39m[22m[49m: Unity.ILPP.Runner.PostProcessingPipeline[0]
      running Unity.Jobs.CodeGen.JobsILPostProcessor
[40m[32minfo[39m[22m[49m: Unity.ILPP.Runner.PostProcessingPipeline[0]
      running zzzUnity.Burst.CodeGen.BurstILPostProcessor
[40m[32minfo[39m[22m[49m: Microsoft.AspNetCore.Hosting.Diagnostics[1]
      Request starting HTTP/2 POST http://ilpp/UnityILPP.PostProcessing/PostProcessAssembly application/grpc -
[40m[32minfo[39m[22m[49m: Microsoft.AspNetCore.Routing.EndpointMiddleware[0]
      Executing endpoint 'gRPC - /UnityILPP.PostProcessing/PostProcessAssembly'
[40m[32minfo[39m[22m[49m: Unity.ILPP.Runner.PostProcessingPipeline[0]
      Processing assembly Library/Bee/artifacts/2400b0aE.dag/Unity.PerformanceTesting.Editor.dll, with 130 defines and 272 references
[40m[32minfo[39m[22m[49m: Unity.ILPP.Runner.PostProcessingPipeline[0]
      processors: Unity.Jobs.CodeGen.JobsILPostProcessor, zzzUnity.Burst.CodeGen.BurstILPostProcessor
[40m[32minfo[39m[22m[49m: Unity.ILPP.Runner.PostProcessingPipeline[0]
      running Unity.Jobs.CodeGen.JobsILPostProcessor
[40m[32minfo[39m[22m[49m: Unity.ILPP.Runner.PostProcessingPipeline[0]
      running zzzUnity.Burst.CodeGen.BurstILPostProcessor
[40m[32minfo[39m[22m[49m: Microsoft.AspNetCore.Routing.EndpointMiddleware[1]
      Executed endpoint 'gRPC - /UnityILPP.PostProcessing/PostProcessAssembly'
[40m[32minfo[39m[22m[49m: Microsoft.AspNetCore.Hosting.Diagnostics[2]
      Request finished HTTP/2 POST http://ilpp/UnityILPP.PostProcessing/PostProcessAssembly application/grpc - - 200 - application/grpc 6.8834ms
[40m[32minfo[39m[22m[49m: Microsoft.AspNetCore.Routing.EndpointMiddleware[1]
      Executed endpoint 'gRPC - /UnityILPP.PostProcessing/PostProcessAssembly'
[40m[32minfo[39m[22m[49m: Microsoft.AspNetCore.Hosting.Diagnostics[2]
      Request finished HTTP/2 POST http://ilpp/UnityILPP.PostProcessing/PostProcessAssembly application/grpc - - 200 - application/grpc 25.8531ms
[40m[32minfo[39m[22m[49m: Microsoft.AspNetCore.Hosting.Diagnostics[1]
      Request starting HTTP/2 POST http://ilpp/UnityILPP.PostProcessing/PostProcessAssembly application/grpc -
[40m[32minfo[39m[22m[49m: Microsoft.AspNetCore.Routing.EndpointMiddleware[0]
      Executing endpoint 'gRPC - /UnityILPP.PostProcessing/PostProcessAssembly'
[40m[32minfo[39m[22m[49m: Unity.ILPP.Runner.PostProcessingPipeline[0]
      Processing assembly Library/Bee/artifacts/2400b0aE.dag/GoogleMobileAds.Editor.dll, with 129 defines and 285 references
[40m[32minfo[39m[22m[49m: Unity.ILPP.Runner.PostProcessingPipeline[0]
      processors: Unity.Jobs.CodeGen.JobsILPostProcessor, zzzUnity.Burst.CodeGen.BurstILPostProcessor
[40m[32minfo[39m[22m[49m: Unity.ILPP.Runner.PostProcessingPipeline[0]
      running Unity.Jobs.CodeGen.JobsILPostProcessor
[40m[32minfo[39m[22m[49m: Unity.ILPP.Runner.PostProcessingPipeline[0]
      running zzzUnity.Burst.CodeGen.BurstILPostProcessor
[40m[32minfo[39m[22m[49m: Microsoft.AspNetCore.Routing.EndpointMiddleware[1]
      Executed endpoint 'gRPC - /UnityILPP.PostProcessing/PostProcessAssembly'
[40m[32minfo[39m[22m[49m: Microsoft.AspNetCore.Hosting.Diagnostics[2]
      Request finished HTTP/2 POST http://ilpp/UnityILPP.PostProcessing/PostProcessAssembly application/grpc - - 200 - application/grpc 0.9034ms
[40m[32minfo[39m[22m[49m: Microsoft.AspNetCore.Hosting.Diagnostics[1]
      Request starting HTTP/2 POST http://ilpp/UnityILPP.PostProcessing/PostProcessAssembly application/grpc -
[40m[32minfo[39m[22m[49m: Microsoft.AspNetCore.Routing.EndpointMiddleware[0]
      Executing endpoint 'gRPC - /UnityILPP.PostProcessing/PostProcessAssembly'
[40m[32minfo[39m[22m[49m: Unity.ILPP.Runner.PostProcessingPipeline[0]
      Processing assembly Library/Bee/artifacts/2400b0aE.dag/PofudukFilo.Editor.dll, with 129 defines and 286 references
[40m[32minfo[39m[22m[49m: Unity.ILPP.Runner.PostProcessingPipeline[0]
      processors: Unity.Jobs.CodeGen.JobsILPostProcessor, zzzUnity.Burst.CodeGen.BurstILPostProcessor
[40m[32minfo[39m[22m[49m: Unity.ILPP.Runner.PostProcessingPipeline[0]
      running Unity.Jobs.CodeGen.JobsILPostProcessor
[40m[32minfo[39m[22m[49m: Unity.ILPP.Runner.PostProcessingPipeline[0]
      running zzzUnity.Burst.CodeGen.BurstILPostProcessor
[40m[32minfo[39m[22m[49m: Microsoft.AspNetCore.Routing.EndpointMiddleware[1]
      Executed endpoint 'gRPC - /UnityILPP.PostProcessing/PostProcessAssembly'
[40m[32minfo[39m[22m[49m: Microsoft.AspNetCore.Hosting.Diagnostics[2]
      Request finished HTTP/2 POST http://ilpp/UnityILPP.PostProcessing/PostProcessAssembly application/grpc - - 200 - application/grpc 1.0306ms
ExitCode: 0 Duration: 14s
Finished compiling graph: 394 nodes, 5283 flattened edges (4591 ToBuild, 52 ToUse), maximum node priority 357
[167/391    0s] WriteText Library/Bee/artifacts/2400b0aE.dag/UnityEngine.UI.rsp
[171/391    0s] WriteText Library/Bee/artifacts/2400b0aE.dag/Unity.Mathematics.rsp
[175/391    0s] WriteText Library/Bee/artifacts/2400b0aE.dag/UnityEditor.UI.rsp
[195/391    0s] WriteText Library/Bee/artifacts/2400b0aE.dag/Unity.Collections.rsp
[196/391    0s] WriteText Library/Bee/artifacts/2400b0aE.dag/Unity.InternalAPIEngineBridge.004.rsp
[207/391    0s] WriteText Library/Bee/artifacts/2400b0aE.dag/Unity.InputSystem.rsp
[217/391    0s] WriteText Library/Bee/artifacts/2400b0aE.dag/GoogleMobileAds.Editor.dll.mvfrm.rsp
[228/391    0s] WriteText Library/Bee/artifacts/2400b0aE.dag/GoogleMobileAds.Editor.rsp2
[239/391    0s] WriteText Library/Bee/artifacts/2400b0aE.dag/Unity.InputSystem.ForUI.rsp
[246/391    0s] WriteText Library/Bee/artifacts/2400b0aE.dag/PofudukFilo.Runtime.rsp
[247/391    0s] WriteText Library/Bee/artifacts/2400b0aE.dag/Unity.TextMeshPro.rsp
[249/391    0s] WriteText Library/Bee/artifacts/2400b0aE.dag/GoogleMobileAds.Editor.UnityAdditionalFile.txt
[251/391    0s] WriteText Library/Bee/artifacts/2400b0aE.dag/Unity.Burst.Editor.rsp
[253/391    0s] WriteText Library/Bee/artifacts/2400b0aE.dag/GoogleMobileAds.Editor.rsp
[254/391    0s] WriteText Library/Bee/artifacts/2400b0aE.dag/PofudukFilo.Tests.EditMode.rsp
[255/391    0s] WriteText Library/Bee/artifacts/2400b0aE.dag/Unity.TextMeshPro.Editor.rsp
[256/391    0s] WriteText Library/Bee/artifacts/2400b0aE.dag/Unity.Mathematics.Editor.rsp
[257/391    0s] WriteText Library/Bee/artifacts/2400b0aE.dag/Unity.Collections.Editor.rsp
[258/391    0s] WriteText Library/Bee/artifacts/2400b0aE.dag/UnityEditor.UI.Analytics.rsp
[259/391    0s] CopyFiles Library/ScriptAssemblies/UnityEngine.TestRunner.dll
[260/391    0s] WriteText Library/Bee/artifacts/2400b0aE.dag/PofudukFilo.Editor.rsp
[261/391    0s] CopyFiles Library/ScriptAssemblies/UnityEditor.TestRunner.pdb
[262/391    0s] CopyFiles Library/ScriptAssemblies/UnityEditor.TestRunner.dll
[263/391    0s] CopyFiles Library/ScriptAssemblies/UnityEngine.TestRunner.pdb
[264/391    1s] Csc Library/Bee/artifacts/2400b0aE.dag/UnityEngine.UI.dll (+2 others)
[           0s] Csc Library/Bee/artifacts/2400b0aE.dag/UnityEngine.UI.dll (+2 others) [CacheWrite 00000000000000000000000000000005]
[267/391    1s] Csc Library/Bee/artifacts/2400b0aE.dag/UnityEditor.UI.dll (+2 others)
[           0s] Csc Library/Bee/artifacts/2400b0aE.dag/UnityEditor.UI.dll (+2 others) [CacheWrite 00000000000000000000000000000005]
[282/391    0s] MovedFromExtractor-Combine Library/Bee/artifacts/2400b0aE.dag/GoogleMobileAds.Editor.dll.mvfrm
[284/391    0s] Csc Library/Bee/artifacts/2400b0aE.dag/GoogleMobileAds.Editor.dll (+2 others)
[           0s] Csc Library/Bee/artifacts/2400b0aE.dag/GoogleMobileAds.Editor.dll (+2 others) [CacheWrite 00000000000000000000000000000005]
[285/391    0s] Csc Library/Bee/artifacts/2400b0aE.dag/Unity.InternalAPIEngineBridge.004.dll (+2 others)
[           0s] Csc Library/Bee/artifacts/2400b0aE.dag/Unity.InternalAPIEngineBridge.004.dll (+2 others) [CacheWrite 00000000000000000000000000000005]
[BUSY       6s] Csc Library/Bee/artifacts/2400b0aE.dag/Unity.Burst.Editor.dll (+2 others)
[288/391    6s] Csc Library/Bee/artifacts/2400b0aE.dag/Unity.Burst.Editor.dll (+2 others)
[289/391    7s] Csc Library/Bee/artifacts/2400b0aE.dag/Unity.InputSystem.dll (+2 others)
[           0s] Csc Library/Bee/artifacts/2400b0aE.dag/Unity.Burst.Editor.dll (+2 others) [CacheWrite 00000000000000000000000000000005]
[           0s] Csc Library/Bee/artifacts/2400b0aE.dag/Unity.InputSystem.dll (+2 others) [CacheWrite 00000000000000000000000000000005]
[291/391    0s] CopyFiles Library/ScriptAssemblies/Unity.Burst.CodeGen.dll
[292/391    0s] CopyFiles Library/ScriptAssemblies/Unity.Burst.CodeGen.pdb
[299/391    0s] Csc Library/Bee/artifacts/2400b0aE.dag/Unity.InputSystem.ForUI.dll (+2 others)
[           0s] Csc Library/Bee/artifacts/2400b0aE.dag/Unity.InputSystem.ForUI.dll (+2 others) [CacheWrite 00000000000000000000000000000005]
[300/391    6s] Csc Library/Bee/artifacts/2400b0aE.dag/Unity.TextMeshPro.dll (+2 others)
[           0s] Csc Library/Bee/artifacts/2400b0aE.dag/Unity.TextMeshPro.dll (+2 others) [CacheWrite 00000000000000000000000000000005]
[304/391    0s] Csc Library/Bee/artifacts/2400b0aE.dag/UnityEditor.UI.Analytics.dll (+2 others)
[           0s] Csc Library/Bee/artifacts/2400b0aE.dag/UnityEditor.UI.Analytics.dll (+2 others) [CacheWrite 00000000000000000000000000000005]
[305/391    0s] Csc Library/Bee/artifacts/2400b0aE.dag/Unity.TextMeshPro.Editor.dll (+2 others)
[           0s] Csc Library/Bee/artifacts/2400b0aE.dag/Unity.TextMeshPro.Editor.dll (+2 others) [CacheWrite 00000000000000000000000000000005]
[306/391    7s] Csc Library/Bee/artifacts/2400b0aE.dag/Unity.Mathematics.dll (+2 others)
[           0s] Csc Library/Bee/artifacts/2400b0aE.dag/Unity.Mathematics.dll (+2 others) [CacheWrite 00000000000000000000000000000005]
[311/391    0s] Csc Library/Bee/artifacts/2400b0aE.dag/Unity.Mathematics.Editor.dll (+2 others)
[           0s] Csc Library/Bee/artifacts/2400b0aE.dag/Unity.Mathematics.Editor.dll (+2 others) [CacheWrite 00000000000000000000000000000005]
[312/391    1s] Csc Library/Bee/artifacts/2400b0aE.dag/Unity.Collections.dll (+2 others)
[           0s] Csc Library/Bee/artifacts/2400b0aE.dag/Unity.Collections.dll (+2 others) [CacheWrite 00000000000000000000000000000005]
[318/391    0s] CopyFiles Library/ScriptAssemblies/Unity.Collections.CodeGen.pdb
[319/391    0s] CopyFiles Library/ScriptAssemblies/Unity.Collections.CodeGen.dll
[320/391    0s] ILPP-Configuration Library/ilpp-configuration.nevergeneratedoutput
[321/391    0s] Csc Library/Bee/artifacts/2400b0aE.dag/Unity.Collections.Editor.dll (+2 others)
[           0s] Csc Library/Bee/artifacts/2400b0aE.dag/Unity.Collections.Editor.dll (+2 others) [CacheWrite 00000000000000000000000000000005]
[322/391    0s] ILPostProcess Library/Bee/artifacts/2400b0aE.dag/post-processed/Unity.InternalAPIEngineBridge.004.dll (+pdb)
Processing assembly Library/Bee/artifacts/2400b0aE.dag/Unity.InternalAPIEngineBridge.004.dll, with 131 defines and 251 references
processors: Unity.Jobs.CodeGen.JobsILPostProcessor, zzzUnity.Burst.CodeGen.BurstILPostProcessor
running Unity.Jobs.CodeGen.JobsILPostProcessor
running zzzUnity.Burst.CodeGen.BurstILPostProcessor
[323/391    0s] ILPostProcess Library/Bee/artifacts/2400b0aE.dag/post-processed/UnityEngine.UI.dll (+pdb)
Processing assembly Library/Bee/artifacts/2400b0aE.dag/UnityEngine.UI.dll, with 136 defines and 249 references
processors: Unity.Jobs.CodeGen.JobsILPostProcessor, zzzUnity.Burst.CodeGen.BurstILPostProcessor
running Unity.Jobs.CodeGen.JobsILPostProcessor
running zzzUnity.Burst.CodeGen.BurstILPostProcessor
[324/391    0s] ILPostProcess Library/Bee/artifacts/2400b0aE.dag/post-processed/Unity.TextMeshPro.dll (+pdb)
Processing assembly Library/Bee/artifacts/2400b0aE.dag/Unity.TextMeshPro.dll, with 132 defines and 252 references
processors: Unity.Jobs.CodeGen.JobsILPostProcessor, zzzUnity.Burst.CodeGen.BurstILPostProcessor
running Unity.Jobs.CodeGen.JobsILPostProcessor
running zzzUnity.Burst.CodeGen.BurstILPostProcessor
[325/391    0s] ILPostProcess Library/Bee/artifacts/2400b0aE.dag/post-processed/Unity.InputSystem.dll (+pdb)
Processing assembly Library/Bee/artifacts/2400b0aE.dag/Unity.InputSystem.dll, with 140 defines and 251 references
processors: Unity.Jobs.CodeGen.JobsILPostProcessor, zzzUnity.Burst.CodeGen.BurstILPostProcessor
running Unity.Jobs.CodeGen.JobsILPostProcessor
running zzzUnity.Burst.CodeGen.BurstILPostProcessor
[326/391    0s] ILPostProcess Library/Bee/artifacts/2400b0aE.dag/post-processed/Unity.InputSystem.TestFramework.dll (+pdb)
Processing assembly Library/Bee/artifacts/2400b0aE.dag/Unity.InputSystem.TestFramework.dll, with 132 defines and 238 references
processors: Unity.Jobs.CodeGen.JobsILPostProcessor, zzzUnity.Burst.CodeGen.BurstILPostProcessor
running Unity.Jobs.CodeGen.JobsILPostProcessor
running zzzUnity.Burst.CodeGen.BurstILPostProcessor
[327/391    0s] ILPostProcess Library/Bee/artifacts/2400b0aE.dag/post-processed/Unity.PerformanceTesting.dll (+pdb)
Processing assembly Library/Bee/artifacts/2400b0aE.dag/Unity.PerformanceTesting.dll, with 132 defines and 236 references
processors: Unity.Jobs.CodeGen.JobsILPostProcessor, zzzUnity.Burst.CodeGen.BurstILPostProcessor
running Unity.Jobs.CodeGen.JobsILPostProcessor
running zzzUnity.Burst.CodeGen.BurstILPostProcessor
[328/391    0s] ILPostProcess Library/Bee/artifacts/2400b0aE.dag/post-processed/Unity.Mathematics.dll (+pdb)
Processing assembly Library/Bee/artifacts/2400b0aE.dag/Unity.Mathematics.dll, with 131 defines and 251 references
processors: Unity.Jobs.CodeGen.JobsILPostProcessor, zzzUnity.Burst.CodeGen.BurstILPostProcessor
running Unity.Jobs.CodeGen.JobsILPostProcessor
running zzzUnity.Burst.CodeGen.BurstILPostProcessor
[329/391    1s] Csc Library/Bee/artifacts/2400b0aE.dag/PofudukFilo.Runtime.dll (+2 others)
Assets/_Project/Scripts/Core/AdMobAds.cs(38,13): warning CS0618: 'MobileAds.RaiseAdEventsOnUnityMainThread' is obsolete: 'Use MobileAdsEventExecutor.ExecuteInUpdate() instead.'
Assets/_Project/Scripts/Feel/Juice.cs(22,39): warning CS0414: The field 'Juice.hapticsEnabled' is assigned but its value is never used
[330/391    0s] ILPostProcess Library/Bee/artifacts/2400b0aE.dag/post-processed/Unity.InputSystem.ForUI.dll (+pdb)
Processing assembly Library/Bee/artifacts/2400b0aE.dag/Unity.InputSystem.ForUI.dll, with 131 defines and 252 references
processors: Unity.Jobs.CodeGen.JobsILPostProcessor, zzzUnity.Burst.CodeGen.BurstILPostProcessor
running Unity.Jobs.CodeGen.JobsILPostProcessor
running zzzUnity.Burst.CodeGen.BurstILPostProcessor
[331/391    0s] ILPostProcess Library/Bee/artifacts/2400b0aE.dag/post-processed/Unity.Burst.dll (+pdb)
Processing assembly Library/Bee/artifacts/2400b0aE.dag/Unity.Burst.dll, with 131 defines and 238 references
processors: Unity.Jobs.CodeGen.JobsILPostProcessor, zzzUnity.Burst.CodeGen.BurstILPostProcessor
running Unity.Jobs.CodeGen.JobsILPostProcessor
running zzzUnity.Burst.CodeGen.BurstILPostProcessor
[332/391    1s] ILPostProcess Library/Bee/artifacts/2400b0aE.dag/post-processed/Unity.Collections.dll (+pdb)
Processing assembly Library/Bee/artifacts/2400b0aE.dag/Unity.Collections.dll, with 133 defines and 253 references
processors: Unity.Jobs.CodeGen.JobsILPostProcessor, zzzUnity.Burst.CodeGen.BurstILPostProcessor
running Unity.Jobs.CodeGen.JobsILPostProcessor
running zzzUnity.Burst.CodeGen.BurstILPostProcessor
[333/391    0s] ILPostProcess Library/Bee/artifacts/2400b0aE.dag/post-processed/PofudukFilo.Runtime.dll (+pdb)
Processing assembly Library/Bee/artifacts/2400b0aE.dag/PofudukFilo.Runtime.dll, with 132 defines and 255 references
processors: Unity.Jobs.CodeGen.JobsILPostProcessor, zzzUnity.Burst.CodeGen.BurstILPostProcessor
running Unity.Jobs.CodeGen.JobsILPostProcessor
running zzzUnity.Burst.CodeGen.BurstILPostProcessor
[334/391    0s] Csc Library/Bee/artifacts/2400b0aE.dag/PofudukFilo.Tests.EditMode.dll (+2 others)
[335/391    0s] ILPostProcess Library/Bee/artifacts/2400b0aE.dag/post-processed/Unity.Collections.Editor.dll (+pdb)
Processing assembly Library/Bee/artifacts/2400b0aE.dag/Unity.Collections.Editor.dll, with 130 defines and 286 references
processors: Unity.Jobs.CodeGen.JobsILPostProcessor, zzzUnity.Burst.CodeGen.BurstILPostProcessor
running Unity.Jobs.CodeGen.JobsILPostProcessor
running zzzUnity.Burst.CodeGen.BurstILPostProcessor
[336/391    0s] ILPostProcess Library/Bee/artifacts/2400b0aE.dag/post-processed/PofudukFilo.Tests.EditMode.dll (+pdb)
Processing assembly Library/Bee/artifacts/2400b0aE.dag/PofudukFilo.Tests.EditMode.dll, with 129 defines and 273 references
processors: Unity.Jobs.CodeGen.JobsILPostProcessor, zzzUnity.Burst.CodeGen.BurstILPostProcessor
running Unity.Jobs.CodeGen.JobsILPostProcessor
running zzzUnity.Burst.CodeGen.BurstILPostProcessor
[337/391    0s] ILPostProcess Library/Bee/artifacts/2400b0aE.dag/post-processed/UnityEditor.UI.dll (+pdb)
Processing assembly Library/Bee/artifacts/2400b0aE.dag/UnityEditor.UI.dll, with 132 defines and 284 references
processors: Unity.Jobs.CodeGen.JobsILPostProcessor, zzzUnity.Burst.CodeGen.BurstILPostProcessor
running Unity.Jobs.CodeGen.JobsILPostProcessor
running zzzUnity.Burst.CodeGen.BurstILPostProcessor
[338/391    0s] ILPostProcess Library/Bee/artifacts/2400b0aE.dag/post-processed/Unity.Mathematics.Editor.dll (+pdb)
Processing assembly Library/Bee/artifacts/2400b0aE.dag/Unity.Mathematics.Editor.dll, with 129 defines and 286 references
processors: Unity.Jobs.CodeGen.JobsILPostProcessor, zzzUnity.Burst.CodeGen.BurstILPostProcessor
running Unity.Jobs.CodeGen.JobsILPostProcessor
running zzzUnity.Burst.CodeGen.BurstILPostProcessor
[339/391    0s] ILPostProcess Library/Bee/artifacts/2400b0aE.dag/post-processed/Unity.InputSystem.DocCodeSamples.dll (+pdb)
Processing assembly Library/Bee/artifacts/2400b0aE.dag/Unity.InputSystem.DocCodeSamples.dll, with 129 defines and 272 references
processors: Unity.Jobs.CodeGen.JobsILPostProcessor, zzzUnity.Burst.CodeGen.BurstILPostProcessor
running Unity.Jobs.CodeGen.JobsILPostProcessor
running zzzUnity.Burst.CodeGen.BurstILPostProcessor
[340/391    0s] ILPostProcess Library/Bee/artifacts/2400b0aE.dag/post-processed/UnityEditor.UI.Analytics.dll (+pdb)
Processing assembly Library/Bee/artifacts/2400b0aE.dag/UnityEditor.UI.Analytics.dll, with 129 defines and 286 references
processors: Unity.Jobs.CodeGen.JobsILPostProcessor, zzzUnity.Burst.CodeGen.BurstILPostProcessor
running Unity.Jobs.CodeGen.JobsILPostProcessor
running zzzUnity.Burst.CodeGen.BurstILPostProcessor
[341/391    0s] ILPostProcess Library/Bee/artifacts/2400b0aE.dag/post-processed/Unity.TextMeshPro.Editor.dll (+pdb)
Processing assembly Library/Bee/artifacts/2400b0aE.dag/Unity.TextMeshPro.Editor.dll, with 129 defines and 286 references
processors: Unity.Jobs.CodeGen.JobsILPostProcessor, zzzUnity.Burst.CodeGen.BurstILPostProcessor
running Unity.Jobs.CodeGen.JobsILPostProcessor
running zzzUnity.Burst.CodeGen.BurstILPostProcessor
[342/391    0s] ILPostProcess Library/Bee/artifacts/2400b0aE.dag/post-processed/Unity.PerformanceTesting.Editor.dll (+pdb)
Processing assembly Library/Bee/artifacts/2400b0aE.dag/Unity.PerformanceTesting.Editor.dll, with 130 defines and 272 references
processors: Unity.Jobs.CodeGen.JobsILPostProcessor, zzzUnity.Burst.CodeGen.BurstILPostProcessor
running Unity.Jobs.CodeGen.JobsILPostProcessor
running zzzUnity.Burst.CodeGen.BurstILPostProcessor
[343/391    0s] ILPostProcess Library/Bee/artifacts/2400b0aE.dag/post-processed/Unity.Burst.Editor.dll (+pdb)
Processing assembly Library/Bee/artifacts/2400b0aE.dag/Unity.Burst.Editor.dll, with 129 defines and 286 references
processors: Unity.Jobs.CodeGen.JobsILPostProcessor, zzzUnity.Burst.CodeGen.BurstILPostProcessor
running Unity.Jobs.CodeGen.JobsILPostProcessor
running zzzUnity.Burst.CodeGen.BurstILPostProcessor
[344/391    0s] CopyFiles Library/ScriptAssemblies/PofudukFilo.Runtime.dll
[345/391    0s] CopyFiles Library/ScriptAssemblies/Unity.InputSystem.TestFramework.dll
[346/391    0s] CopyFiles Library/ScriptAssemblies/Unity.InputSystem.ForUI.dll
[347/391    0s] CopyFiles Library/ScriptAssemblies/Unity.TextMeshPro.dll
[348/391    0s] Csc Library/Bee/artifacts/2400b0aE.dag/PofudukFilo.Editor.dll (+2 others)
Assets/_Project/Scripts/Editor/SetupUtil.cs(47,20): warning CS0618: 'EditorUtility.InstanceIDToObject(int)' is obsolete: 'InstanceIDToObject(int) is obsolete. Use EditorUtility.EntityIdToObject instead.'
[349/391    0s] ILPostProcess Library/Bee/artifacts/2400b0aE.dag/post-processed/GoogleMobileAds.Editor.dll (+pdb)
Processing assembly Library/Bee/artifacts/2400b0aE.dag/GoogleMobileAds.Editor.dll, with 129 defines and 285 references
processors: Unity.Jobs.CodeGen.JobsILPostProcessor, zzzUnity.Burst.CodeGen.BurstILPostProcessor
running Unity.Jobs.CodeGen.JobsILPostProcessor
running zzzUnity.Burst.CodeGen.BurstILPostProcessor
[350/391    0s] CopyFiles Library/ScriptAssemblies/Unity.PerformanceTesting.dll
[351/391    0s] CopyFiles Library/ScriptAssemblies/Unity.Mathematics.dll
[352/391    0s] CopyFiles Library/ScriptAssemblies/UnityEngine.UI.dll
[353/391    0s] CopyFiles Library/ScriptAssemblies/Unity.InternalAPIEngineBridge.004.dll
[354/391    0s] CopyFiles Library/ScriptAssemblies/Unity.Burst.dll
[355/391    0s] CopyFiles Library/ScriptAssemblies/Unity.Collections.dll
[356/391    0s] CopyFiles Library/ScriptAssemblies/PofudukFilo.Tests.EditMode.dll
[357/391    0s] CopyFiles Library/ScriptAssemblies/UnityEditor.UI.pdb
[358/391    0s] CopyFiles Library/ScriptAssemblies/Unity.InputSystem.dll
[359/391    0s] CopyFiles Library/ScriptAssemblies/UnityEditor.UI.Analytics.dll
[360/391    0s] CopyFiles Library/ScriptAssemblies/Unity.InternalAPIEngineBridge.004.pdb
[361/391    0s] CopyFiles Library/ScriptAssemblies/Unity.Mathematics.Editor.dll
[362/391    0s] CopyFiles Library/ScriptAssemblies/Unity.Burst.pdb
[363/391    0s] CopyFiles Library/ScriptAssemblies/UnityEditor.UI.dll
[364/391    0s] CopyFiles Library/ScriptAssemblies/Unity.Collections.Editor.dll
[365/391    0s] CopyFiles Library/ScriptAssemblies/Unity.InputSystem.TestFramework.pdb
[366/391    0s] CopyFiles Library/ScriptAssemblies/Unity.InputSystem.DocCodeSamples.pdb
[367/391    0s] CopyFiles Library/ScriptAssemblies/Unity.Burst.Editor.dll
[368/391    0s] CopyFiles Library/ScriptAssemblies/Unity.Burst.Editor.pdb
[369/391    0s] CopyFiles Library/ScriptAssemblies/Unity.InputSystem.ForUI.pdb
[370/391    0s] CopyFiles Library/ScriptAssemblies/Unity.PerformanceTesting.pdb
[371/391    0s] CopyFiles Library/ScriptAssemblies/Unity.Mathematics.pdb
[372/391    0s] CopyFiles Library/ScriptAssemblies/PofudukFilo.Tests.EditMode.pdb
[373/391    0s] CopyFiles Library/ScriptAssemblies/Unity.Collections.Editor.pdb
[374/391    0s] CopyFiles Library/ScriptAssemblies/Unity.Mathematics.Editor.pdb
[375/391    0s] CopyFiles Library/ScriptAssemblies/UnityEngine.UI.pdb
[376/391    0s] CopyFiles Library/ScriptAssemblies/Unity.PerformanceTesting.Editor.dll
[377/391    0s] CopyFiles Library/ScriptAssemblies/Unity.Collections.pdb
[378/391    0s] CopyFiles Library/ScriptAssemblies/Unity.InputSystem.pdb
[379/391    0s] CopyFiles Library/ScriptAssemblies/Unity.PerformanceTesting.Editor.pdb
[380/391    0s] CopyFiles Library/ScriptAssemblies/Unity.InputSystem.DocCodeSamples.dll
[381/391    0s] CopyFiles Library/ScriptAssemblies/Unity.TextMeshPro.Editor.pdb
[382/391    0s] CopyFiles Library/ScriptAssemblies/UnityEditor.UI.Analytics.pdb
[383/391    0s] CopyFiles Library/ScriptAssemblies/GoogleMobileAds.Editor.dll
[384/391    0s] CopyFiles Library/ScriptAssemblies/Unity.TextMeshPro.Editor.dll
[385/391    0s] CopyFiles Library/ScriptAssemblies/Unity.TextMeshPro.pdb
[386/391    0s] CopyFiles Library/ScriptAssemblies/GoogleMobileAds.Editor.pdb
[387/391    0s] CopyFiles Library/ScriptAssemblies/PofudukFilo.Runtime.pdb
[388/391    0s] ILPostProcess Library/Bee/artifacts/2400b0aE.dag/post-processed/PofudukFilo.Editor.dll (+pdb)
Processing assembly Library/Bee/artifacts/2400b0aE.dag/PofudukFilo.Editor.dll, with 129 defines and 286 references
processors: Unity.Jobs.CodeGen.JobsILPostProcessor, zzzUnity.Burst.CodeGen.BurstILPostProcessor
running Unity.Jobs.CodeGen.JobsILPostProcessor
running zzzUnity.Burst.CodeGen.BurstILPostProcessor
[389/391    0s] CopyFiles Library/ScriptAssemblies/PofudukFilo.Editor.pdb
[390/391    0s] CopyFiles Library/ScriptAssemblies/PofudukFilo.Editor.dll
*** Tundra build success (14.42 seconds), 113 items updated, 391 evaluated
Assets/_Project/Scripts/Core/AdMobAds.cs(38,13): warning CS0618: 'MobileAds.RaiseAdEventsOnUnityMainThread' is obsolete: 'Use MobileAdsEventExecutor.ExecuteInUpdate() instead.'
Total cache size 25915808
Assets/_Project/Scripts/Feel/Juice.cs(22,39): warning CS0414: The field 'Juice.hapticsEnabled' is assigned but its value is never used
Assets/_Project/Scripts/Editor/SetupUtil.cs(47,20): warning CS0618: 'EditorUtility.InstanceIDToObject(int)' is obsolete: 'InstanceIDToObject(int) is obsolete. Use EditorUtility.EntityIdToObject instead.'
l/Juice.cs(22,39): warning CS0414: The field 'Juice.hapticsEnabled' is assigned but its value is never used
AssetDatabase: script compilation time: 15.738658s
Total cache size after purge 25915808, took 00:00:00.0154566
Begin MonoManager ReloadAssembly
- Loaded All Assemblies, in  0.637 seconds
Refreshing native plugins compatible for Editor in 0.56 ms, found 0 plugins.
Native extension for LinuxStandalone target not found
Native extension for Android target not found
Refreshing native plugins compatible for Editor in 0.59 ms, found 0 plugins.
ScheduleIndexationOnStartup MainProcess:True IndexOnStartup:True
Mono: successfully reloaded assembly
- Finished resetting the current domain, in  2.572 seconds
Domain Reload Profiling: 3207ms
	BeginReloadAssembly (183ms)
		ExecutionOrderSort (0ms)
		DisableScriptedObjects (15ms)
		BackupInstance (0ms)
		ReleaseScriptingObjects (0ms)
		CreateAndSetChildDomain (47ms)
	RebuildCommonClasses (56ms)
	RebuildNativeTypeToScriptingClass (14ms)
	initialDomainReloadingComplete (43ms)
	LoadAllAssembliesAndSetupDomain (339ms)
		LoadAssemblies (310ms)
		RebuildTransferFunctionScriptingTraits (0ms)
		AnalyzeDomain (101ms)
			TypeCache.Refresh (77ms)
				TypeCache.ScanAssembly (68ms)
			BuildScriptInfoCaches (16ms)
			ResolveRequiredComponents (5ms)
	FinalizeReload (2573ms)
		ReleaseScriptCaches (0ms)
		RebuildScriptCaches (0ms)
		SetupLoadedEditorAssemblies (2413ms)
			LogAssemblyErrors (0ms)
			InitializePlatformSupportModulesInManaged (37ms)
			SetLoadedEditorAssemblies (3ms)
			BeforeProcessingInitializeOnLoad (148ms)
			ProcessInitializeOnLoadAttributes (2117ms)
			ProcessInitializeOnLoadMethodAttributes (99ms)
			AfterProcessingInitializeOnLoad (9ms)
			EditorAssembliesLoaded (0ms)
		ExecutionOrderSort2 (0ms)
		AwakeInstancesAfterBackupRestoration (18ms)
Start importing Assets/_Project/Generated/Art/Icons/icon_lucky_clover.png using Guid(00a11a38a22f10be5b2ae074d04d57b8) (TextureImporter) -> (artifact id: 'af77d11eef0f41a243fc17cee7ed6f98') in 0.012019255 seconds
Start importing Assets/_Project/Generated/Art/ui_navbar.png using Guid(0022a7b855e801ba384fbf89c87ef7e9) (TextureImporter) -> (artifact id: '53c8e07d4a7bbcde1a5b51ce876c62cd') in 0.002926865 seconds
Start importing Assets/_Project/Generated/Art/Icons/icon_moon_dust.png using Guid(20e69ff9c0a42cd61ada208deb9064d2) (TextureImporter) -> (artifact id: 'b1833f15bac43f032dd25de8eea1ca3a') in 0.003458384 seconds
Start importing Assets/_Project/Generated/Art/b_gum.png using Guid(30fb4e0e84ce551a48ad5ca8351c586e) (TextureImporter) -> (artifact id: '9f207a41421cc00faba548b692a95fd6') in 0.001812822 seconds
Start importing Assets/_Project/Generated/Art/Icons/icon_feather_storm.png using Guid(305c53ed858723af3afe7774a5a3b51a) (TextureImporter) -> (artifact id: '4a555aeab45567525788c279a643592d') in 0.003076908 seconds
Start importing Assets/_Project/Generated/Art/Icons/icon_bubble_rifle.png using Guid(50c320ec2c4054aac9b69ed30ea4a15b) (TextureImporter) -> (artifact id: 'ed507fcafd629a0f38b9bfd81e8d4a9a') in 0.003633926 seconds
Start importing Assets/_Project/Generated/Art/b_boss_special.png using Guid(703c79164cb4eb5ca81da96737c7f196) (TextureImporter) -> (artifact id: '69c4809b1a0a2c144d84e6382c1743c0') in 0.001761716 seconds
Start importing Assets/_Project/Generated/Art/kit_btn_green.png using Guid(907c45bfbd114eae19d43955189ba594) (TextureImporter) -> (artifact id: '063dad62d0cee556524de45e3594c619') in 0.004271522 seconds
Start importing Assets/_Project/Generated/Art/donut_ufo.png using Guid(e0df8c14ccd0e702cba01098ee885270) (TextureImporter) -> (artifact id: '30566311b16a167d079b83de0c445cd6') in 0.008182889 seconds
Start importing Assets/_Project/Generated/Art/fx_laser_warn.png using Guid(01f78dc175251dd2bbfd850f904928b5) (TextureImporter) -> (artifact id: 'e8ef9bd06e25b8d87bd79606331545ce') in 0.002774499 seconds
Start importing Assets/_Project/Generated/Art/icon_weapons.png using Guid(416c9225f2ebc6d3887cb0bcc2fc8f96) (TextureImporter) -> (artifact id: '06b020b682fac4a60ca01cd90195dcba') in 0.008157141 seconds
Start importing Assets/_Project/Generated/Art/menu_ribbon.png using Guid(611d84863eb5e60e5b6dd41445fae4c1) (TextureImporter) -> (artifact id: '3fd6da5d612481ca3d0c2cdb34977c3a') in 0.008350098 seconds
Start importing Assets/_Project/Generated/Art/Icons/icon_battery_collar.png using Guid(61fe4dc45be511a1585014a3e3a61a62) (TextureImporter) -> (artifact id: '38dd05fdca3e3037723194e214fcd7f7') in 0.00303094 seconds
Start importing Assets/_Project/Generated/Art/Icons/icon_yarn_ball.png using Guid(919ff67320cb12a22ad2f5e38b5c6eee) (TextureImporter) -> (artifact id: '2874dcadeb8a0f007ab260754a3e04ba') in 0.004966143 seconds
Start importing Assets/_Project/Generated/Art/icon_ad.png using Guid(a18980f06ae937d51af262bfce92d268) (TextureImporter) -> (artifact id: '98dca1d6a7e18548a7b44427eb1496e0') in 0.002887287 seconds
Start importing Assets/_Project/Generated/Art/b_puff.png using Guid(e1226cc686ad81b12840f526b4ddfe99) (TextureImporter) -> (artifact id: '87e929a1b50f2c33912018462e0e0440') in 0.001896886 seconds
Start importing Assets/_Project/Generated/Art/kit_dot_red.png using Guid(321b192f47cd1cb7bbd2970ec0ac0eeb) (TextureImporter) -> (artifact id: '32aa396e6016d1255ef4d75cd328e62e') in 0.00202024 seconds
Start importing Assets/_Project/Generated/Art/Icons/icon_spark_cat.png using Guid(62269d6e8bf9b497ab4471a1aa9e1a98) (TextureImporter) -> (artifact id: '7161b3ca0fae5915dda6118f79db185a') in 0.003004701 seconds
Start importing Assets/_Project/Generated/Art/Icons/icon_fish_missile.png using Guid(7219b6a7bdcbc93e39f8b934d79b5bc7) (TextureImporter) -> (artifact id: '4bff76d071986e708f32b77fa2d4f33a') in 0.003020775 seconds
Start importing Assets/_Project/Generated/Art/Icons/icon_rainbow_storm.png using Guid(72bc7eee7617ea2f4b74002892e8b003) (TextureImporter) -> (artifact id: 'd5038d65c3cb2ddef78b6efd82ae0326') in 0.003584281 seconds
Start importing Assets/_Project/Generated/Art/Icons/icon_turtle_shell.png using Guid(82d621bd30a747559a8d78d73e7263d2) (TextureImporter) -> (artifact id: '150d188cc8b3473c85ecdc59bdf7aa8a') in 0.007539093 seconds
Start importing Packages/com.google.ads.mobile/GoogleMobileAds/Editor/Resources/PlaceholderAds/AdImages/AdInspectorHome.png using Guid(d271d6a1aed6848559ecad6252e333b1) (TextureImporter) -> (artifact id: '28e148d6a845ae98a1e9a5e62b979db8') in 0.128024878 seconds
Start importing Assets/_Project/Generated/Art/icon_pause.png using Guid(e2e1ca888b1e25ee097ccd7c1b713d15) (TextureImporter) -> (artifact id: 'f87530e46b25c1401175e39b20797e59') in 0.04032467 seconds
Start importing Assets/_Project/Generated/Art/Icons/icon_star_bow.png using Guid(131bc87568585cc5587f102dd9d6696d) (TextureImporter) -> (artifact id: '12fbad10e49e41bdf72650b80b71b757') in 0.004386172 seconds
Start importing Assets/_Project/Generated/Art/Icons/icon_sharp_claws.png using Guid(43b79ddf10d99755685f07f5ef91f8f8) (TextureImporter) -> (artifact id: '3ae95d5cd2661eb57075ea0c7c57cf97') in 0.003161995 seconds
Start importing Assets/_Project/Generated/Art/icon_research.png using Guid(43fdd4f50ab146b82844719b9be9dbc2) (TextureImporter) -> (artifact id: '65d2ae309487aff09ce92f106026e276') in 0.00763753 seconds
Start importing Assets/_Project/Generated/Art/Icons/icon_bubble_orbit.png using Guid(5365b6391ec787e528fe7772c3dfca72) (TextureImporter) -> (artifact id: 'd28ec2db33bb137d36e7f263eafd6dd7') in 0.003224748 seconds
Start importing Assets/_Project/Generated/Art/kit_btn_yellow.png using Guid(7312da63d9a45536b9a5e588cb5edbf4) (TextureImporter) -> (artifact id: '389055470a6c7bb62b60a77d6bb84a10') in 0.003756216 seconds
Start importing Assets/_Project/Generated/Art/b_jelly_small.png using Guid(736e97b762b912664ae4c183ca1b4028) (TextureImporter) -> (artifact id: '389fa0b094dfd31fe7e39e6bddf04636') in 0.001803508 seconds
Start importing Assets/_Project/Generated/Art/Icons/icon_glacier_gun.png using Guid(73af4e27bafa443e8b1e9f479343ca49) (TextureImporter) -> (artifact id: '698b62419f3167a6297fb876cd275803') in 0.003050559 seconds
Start importing Assets/_Project/Generated/Art/icon_paw.png using Guid(83e4c8a05bd80f6aca23226b2f5e3ca4) (TextureImporter) -> (artifact id: '29becd16d6ffcbcac15b6d309b5d899a') in 0.003028837 seconds
Start importing Assets/_Project/Generated/Art/Icons/icon_ice_gun.png using Guid(a3e63d69669d83e40932a23d9709d42b) (TextureImporter) -> (artifact id: 'dbe7cccfd6cbfead3f8b293a39406ccc') in 0.003087334 seconds
Start importing Assets/_Project/Generated/Art/kit_pill.png using Guid(c3fcf7e7f68c3dfa6ad1b08420dd32f6) (TextureImporter) -> (artifact id: '4c4bdb51a057450da21dfd3da1135c41') in 0.003837548 seconds
Start importing Packages/com.google.ads.mobile/GoogleMobileAds/Editor/Resources/PlaceholderAds/AdImages/480x320.png using Guid(d30303c99ba3f4b9b9924da34e6d742d) (TextureImporter) -> (artifact id: '2ec3a96f4e2eca1c669d0d50593618e2') in 0.013102874 seconds
Start importing Assets/_Project/Generated/Art/ship_lamb.png using Guid(d36304cfbff1e4fc3a392bd93286f3bf) (TextureImporter) -> (artifact id: '08eb6da3fb71ad8d4b7ad763aacbb5cf') in 0.00828472 seconds
Start importing Assets/_Project/Generated/Art/bubble.png using Guid(d30852cda33a0049193c01a956c4984f) (TextureImporter) -> (artifact id: '56af29fce6a07a783d34bd42f40c5c7d') in 0.002300696 seconds
Start importing Assets/_Project/Generated/Art/Icons/icon_cosmic_yarn.png using Guid(04590efcd5bb70fa5af0a79379a3a6a9) (TextureImporter) -> (artifact id: '81c7bf12adee07669d65a234f0fb810c') in 0.003533836 seconds
Start importing Assets/_Project/Generated/Art/ui_shine.png using Guid(3491c140d0d6b95958bc4d82fa5f9e8b) (TextureImporter) -> (artifact id: 'b7144bed440188abb3a6c6398d9eb63b') in 0.004405571 seconds
Start importing Assets/_Project/Generated/Art/ship_mystery.png using Guid(348a8ecdbf00c976598c93d0024fb897) (TextureImporter) -> (artifact id: '03d8f1eb7dcff913c4fc4e89d2116ae2') in 0.008097973 seconds
Start importing Assets/_Project/Generated/Art/Icons/icon_carrot_shield.png using Guid(34cc97c56b232bcaa9618bd073a7b1fc) (TextureImporter) -> (artifact id: '9644cab535918c769be5704c940e6dff') in 0.00356296 seconds
Start importing Packages/com.google.ads.mobile/GoogleMobileAds/Editor/Resources/PlaceholderAds/AdImages/468x60.png using Guid(74358f5fb13a549aabac4a5a7ac76739) (TextureImporter) -> (artifact id: '399fea99ba8dfd0c9eb811416842c552') in 0.004272173 seconds
Start importing Assets/_Project/Generated/Art/b_gold_egg.png using Guid(743ee450b531ba8ffa1c51f3b587456d) (TextureImporter) -> (artifact id: '6e7f05ed08c6aa5e8cf7bd92b00110fb') in 0.001979779 seconds
Start importing Assets/_Project/Generated/Art/Icons/icon_galaxy_vortex.png using Guid(94e1fe7b79bcbc2f68aaa3fd9bda3d1f) (TextureImporter) -> (artifact id: 'c26ba00b81decb23d5ca7f063fe5de53') in 0.00367767 seconds
Start importing Assets/_Project/Generated/Art/ship_penguin.png using Guid(e463b135729e3b8e6a7b61f0ff993c56) (TextureImporter) -> (artifact id: '248b36aea1b86852f2b51ed260ebf0f9') in 0.008519959 seconds
Start importing Assets/_Project/Generated/Art/icon_home.png using Guid(e4ed0d61078f3980aa19bca902d2264b) (TextureImporter) -> (artifact id: 'ee557235b7c9485c7e32e05b93d310ec') in 0.003780473 seconds
Start importing Assets/_Project/Generated/Art/pilot_bunny.png using Guid(f482d4fcc7ba8249999579ec5b72bb53) (TextureImporter) -> (artifact id: 'cb158a5d4c81eb51b97a8f7fbdc14799') in 0.008359141 seconds
Start importing Assets/_Project/Generated/Art/Icons/icon_yarn_launcher.png using Guid(2544d49e0d1e9d1fc97f9cc6ed3349ac) (TextureImporter) -> (artifact id: 'd131056edc3c6785f67b35b8ad852182') in 0.003667495 seconds
Start importing Assets/_Project/Generated/Art/b_yarn.png using Guid(3573b5f544af527bb9101bd16be0d339) (TextureImporter) -> (artifact id: '7f333ae713d7bd394317949302f5b90c') in 0.003968232 seconds
Start importing Assets/_Project/Generated/Art/Icons/icon_candy_shield_galaxy.png using Guid(65c72d0dc5f611b2888b165c9539f120) (TextureImporter) -> (artifact id: '84b8ff5f2a0402d7ab984fe61b07a519') in 0.003814253 seconds
Start importing Assets/_Project/Generated/Art/icon_gear.png using Guid(750e48a9325245104ae8f7ec1c11b0b6) (TextureImporter) -> (artifact id: '7648df19d7f713eb57b183fb0b19bd79') in 0.003969414 seconds
Start importing Assets/_Project/Generated/Art/yarn.png using Guid(c5d78e2b0a1020aa6b8a62c6560941bc) (TextureImporter) -> (artifact id: '48553eb4542d88bad54fdb8706ca30a4') in 0.003378205 seconds
Start importing Assets/_Project/Generated/Art/candy_bee.png using Guid(c5993a82a1f8c9845bdfc8fdb95e07a1) (TextureImporter) -> (artifact id: 'df4333d9d3ac2fd0e0c87051e24554d5') in 0.008960484 seconds
Start importing Assets/_Project/Generated/Art/kit_bar_ink.png using Guid(060ee8fe26700a3d7ad29edfc11e7382) (TextureImporter) -> (artifact id: 'b3bbb4b47972c452029bcaa474ca041b') in 0.001620726 seconds
Start importing Assets/_Project/Generated/Art/bg_stars_near.png using Guid(26301cc13beb3afdb8c170cc873e889f) (TextureImporter) -> (artifact id: '5f82119a1f54fd18abd3c86a6e016ff6') in 0.037304535 seconds
Start importing Assets/_Project/Generated/Art/shark.png using Guid(2629250b8c775d3d28c8ff3b62911f08) (TextureImporter) -> (artifact id: 'db4c5da2a0c8855aef561f24ee5edf08') in 0.004392191 seconds
Start importing Assets/_Project/Generated/Art/fx_laser_beam.png using Guid(363fae30447a03e33bc339fb9e6cc817) (TextureImporter) -> (artifact id: 'da6e8495f387da150399942bf8f29da4') in 0.00267435 seconds
Start importing Assets/_Project/Generated/Art/kit_dot_gold.png using Guid(563ce14bd2675e5cbbc46e85618265e3) (TextureImporter) -> (artifact id: '401d6ece50b4ead0d9794b461e9d42ae') in 0.001980861 seconds
Start importing Assets/_Project/Generated/Art/kit_spot.png using Guid(66e91692a80387961956944956b81eb4) (TextureImporter) -> (artifact id: '5a69af53d35b7123c1c715b2d6d205b8') in 0.007140622 seconds
Start importing Assets/_Project/Generated/Art/Icons/icon_star_boomerang.png using Guid(96533be783de9750884e5df7d5a527ef) (TextureImporter) -> (artifact id: 'a79101569c5939f402c647271c4eb394') in 0.003466627 seconds
Start importing Assets/_Project/Generated/Art/b_jelly.png using Guid(961f6f401cd16c5bba2d0c2ff968785f) (TextureImporter) -> (artifact id: '123f45ded9cdbc3c71d7ed5ebee47aaa') in 0.003782405 seconds
Start importing Assets/_Project/Generated/Art/Icons/icon_stretchy_gum.png using Guid(a678610ddb671772e9caf5836b80ae5d) (TextureImporter) -> (artifact id: '498f51e48463d5e04a3cd8e2daf5ccb2') in 0.004165144 seconds
Start importing Assets/_Project/Generated/Art/ship_chick.png using Guid(d6bf7424dac24f59aa8041887f0219d6) (TextureImporter) -> (artifact id: 'd3c5db9cc5562754ded406bc31df7aee') in 0.009354979 seconds
Start importing Assets/_Project/Generated/Art/Icons/icon_glass_cannon.png using Guid(e63172814565162cbbbe4acc3eb5058b) (TextureImporter) -> (artifact id: '454542ad1dbc88eba964094f82e50687') in 0.003887682 seconds
Start importing Assets/_Project/Generated/Art/Icons/icon_egg_mortar.png using Guid(279498e150607e53f977c5123aaac20f) (TextureImporter) -> (artifact id: '03d152fc3aa123854d9282c47120ca09') in 0.004511058 seconds
Start importing Assets/_Project/Generated/Art/b_ice.png using Guid(3792212aa6b21bc318c1d8cbd8ac4472) (TextureImporter) -> (artifact id: '9baa2099ed6315592ab8d66b3e968390') in 0.003801624 seconds
Start importing Assets/_Project/Generated/Art/b_stinger.png using Guid(370f158b53612f5958800b8e05bf1ead) (TextureImporter) -> (artifact id: 'a3356168ce38b69ea4a9927abf07fee9') in 0.006642462 seconds
Start importing Assets/_Project/Generated/Art/kit_btn_pink.png using Guid(47b42377746db6fcea8926c712c51c96) (TextureImporter) -> (artifact id: 'df5947bba4cd24810886963e4e0222a1') in 0.007843455 seconds
Start importing Packages/com.google.ads.mobile/GoogleMobileAds/Editor/Resources/PlaceholderAds/AdImages/320x480.png using Guid(77d9c04b43d404f44ab60d7159b279bb) (TextureImporter) -> (artifact id: '4f8aec9f01995afb79ae54dbec414270') in 0.016422692 seconds
Start importing Assets/_Project/Generated/Art/menu_rays.png using Guid(b790ee138bffec669b3e3b3e96e609fd) (TextureImporter) -> (artifact id: 'f8fb87c3ba12561d2bcbc2560c870f72') in 0.02244241 seconds
Start importing Assets/_Project/Generated/Art/chest_closed.png using Guid(e73fbfb2e0910a4298e33bfd0b38d9dc) (TextureImporter) -> (artifact id: '441541c8386998d2630c109ff608f8c6') in 0.002570186 seconds
Start importing Assets/_Project/Generated/Art/bg_stars_far.png using Guid(08bd1d52e8038989daed865d49b37d7d) (TextureImporter) -> (artifact id: '783094edeca2e10a7bb72329a43248f0') in 0.035514398 seconds
Start importing Assets/_Project/Generated/Art/Icons/icon_crystal_glasses.png using Guid(18d76ed3f27031016ab943ebbbedf8a6) (TextureImporter) -> (artifact id: 'eb61af54528b6c48d12306217605463f') in 0.003085361 seconds
Start importing Assets/_Project/Generated/Art/Icons/icon_shark_swarm.png using Guid(68459315bf314815987efea70917dade) (TextureImporter) -> (artifact id: '01c29a4af91340c7d392bbebd04d0398') in 0.002918683 seconds
Start importing Assets/_Project/Generated/Art/b_scoop.png using Guid(784ba40278975fddc9ca2a0471101e8e) (TextureImporter) -> (artifact id: 'a1fb672a8a9bc4b96fe9756931146d54') in 0.001498465 seconds
Start importing Assets/_Project/Generated/Art/kit_panel.png using Guid(c8cc5214791402c98ad9b0413aa40213) (TextureImporter) -> (artifact id: '76d2ae8074ee1d4046c9bb59b87ce204') in 0.003362242 seconds
Start importing Assets/_Project/Generated/Art/kit_backdrop.png using Guid(c80d04c4a3f39412e8376ceb919d89d5) (TextureImporter) -> (artifact id: '947019ee7e8762f9123268bceb205d72') in 0.01830713 seconds
Start importing Assets/_Project/Generated/Art/icon_trophy.png using Guid(f829ed93468ac96f4a5371bacf9a51fd) (TextureImporter) -> (artifact id: '370ec9af5e3ed2db0000f49cbe51c6c6') in 0.002455205 seconds
Start importing Assets/_Project/Generated/Art/b_enemy.png using Guid(093402c7ac62060daa4e02eae3bc71bb) (TextureImporter) -> (artifact id: 'd26e81e49a9cace7f2ae30e6719795fd') in 0.001851158 seconds
Start importing Assets/_Project/Generated/Art/app_icon.png using Guid(19eb47916beededbdad251fc51a555e0) (TextureImporter) -> (artifact id: 'b7af40aa02eeaf821d36082253dc34db') in 0.018296444 seconds
Start importing Assets/_Project/Generated/Art/b_spark.png using Guid(495356298fb6fa7a0a822e90eeb16cd0) (TextureImporter) -> (artifact id: '797ff28f17d560af3d6341e284be303f') in 0.001831219 seconds
Start importing Assets/_Project/Generated/Art/Icons/icon_feather_blaster.png using Guid(69a07c2281b32556daa0b37757a0cd06) (TextureImporter) -> (artifact id: 'e57157e0a33dfa0184d305c77ece4789') in 0.002957501 seconds
Start importing Assets/_Project/Generated/Art/Icons/icon_sugar_heart.png using Guid(69324793cc887d787a82992e1afb943c) (TextureImporter) -> (artifact id: '281ed674b127bbb922bac60dfcf53761') in 0.00305133 seconds
Start importing Assets/_Project/Generated/Art/b_meteor.png using Guid(6979452761c487f1a8151f70c5d027ad) (TextureImporter) -> (artifact id: 'b95d2c812787d4331385c2e9fc46ee44') in 0.001790929 seconds
Start importing Packages/com.google.ads.mobile/GoogleMobileAds/Editor/Resources/PlaceholderAds/AdImages/300x250.png using Guid(898f886a39d714db5b90d2c36676c894) (TextureImporter) -> (artifact id: '8697a08f3ef9e02edc5e5f6e28f7cde7') in 0.00728099 seconds
Start importing Assets/_Project/Generated/Art/p_coin_big.png using Guid(995cdd8b96b4ece64b7076d81e67f72f) (TextureImporter) -> (artifact id: 'b8dd372e83b5ada21b46bdb01c3bf112') in 0.002212235 seconds
Start importing Assets/_Project/Generated/Art/kit_power.png using Guid(a90880bb5daf5c5779f3c05e38d57803) (TextureImporter) -> (artifact id: 'b35bbf71c38a9054fdae5a5258126955') in 0.002069943 seconds
Start importing Assets/_Project/Generated/Art/kit_btn_lavender.png using Guid(0a1e07514abbb4aec8419df0fd3d1163) (TextureImporter) -> (artifact id: '9b83205d49e71a5b14182a091656f30f') in 0.005084119 seconds
Start importing Packages/com.google.ads.mobile/GoogleMobileAds/Editor/Resources/PlaceholderAds/AdImages/320x100.png using Guid(1a2723ddf964e4565a408007ab387283) (TextureImporter) -> (artifact id: '01a1ca497b2890fb49518de516f1ed7d') in 0.005256505 seconds
Start importing Assets/_Project/Generated/Art/Icons/icon_hot_pan.png using Guid(3a0d79031a3f39690b4296acfcf45a8a) (TextureImporter) -> (artifact id: '05de9870c26b70ba1b7258dcc0ec7a51') in 0.003155966 seconds
Start importing Assets/_Project/Generated/Art/p_gem_pink.png using Guid(4ad809fc4b366c945b5618bf4efb4667) (TextureImporter) -> (artifact id: '3da8d06022323022df3661f2e4c7416d') in 0.001714406 seconds
Start importing Packages/com.google.ads.mobile/GoogleMobileAds/Editor/Resources/PlaceholderAds/AdImages/320x50.png using Guid(5a6531d4c9c484d679a2d6f9e6fefed5) (TextureImporter) -> (artifact id: 'b98867a14add8a2a6abfe91ba3c7b671') in 0.003075927 seconds
Start importing Packages/com.google.ads.mobile/GoogleMobileAds/Editor/Resources/PlaceholderAds/AdImages/768x1024.png using Guid(8a53f9c63a5e94b14a98698a7b07365b) (TextureImporter) -> (artifact id: '60a8279dbb5886173e89efcbb76b6dcd') in 0.053366874 seconds
Start importing Assets/_Project/Generated/Art/kit_btn_violet.png using Guid(8af7d748a7a1ed30aac2a83d50fac369) (TextureImporter) -> (artifact id: 'ca83a3e17bebb5140c1a5e7bc49b1b91') in 0.00367128 seconds
Start importing Assets/_Project/Generated/Art/Icons/icon_mega_chick_cannon.png using Guid(8a4db90797554e849be2bfa37ed1ea1a) (TextureImporter) -> (artifact id: '822f5c2bbbc0e97bf5280565ceca4888') in 0.002962559 seconds
Start importing Assets/_Project/Generated/Art/b_enemy_big.png using Guid(9a51226195507f63a84d103873242b1e) (TextureImporter) -> (artifact id: 'eac3b5fd92cdf19f83309a3a13beaa13') in 0.0018326 seconds
Start importing Assets/_Project/Generated/Art/kit_bar_gold.png using Guid(aa13a5129dc27642bb78d3696b73ad4e) (TextureImporter) -> (artifact id: '90b5c3a16dc9950eec9f7b4f9b3b0d42') in 0.001496612 seconds
Start importing Assets/_Project/Generated/Art/kit_tabbar.png using Guid(ba68dfa7d347471ddb653bfeea7bcccd) (TextureImporter) -> (artifact id: '7b5e24b4af18731959f928f1c3f96cad') in 0.00247883 seconds
Start importing Assets/_Project/Generated/Art/studio_emblem.png using Guid(ca5039882968af3c795d70137eccd3fb) (TextureImporter) -> (artifact id: 'cf3db9063f84b845a01ef531bc33d83a') in 0.018553867 seconds
Start importing Assets/_Project/Generated/Art/Icons/icon_gum_rings.png using Guid(da128a4ba8ce4d123a6f359a00314b2c) (TextureImporter) -> (artifact id: '3ddbb64a3c45e1ebeb604df540569a15') in 0.003083508 seconds
Start importing Assets/_Project/Generated/Art/Icons/icon_wise_owl.png using Guid(ea1792b0f6074eaceb72d6520b010114) (TextureImporter) -> (artifact id: 'a661689d591cd1d1be488687c9854cdf') in 0.002937221 seconds
Start importing Assets/_Project/Generated/Art/ui_bar_fill.png using Guid(faddf6903be2709b7a6d808e3714c8b1) (TextureImporter) -> (artifact id: '9781c0adaeb1773c56ca92d282ba79a0') in 0.001746323 seconds
Start importing Assets/_Project/Generated/Art/kit_btn_purple.png using Guid(5b93e92ad0e41287ea5fa80e97ad6d1b) (TextureImporter) -> (artifact id: '6e2efa91980695d3f06df7e0d7946615') in 0.003548748 seconds
Start importing Assets/_Project/Generated/Art/pilot_mystery.png using Guid(8b69827ff57d7759193c17022b2d6de3) (TextureImporter) -> (artifact id: '20e8143d15154ef18707e2c01e756b37') in 0.007191497 seconds
Start importing Assets/_Project/Generated/Art/icon_gift.png using Guid(9b0336d98f4485a73b5c2eb67c48e1ab) (TextureImporter) -> (artifact id: 'dd5931d11e12c9816999c781c4672860') in 0.006913023 seconds
Start importing Assets/_Project/Generated/Art/ui_capsule.png using Guid(cbe0130e32528400498577f8b849a1b0) (TextureImporter) -> (artifact id: '44b4efffdcbbc76ea40e673bede0ab54') in 0.002304381 seconds
Start importing Assets/_Project/Generated/Art/kit_btn_blue.png using Guid(cbd9a0e397100aa15b2c022cde1e3623) (TextureImporter) -> (artifact id: '64269178dcde8613a0018fc757742fdb') in 0.0034893 seconds
Start importing Packages/com.google.ads.mobile/GoogleMobileAds/Editor/Resources/Ump/ConsentForm.png using Guid(cb0d255b8cd434556a80e3ae50b24b9c) (TextureImporter) -> (artifact id: '1174e9647a432ee22c9b24f20d373165') in 0.086565653 seconds
Start importing Assets/_Project/Generated/Art/Icons/icon_cosmic_breakfast.png using Guid(0ce2c5f4423566b74ad264d0a10ad4b3) (TextureImporter) -> (artifact id: 'a256696f48e899417d74c94d9dfd4060') in 0.003456052 seconds
Start importing Assets/_Project/Generated/Art/Icons/icon_storm_cat.png using Guid(3ce16bbe53f8c1bfc8d0e12256d09060) (TextureImporter) -> (artifact id: '3da79f2ea3ce455c96b7960a33e59830') in 0.003096367 seconds
Start importing Assets/_Project/Generated/Art/Icons/icon_spark_pistol.png using Guid(3cd9dd0267c1ef313956c3a6142fb756) (TextureImporter) -> (artifact id: 'fc12a08db0b3889e4251a1607bee09a3') in 0.003412076 seconds
Start importing Packages/com.google.ads.mobile/GoogleMobileAds/Editor/Resources/PlaceholderAds/AdImages/1024x768.png using Guid(4c69db43dbd474a2987be5807129b4cc) (TextureImporter) -> (artifact id: '3aeb1c625936c6c56656f0f823fd58bb') in 0.055464909 seconds
Start importing Assets/_Project/Generated/Art/Icons/icon_comet_bow.png using Guid(8cb54714ac172a72686a240def16b8d8) (TextureImporter) -> (artifact id: '7eee145e6d6ae392da43875d07c6a3d1') in 0.00336798 seconds
Start importing Assets/_Project/Generated/Art/b_crumb.png using Guid(acc56b6e1ed8687c9b55daae8ea57a2f) (TextureImporter) -> (artifact id: '9b5166374b6f6cd7a5df190a345fc218') in 0.017212395 seconds
Start importing Assets/_Project/Generated/Art/kit_btn_orange.png using Guid(bc004253f2543903caa484560127c40b) (TextureImporter) -> (artifact id: '4e10564ac1adec0b31b6640edf1bc876') in 0.003642628 seconds
Start importing Assets/_Project/Generated/Art/Icons/icon_double_barrel.png using Guid(cc624bd7a952371a8b2b574e4bc28ee8) (TextureImporter) -> (artifact id: 'e14159fdbc4996e46cfa65960a04d3a0') in 0.003112081 seconds
Start importing Assets/_Project/Generated/Art/icon_stardust.png using Guid(dccd5dd1272f35c859dd6eea81be8328) (TextureImporter) -> (artifact id: '6cabc0b736d7c83107949a150bcb4985') in 0.003031861 seconds
Start importing Assets/_Project/Generated/Art/menu_pedestal.png using Guid(dc7ff58227c59a4e3b086bc98e2ca5d0) (TextureImporter) -> (artifact id: '779270c518caec64fe4cb9ea618ed2e0') in 0.008552438 seconds
Start importing Assets/_Project/Generated/Art/p_gold_bar.png using Guid(0d3c372998887db92a52b8c6ca258cdc) (TextureImporter) -> (artifact id: 'c3369e090b48c925df392985db06afe0') in 0.001904688 seconds
Start importing Assets/_Project/Generated/Art/Icons/icon_tiger_eye.png using Guid(0d7c4d26a07f32a6481d4c49aead4810) (TextureImporter) -> (artifact id: '655fae410c1a7d381f5b1e324b064ba0') in 0.003254372 seconds
Start importing Assets/_Project/Generated/Art/chest_open.png using Guid(6d0a85fa6a9cb14f69d301b3433425b2) (TextureImporter) -> (artifact id: '88c1f722854d21ea1c5ec1300c5962cb') in 0.00373084 seconds
Start importing Assets/_Project/Generated/Art/ui_vignette.png using Guid(8db1f0fd91cccfa9ba743d3a3d0d18a2) (TextureImporter) -> (artifact id: '41f953221fc6e21dac2fa9dfc601b356') in 0.002015232 seconds
Start importing Assets/_Project/Generated/Art/marshmallow.png using Guid(ade15ad78e695b94cb0340e7ad951f41) (TextureImporter) -> (artifact id: '98201067cb3a57132264556f03151e2b') in 0.006075089 seconds
Start importing Assets/_Project/Generated/Art/pilot_lamb.png using Guid(dd39c7a7a8fdefa63a77a8c34a9c05b6) (TextureImporter) -> (artifact id: 'a9cb0503d1003fd63b4ac14a5942b993') in 0.007615978 seconds
Start importing Assets/_Project/Generated/Art/ui_bar_track.png using Guid(fd422fc033fd0f31fbcd0a7bae599321) (TextureImporter) -> (artifact id: 'd1bf3887a267ccd7675b4663ab611fae') in 0.002081661 seconds
Start importing Assets/_Project/Generated/Art/kit_bar_green.png using Guid(2ea1cf98aff8cbbf2b827fe363dd4e59) (TextureImporter) -> (artifact id: '235ab642e83e8e23251c9b2d280c15ce') in 0.001660174 seconds
Start importing Assets/_Project/Generated/Art/Icons/icon_thunder_pistol.png using Guid(2e42c9d846dae638da23f0e4fe245008) (TextureImporter) -> (artifact id: '84f1ec8e3b651e6017b1e09ebcad7eaf') in 0.002998542 seconds
Start importing Assets/_Project/Generated/Art/ship_hamster.png using Guid(2e59be1a11d843b79a2662f0eda4f6e0) (TextureImporter) -> (artifact id: 'ff8e966c412bbc76b3c87de742fd565d') in 0.007714864 seconds
Start importing Assets/_Project/Generated/Art/icon_play.png using Guid(2e1c5b89698722ede95aa52c1abcb393) (TextureImporter) -> (artifact id: '56efd533bdea98ffb54e256fc687d7f4') in 0.004585868 seconds
Start importing Assets/_Project/Generated/Art/fish.png using Guid(4e2d332772a1e8d35b2c83135bd87a3c) (TextureImporter) -> (artifact id: 'a9b8428f45e2dc3aeb1264d303b8ebfd') in 0.00339488 seconds
Start importing Assets/_Project/Generated/Art/ship_fox.png using Guid(6e46d97e249e4f84ab610eeb3b843688) (TextureImporter) -> (artifact id: '1cb55a507c8bf0e2c089366459dbb533') in 0.00716005 seconds
Start importing Assets/_Project/Generated/Art/Icons/icon_yarn_cyclone.png using Guid(7e35415f27a98177ab2185be9b3f680d) (TextureImporter) -> (artifact id: 'a0cb672e7af8f4383666ca05d74d34e5') in 0.003686473 seconds
Start importing Assets/_Project/Generated/Art/p_gem_green.png using Guid(aed1e92daf5011aaf84aa407b4615547) (TextureImporter) -> (artifact id: '1b3f8ae5c41afcfa8e723b9b785b01ab') in 0.002780167 seconds
Start importing Assets/_Project/Generated/Art/pilot_penguin.png using Guid(ee90b64e0ca60035a843fb3e0c2bad2e) (TextureImporter) -> (artifact id: '1564428de5dff461920abfdcac5b1107') in 0.006641901 seconds
Start importing Assets/_Project/Generated/Art/Icons/icon_last_stand.png using Guid(ee13b84095b5e1190b76424d7bbe0279) (TextureImporter) -> (artifact id: '39d9f372623a9814c78299de2970d034') in 0.003712562 seconds
Start importing Assets/_Project/Generated/Art/Icons/icon_bubble_storm.png using Guid(ee8758821e867b89d8478d7b3127afdf) (TextureImporter) -> (artifact id: 'c75bbe748ab058af8a71d89ebf2c3054') in 0.003277115 seconds
Start importing Assets/_Project/Generated/Art/p_gem_blue.png using Guid(fe0a67e30b69bc777aa50cba422baca7) (TextureImporter) -> (artifact id: '78ff612219e1219d96574fa871eee9c8') in 0.002115681 seconds
Start importing Assets/_Project/Generated/Art/b_egg.png using Guid(fe0a1e65d0937d106b3224ad2674f7a7) (TextureImporter) -> (artifact id: '6029f879b8edad4f6bde5f93cb5303b1') in 0.002160258 seconds
Start importing Assets/_Project/Generated/Art/Icons/icon_chick_cannon.png using Guid(1f429259cd82333fc888f0d6f16c6d39) (TextureImporter) -> (artifact id: '14742ed131824a177c63b51708d5ff68') in 0.003875384 seconds
Start importing Assets/_Project/Generated/Art/kit_platform.png using Guid(3f20a763415a5eb0d8842d52357dfd20) (TextureImporter) -> (artifact id: '95c61aa924fd39194dd4799a7d3cc506') in 0.007438484 seconds
Start importing Assets/_Project/Generated/Art/Icons/icon_golden_paw.png using Guid(4f3bca21a93241ae89c78d6f35f9e0b4) (TextureImporter) -> (artifact id: '1b7c544661594df702bf6bb0894dc8f1') in 0.003524312 seconds
Start importing Assets/_Project/Generated/Art/ui_button.png using Guid(5f3d634152e8f4110b43a28508d5de5e) (TextureImporter) -> (artifact id: 'f7431bad961d88e97b8e8706f2d57228') in 0.003571743 seconds
Start importing Assets/_Project/Generated/Art/b_chick.png using Guid(bf5f9bea2232f3c7f821e32615efdbbb) (TextureImporter) -> (artifact id: '7bb3762f10ab67f543d342989603d5f7') in 0.002452091 seconds
Start importing Packages/com.google.ads.mobile/GoogleMobileAds/Editor/Resources/PlaceholderAds/AdImages/728x90.png using Guid(cfead63ff9d9d48e2b4ba3c2dee7cea9) (TextureImporter) -> (artifact id: 'ca3c8d00e329bc713acf6734ced99eee') in 0.006450647 seconds
Start importing Assets/_Project/Generated/Art/Icons/icon_supernova_omelette.png using Guid(dfd144bfc3666d445a68362dc42a6ee2) (TextureImporter) -> (artifact id: '58e8869d1c23fd00df0d04ce1550dd60') in 0.003687475 seconds
Start importing Assets/_Project/Generated/Art/bunny.png using Guid(ef0239edbbd8b7691ba66939a7e04a7e) (TextureImporter) -> (artifact id: '31768ba663641b5b20ccbb417f6f01ec') in 0.007767212 seconds
Start importing Assets/_Project/Generated/Art/ship_cat.png using Guid(ff4f53c99fd519f69a13a874d4368583) (TextureImporter) -> (artifact id: 'dfa7df7200a8afc2cc50d677cd05b539') in 0.007915763 seconds
Start importing Assets/_Project/Fonts/PaytoneOne.ttf using Guid(5c924f1816ae922c9a17d25b0c910470) (TrueTypeFontImporter) -> (artifact id: '6fdcf5057c19d87e4eda7295211bc62e') in 0.012584414 seconds
Start importing Packages/com.unity.inputsystem/InputSystem/Editor/UITKAssetEditor/PackageResources/BindingPanelRowTemplate.uxml using Guid(449c8e5ca27af8e4a9db710c8be5e4df) (ScriptedImporter) -> (artifact id: 'a9b4f2b74fb1e60649b96e775f528aec') in 0.313315646 seconds
Refreshing native plugins compatible for Editor in 0.59 ms, found 0 plugins.
Preloading 0 native plugins for Editor in 0.00 ms.
Asset Pipeline Refresh (id=14de038dfe2defa07a9aa459a12a7518): Total: 21.409 seconds - Initiated by InitialRefreshV2(ForceSynchronousImport)
	Summary:
		Imports: total=582 (actual=148, local cache=434, cache server=0)
		Asset DB Process Time: managed=76 ms, native=4776 ms
		Asset DB Callback time: managed=147 ms, native=10 ms
		Scripting: domain reloads=1, domain reload time=637 ms, compile time=15740 ms, other=19 ms
		Project Asset Count: scripts=382, non-scripts=675
		Asset File Changes: new=0, changed=0, moved=0, deleted=0
		Scan Filter Count: 1
	InvokeCustomDependenciesCallbacks: 0.003ms
	InvokePackagesCallback: 6.648ms
	ApplyChangesToAssetFolders: 0.210ms
	Scan: 281.920ms
	OnSourceAssetsModified: 0.002ms
	CategorizeAssetsWithTransientArtifact: 9.548ms
	ProcessAssetsWithTransientArtifactChanges: 27.825ms
	CategorizeAssets: 10.806ms
	ImportOutOfDateAssets: 4438.496ms (-13162.760ms without children)
		ImportManagerImport: 1857.433ms (387.018ms without children)
			ImportInProcess: 1469.548ms
			UpdateCategorizedAssets: 0.866ms
		CompileScripts: 15740.255ms
		ReloadNativeAssets: 0.001ms
		UnloadImportedAssets: 0.939ms
		ReloadImportedAssets: 2.040ms
		EnsureUptoDateAssetsAreRegisteredWithGuidPM: 0.307ms
		InitializingProgressBar: 0.007ms
		PostProcessAllAssetNotificationsAddChangedAssets: 0.000ms
		OnDemandSchedulerStart: 0.273ms
	PostProcessAllAssets: 150.410ms
	Hotreload: 2.254ms
	GatherAllCurrentPrimaryArtifactRevisions: 0.001ms
	UnloadStreamsBegin: 1.230ms
	PersistCurrentRevisions: 0.614ms
	UnloadStreamsEnd: 0.001ms
	GenerateScriptTypeHashes: 2.421ms
	Untracked: 16478.671ms

Application.AssetDatabase Initial Refresh End
Scanning for USB devices : 0.148ms
Initializing Unity extensions:
UpdateMenuTitleForLanguage: 10
[MODES] ModeService[none].Initialize
[MODES] ModeService[none].LoadModes
[MODES] Loading mode Default (0) for mode-current-id-Galaxy Paws
Unloading 142 Unused Serialized files (Serialized files now loaded: 0)
Unloading 1999 unused Assets / (1.1 MB). Loaded Objects now: 2435.
Memory consumption went from 128.4 MB to 127.2 MB.
Total: 9.538582 ms (FindLiveObjects: 0.230512 ms CreateObjectMapping: 0.087861 ms MarkObjects: 8.242427 ms  DeleteObjects: 0.977250 ms)

Start importing Assets/Resources using Guid(9fc585e89f5782f7cbcb4a0f704a4eb4) (DefaultImporter) -> (artifact id: '538ec4daa909aa45234b73e685e976ed') in 0.00147554 seconds
Refreshing native plugins compatible for Editor in 0.54 ms, found 0 plugins.
Preloading 0 native plugins for Editor in 0.00 ms.
Asset Pipeline Refresh (id=616871700bcbcab35a4aa3ee931e0908): Total: 0.068 seconds - Initiated by StopAssetImportingV2(NoUpdateAssetOptions)
[TestRunBuilder] Creating new file 'Assets/Resources/PerformanceTestRunInfo.json' (1657 bytes)
UnityEngine.Debug:ExtractStackTraceNoAlloc (byte*,int,string)
UnityEngine.StackTraceUtility:ExtractStackTrace () (at /home/bokken/build/output/unity/unity/Runtime/Export/Scripting/StackTrace.cs:35)
UnityEngine.DebugLogHandler:Internal_Log (UnityEngine.LogType,UnityEngine.LogOption,string,UnityEngine.Object)
UnityEngine.DebugLogHandler:LogFormat (UnityEngine.LogType,UnityEngine.Object,string,object[])
UnityEngine.Logger:Log (UnityEngine.LogType,object)
UnityEngine.Debug:Log (object)
Unity.PerformanceTesting.Editor.TestRunBuilder:SaveToStorage (object,string) (at ./Library/PackageCache/com.unity.test-framework.performance@8b56083ec0f0/Editor/TestRunBuilder.cs:242)
Unity.PerformanceTesting.Editor.TestRunBuilder:OnPreprocessBuild (UnityEditor.Build.Reporting.BuildReport) (at ./Library/PackageCache/com.unity.test-framework.performance@8b56083ec0f0/Editor/TestRunBuilder.cs:35)
UnityEditor.Build.BuildPipelineInterfaces/<>c__DisplayClass17_0:<OnBuildPreProcess>b__1 (UnityEditor.Build.IPreprocessBuildWithReport) (at /home/bokken/build/output/unity/unity/Editor/Mono/BuildPipeline/BuildPipelineInterfaces.cs:526)
UnityEditor.Build.BuildPipelineInterfaces:InvokeCallbackInterfacesPair<UnityEditor.Build.IPreprocessBuild, UnityEditor.Build.IPreprocessBuildWithReport> (System.Collections.Generic.List`1<UnityEditor.Build.IPreprocessBuild>,System.Action`1<UnityEditor.Build.IPreprocessBuild>,System.Collections.Generic.List`1<UnityEditor.Build.IPreprocessBuildWithReport>,System.Action`1<UnityEditor.Build.IPreprocessBuildWithReport>,bool) (at /home/bokken/build/output/unity/unity/Editor/Mono/BuildPipeline/BuildPipelineInterfaces.cs:492)
UnityEditor.Build.BuildPipelineInterfaces:OnBuildPreProcess (UnityEditor.Build.Reporting.BuildReport) (at /home/bokken/build/output/unity/unity/Editor/Mono/BuildPipeline/BuildPipelineInterfaces.cs:524)
UnityEditor.BuildPipeline:BuildPlayerInternalNoCheck (string[],string,string,UnityEditor.BuildTargetGroup,UnityEditor.BuildTarget,int,UnityEditor.BuildOptions,string[],bool)
UnityEditor.BuildPipeline:BuildPlayerInternal (string[],string,string,UnityEditor.BuildTargetGroup,UnityEditor.BuildTarget,int,UnityEditor.BuildOptions,string[]) (at /home/bokken/build/output/unity/unity/Editor/Mono/BuildPipeline.bindings.cs:494)
UnityEditor.BuildPipeline:BuildPlayer (string[],string,string,UnityEditor.BuildTargetGroup,UnityEditor.BuildTarget,int,UnityEditor.BuildOptions,string[]) (at /home/bokken/build/output/unity/unity/Editor/Mono/BuildPipeline.bindings.cs:410)
UnityEditor.BuildPipeline:BuildPlayer (UnityEditor.BuildPlayerOptions) (at /home/bokken/build/output/unity/unity/Editor/Mono/BuildPipeline.bindings.cs:356)
PofudukFilo.EditorTools.CiBuild:BuildLinuxQa () (at Assets/_Project/Scripts/Editor/CiBuild.cs:76)

(Filename: ./Library/PackageCache/com.unity.test-framework.performance@8b56083ec0f0/Editor/TestRunBuilder.cs Line: 242)

[TestRunBuilder] Creating new file 'Assets/Resources/PerformanceTestRunSettings.json' (23 bytes)
UnityEngine.Debug:ExtractStackTraceNoAlloc (byte*,int,string)
UnityEngine.StackTraceUtility:ExtractStackTrace () (at /home/bokken/build/output/unity/unity/Runtime/Export/Scripting/StackTrace.cs:35)
UnityEngine.DebugLogHandler:Internal_Log (UnityEngine.LogType,UnityEngine.LogOption,string,UnityEngine.Object)
UnityEngine.DebugLogHandler:LogFormat (UnityEngine.LogType,UnityEngine.Object,string,object[])
UnityEngine.Logger:Log (UnityEngine.LogType,object)
UnityEngine.Debug:Log (object)
Unity.PerformanceTesting.Editor.TestRunBuilder:SaveToStorage (object,string) (at ./Library/PackageCache/com.unity.test-framework.performance@8b56083ec0f0/Editor/TestRunBuilder.cs:242)
Unity.PerformanceTesting.Editor.TestRunBuilder:OnPreprocessBuild (UnityEditor.Build.Reporting.BuildReport) (at ./Library/PackageCache/com.unity.test-framework.performance@8b56083ec0f0/Editor/TestRunBuilder.cs:38)
UnityEditor.Build.BuildPipelineInterfaces/<>c__DisplayClass17_0:<OnBuildPreProcess>b__1 (UnityEditor.Build.IPreprocessBuildWithReport) (at /home/bokken/build/output/unity/unity/Editor/Mono/BuildPipeline/BuildPipelineInterfaces.cs:526)
UnityEditor.Build.BuildPipelineInterfaces:InvokeCallbackInterfacesPair<UnityEditor.Build.IPreprocessBuild, UnityEditor.Build.IPreprocessBuildWithReport> (System.Collections.Generic.List`1<UnityEditor.Build.IPreprocessBuild>,System.Action`1<UnityEditor.Build.IPreprocessBuild>,System.Collections.Generic.List`1<UnityEditor.Build.IPreprocessBuildWithReport>,System.Action`1<UnityEditor.Build.IPreprocessBuildWithReport>,bool) (at /home/bokken/build/output/unity/unity/Editor/Mono/BuildPipeline/BuildPipelineInterfaces.cs:492)
UnityEditor.Build.BuildPipelineInterfaces:OnBuildPreProcess (UnityEditor.Build.Reporting.BuildReport) (at /home/bokken/build/output/unity/unity/Editor/Mono/BuildPipeline/BuildPipelineInterfaces.cs:524)
UnityEditor.BuildPipeline:BuildPlayerInternalNoCheck (string[],string,string,UnityEditor.BuildTargetGroup,UnityEditor.BuildTarget,int,UnityEditor.BuildOptions,string[],bool)
UnityEditor.BuildPipeline:BuildPlayerInternal (string[],string,string,UnityEditor.BuildTargetGroup,UnityEditor.BuildTarget,int,UnityEditor.BuildOptions,string[]) (at /home/bokken/build/output/unity/unity/Editor/Mono/BuildPipeline.bindings.cs:494)
UnityEditor.BuildPipeline:BuildPlayer (string[],string,string,UnityEditor.BuildTargetGroup,UnityEditor.BuildTarget,int,UnityEditor.BuildOptions,string[]) (at /home/bokken/build/output/unity/unity/Editor/Mono/BuildPipeline.bindings.cs:410)
UnityEditor.BuildPipeline:BuildPlayer (UnityEditor.BuildPlayerOptions) (at /home/bokken/build/output/unity/unity/Editor/Mono/BuildPipeline.bindings.cs:356)
PofudukFilo.EditorTools.CiBuild:BuildLinuxQa () (at Assets/_Project/Scripts/Editor/CiBuild.cs:76)

(Filename: ./Library/PackageCache/com.unity.test-framework.performance@8b56083ec0f0/Editor/TestRunBuilder.cs Line: 242)

Start importing ProjectSettings/ProjectSettings.asset using Guid(00000000000000004000000000000000) (LibraryAssetImporter) -> (artifact id: '09f24f483dc3309d59fafb6981a3efce') in 0.002413232 seconds
Refreshing native plugins compatible for Editor in 0.57 ms, found 0 plugins.
Preloading 0 native plugins for Editor in 0.00 ms.
Asset Pipeline Refresh (id=53148c36109e30c78afefd61a8c6cf23): Total: 0.013 seconds - Initiated by StopAssetImportingV2(NoUpdateAssetOptions)
Launched and connected shader compiler UnityShaderCompiler after 0.01 seconds
[40m[32minfo[39m[22m[49m: Microsoft.AspNetCore.Hosting.Diagnostics[1]
      Request starting HTTP/2 POST http://ilpp/UnityILPP.PostProcessing/Ping application/grpc -
[40m[32minfo[39m[22m[49m: Microsoft.AspNetCore.Routing.EndpointMiddleware[0]
      Executing endpoint 'gRPC - /UnityILPP.PostProcessing/Ping'
[40m[32minfo[39m[22m[49m: Microsoft.AspNetCore.Routing.EndpointMiddleware[1]
      Executed endpoint 'gRPC - /UnityILPP.PostProcessing/Ping'
[40m[32minfo[39m[22m[49m: Microsoft.AspNetCore.Hosting.Diagnostics[2]
      Request finished HTTP/2 POST http://ilpp/UnityILPP.PostProcessing/Ping application/grpc - - 200 - application/grpc 0.2689ms
Starting: /opt/unity/Editor/Data/Tools/BuildPipeline/bee_backend --ipc --defer-dag-verification --dagfile="Library/Bee/2400b0aESkipCompile.dag" --continue-on-failure --profile="Library/Bee/backend1.traceevents" ScriptAssembliesAndTypeDB
WorkingDir: /project
Starting: /opt/unity/Editor/Data/netcorerun/netcorerun "/opt/unity/Editor/Data/Tools/BuildPipeline/ScriptCompilationBuildProgram.exe" "Library/Bee/2400b0aESkipCompile.dag.json" "Library/Bee/2400b0aESkipCompile-inputdata.json" "Library/Bee/buildprogram0.traceevents"
WorkingDir: /project
ExitCode: 4 Duration: 0s939ms
Rebuilding DAG because FileSignature timestamp changed: Library/Bee/2400b0aESkipCompile-inputdata.json
[2/3        0s] BuildPlayerDataGenerator Library/BuildPlayerData/Editor/TypeDb-All.json
*** Tundra requires additional run (0.81 seconds), 1 items updated, 1 evaluated
ExitCode: 0 Duration: 0s399ms
Starting: /opt/unity/Editor/Data/Tools/BuildPipeline/bee_backend --ipc --defer-dag-verification --dagfile="Library/Bee/2400b0aESkipCompile.dag" --continue-on-failure --dagfilejson="Library/Bee/2400b0aESkipCompile.dag.json" --profile="Library/Bee/backend2.traceevents" ScriptAssembliesAndTypeDB
WorkingDir: /project
ExitCode: 0 Duration: 0s732ms
Finished compiling graph: 4 nodes, 5 flattened edges (5 ToBuild, 0 ToUse), maximum node priority 3
[2/3        0s] BuildPlayerDataGenerator Library/BuildPlayerData/Editor/TypeDb-All.json
*** Tundra build success (0.71 seconds), 1 items updated, 3 evaluated
Total cache size 25915808
Total cache size after purge 25915808, took 00:00:00.0116498
Start importing Assets/Resources/PerformanceTestRunInfo.json using Guid(0935957035d1ed15db9c0d753b3a4700) (TextScriptImporter) -> (artifact id: '7f3cd86d37f52304c9c42d334d3e73ba') in 0.001585163 seconds
Start importing Assets/Resources/PerformanceTestRunSettings.json using Guid(ef5bc7dc78d19ec668ea7adbafbeb681) (TextScriptImporter) -> (artifact id: '4f8302185755cc4b3271aad6ff0fbe61') in 0.001019344 seconds
Refreshing native plugins compatible for Editor in 0.45 ms, found 0 plugins.
Preloading 0 native plugins for Editor in 0.00 ms.
Asset Pipeline Refresh (id=5aaf4bd2794a07cb796254ec61dca648): Total: 0.065 seconds - Initiated by RefreshV2(NoUpdateAssetOptions)
[ScriptCompilation] Requested script compilation because: Recompiling scripts for player build.
BuildPlayer: start building target 24
[40m[32minfo[39m[22m[49m: Microsoft.AspNetCore.Hosting.Diagnostics[1]
      Request starting HTTP/2 POST http://ilpp/UnityILPP.PostProcessing/Ping application/grpc -
[40m[32minfo[39m[22m[49m: Microsoft.AspNetCore.Routing.EndpointMiddleware[0]
      Executing endpoint 'gRPC - /UnityILPP.PostProcessing/Ping'
[40m[32minfo[39m[22m[49m: Microsoft.AspNetCore.Routing.EndpointMiddleware[1]
      Executed endpoint 'gRPC - /UnityILPP.PostProcessing/Ping'
[40m[32minfo[39m[22m[49m: Microsoft.AspNetCore.Hosting.Diagnostics[2]
      Request finished HTTP/2 POST http://ilpp/UnityILPP.PostProcessing/Ping application/grpc - - 200 - application/grpc 0.2007ms
Starting: /opt/unity/Editor/Data/Tools/BuildPipeline/bee_backend --ipc --defer-dag-verification --dagfile="Library/Bee/2400b0aP.dag" --continue-on-failure --profile="Library/Bee/backend1.traceevents" ScriptAssembliesAndTypeDB
WorkingDir: /project
[40m[32minfo[39m[22m[49m: Microsoft.AspNetCore.Hosting.Diagnostics[1]
      Request starting HTTP/2 POST http://ilpp/UnityILPP.PostProcessing/ConfigurePostProcessors application/grpc -
[40m[32minfo[39m[22m[49m: Microsoft.AspNetCore.Routing.EndpointMiddleware[0]
      Executing endpoint 'gRPC - /UnityILPP.PostProcessing/ConfigurePostProcessors'
[40m[32minfo[39m[22m[49m: Unity.ILPP.Runner.PostProcessingAssemblyLoadContext[0]
      ALC ILPP context 1 is unloading
[40m[1m[33mwarn[39m[22m[49m: Unity.ILPP.Runner.PostProcessingAssemblyLoadContext[0]
      Assembly system.runtime.interopservices.windowsruntime has duplicate hint path. Ignoring "/opt/unity/Editor/Data/UnityReferenceAssemblies/unity-4.8-api/Facades/System.Runtime.InteropServices.WindowsRuntime.dll" in favor of "/opt/unity/Editor/Data/NetStandard/Extensions/2.0.0/System.Runtime.InteropServices.WindowsRuntime.dll"
[40m[1m[33mwarn[39m[22m[49m: Unity.ILPP.Runner.PostProcessingAssemblyLoadContext[0]
      Assembly system.componentmodel.composition has duplicate hint path. Ignoring "/opt/unity/Editor/Data/UnityReferenceAssemblies/unity-4.8-api/System.ComponentModel.Composition.dll" in favor of "/opt/unity/Editor/Data/NetStandard/compat/2.1.0/shims/netfx/System.ComponentModel.Composition.dll"
[40m[32minfo[39m[22m[49m: Unity.ILPP.Runner.PostProcessingAssemblyLoadContext[0]
      Resolved Unity.Burst.Cecil, Version=0.11.6.0, Culture=neutral, PublicKeyToken=50cebf1cceb9d05e with Library/PackageCache/com.unity.burst@2f3d916873ea/Unity.Burst.CodeGen/Unity.Burst.Cecil.dll
[40m[32minfo[39m[22m[49m: Unity.ILPP.Runner.PostProcessingAssemblyLoadContext[0]
      Resolved Mono.Cecil, Version=0.11.5.0, Culture=neutral, PublicKeyToken=50cebf1cceb9d05e with Library/PackageCache/com.unity.nuget.mono-cecil@ecb9724e46ff/Mono.Cecil.dll
[40m[32minfo[39m[22m[49m: Microsoft.AspNetCore.Routing.EndpointMiddleware[1]
      Executed endpoint 'gRPC - /UnityILPP.PostProcessing/ConfigurePostProcessors'
[40m[32minfo[39m[22m[49m: Microsoft.AspNetCore.Hosting.Diagnostics[2]
      Request finished HTTP/2 POST http://ilpp/UnityILPP.PostProcessing/ConfigurePostProcessors application/grpc - - 200 - application/grpc 8.0915ms
Starting: /opt/unity/Editor/Data/netcorerun/netcorerun "/opt/unity/Editor/Data/Tools/BuildPipeline/ScriptCompilationBuildProgram.exe" "Library/Bee/2400b0aP.dag.json" "Library/Bee/2400b0aP-inputdata.json" "Library/Bee/buildprogram0.traceevents"
WorkingDir: /project
ExitCode: 4 Duration: 0s405ms
Rebuilding DAG because FileSignature timestamp changed: Library/Bee/2400b0aP-inputdata.json
[323/354    0s] ILPP-Configuration Library/ilpp-configuration.nevergeneratedoutput
*** Tundra requires additional run (0.28 seconds), 2 items updated, 322 evaluated
ExitCode: 0 Duration: 0s382ms
Starting: /opt/unity/Editor/Data/Tools/BuildPipeline/bee_backend --ipc --defer-dag-verification --dagfile="Library/Bee/2400b0aP.dag" --continue-on-failure --dagfilejson="Library/Bee/2400b0aP.dag.json" --profile="Library/Bee/backend2.traceevents" ScriptAssembliesAndTypeDB
WorkingDir: /project
[40m[32minfo[39m[22m[49m: Microsoft.AspNetCore.Hosting.Diagnostics[1]
      Request starting HTTP/2 POST http://ilpp/UnityILPP.PostProcessing/ConfigurePostProcessors application/grpc -
[40m[32minfo[39m[22m[49m: Microsoft.AspNetCore.Routing.EndpointMiddleware[0]
      Executing endpoint 'gRPC - /UnityILPP.PostProcessing/ConfigurePostProcessors'
[40m[32minfo[39m[22m[49m: Unity.ILPP.Runner.PostProcessingAssemblyLoadContext[0]
      Current configuration matches the requested one, skipping
[40m[32minfo[39m[22m[49m: Microsoft.AspNetCore.Routing.EndpointMiddleware[1]
      Executed endpoint 'gRPC - /UnityILPP.PostProcessing/ConfigurePostProcessors'
[40m[32minfo[39m[22m[49m: Microsoft.AspNetCore.Hosting.Diagnostics[2]
      Request finished HTTP/2 POST http://ilpp/UnityILPP.PostProcessing/ConfigurePostProcessors application/grpc - - 200 - application/grpc 0.9988ms
[40m[32minfo[39m[22m[49m: Microsoft.AspNetCore.Hosting.Diagnostics[1]
      Request starting HTTP/2 POST http://ilpp/UnityILPP.PostProcessing/PostProcessAssembly application/grpc -
[40m[32minfo[39m[22m[49m: Microsoft.AspNetCore.Routing.EndpointMiddleware[0]
      Executing endpoint 'gRPC - /UnityILPP.PostProcessing/PostProcessAssembly'
[40m[32minfo[39m[22m[49m: Unity.ILPP.Runner.PostProcessingPipeline[0]
      Processing assembly Library/Bee/artifacts/2400b0aP.dag/Unity.InternalAPIEngineBridge.004.dll, with 119 defines and 183 references
[40m[32minfo[39m[22m[49m: Unity.ILPP.Runner.PostProcessingPipeline[0]
      processors: Unity.Jobs.CodeGen.JobsILPostProcessor, zzzUnity.Burst.CodeGen.BurstILPostProcessor
[40m[32minfo[39m[22m[49m: Microsoft.AspNetCore.Hosting.Diagnostics[1]
      Request starting HTTP/2 POST http://ilpp/UnityILPP.PostProcessing/PostProcessAssembly application/grpc -
[40m[32minfo[39m[22m[49m: Microsoft.AspNetCore.Routing.EndpointMiddleware[0]
      Executing endpoint 'gRPC - /UnityILPP.PostProcessing/PostProcessAssembly'
[40m[32minfo[39m[22m[49m: Unity.ILPP.Runner.PostProcessingPipeline[0]
      Processing assembly Library/Bee/artifacts/2400b0aP.dag/PofudukFilo.Runtime.dll, with 120 defines and 187 references
[40m[32minfo[39m[22m[49m: Unity.ILPP.Runner.PostProcessingPipeline[0]
      processors: Unity.Jobs.CodeGen.JobsILPostProcessor, zzzUnity.Burst.CodeGen.BurstILPostProcessor
[40m[32minfo[39m[22m[49m: Unity.ILPP.Runner.PostProcessingPipeline[0]
      running Unity.Jobs.CodeGen.JobsILPostProcessor
[40m[32minfo[39m[22m[49m: Unity.ILPP.Runner.PostProcessingPipeline[0]
      running Unity.Jobs.CodeGen.JobsILPostProcessor
[40m[32minfo[39m[22m[49m: Unity.ILPP.Runner.PostProcessingPipeline[0]
      running zzzUnity.Burst.CodeGen.BurstILPostProcessor
[40m[32minfo[39m[22m[49m: Microsoft.AspNetCore.Hosting.Diagnostics[1]
      Request starting HTTP/2 POST http://ilpp/UnityILPP.PostProcessing/PostProcessAssembly application/grpc -
[40m[32minfo[39m[22m[49m: Microsoft.AspNetCore.Routing.EndpointMiddleware[0]
      Executing endpoint 'gRPC - /UnityILPP.PostProcessing/PostProcessAssembly'
[40m[32minfo[39m[22m[49m: Unity.ILPP.Runner.PostProcessingPipeline[0]
      Processing assembly Library/Bee/artifacts/2400b0aP.dag/Unity.TextMeshPro.dll, with 120 defines and 184 references
[40m[32minfo[39m[22m[49m: Unity.ILPP.Runner.PostProcessingPipeline[0]
      processors: Unity.Jobs.CodeGen.JobsILPostProcessor, zzzUnity.Burst.CodeGen.BurstILPostProcessor
[40m[32minfo[39m[22m[49m: Unity.ILPP.Runner.PostProcessingPipeline[0]
      running Unity.Jobs.CodeGen.JobsILPostProcessor
[40m[32minfo[39m[22m[49m: Unity.ILPP.Runner.PostProcessingPipeline[0]
      running zzzUnity.Burst.CodeGen.BurstILPostProcessor
[40m[32minfo[39m[22m[49m: Unity.ILPP.Runner.PostProcessingAssemblyLoadContext[0]
      Resolved Unity.Collections, Version=0.0.0.0, Culture=neutral, PublicKeyToken=null with Library/Bee/artifacts/StandaloneLinux64_CodeGen/Unity.Collections.dll
[40m[32minfo[39m[22m[49m: Microsoft.AspNetCore.Hosting.Diagnostics[1]
      Request starting HTTP/2 POST http://ilpp/UnityILPP.PostProcessing/PostProcessAssembly application/grpc -
[40m[32minfo[39m[22m[49m: Microsoft.AspNetCore.Routing.EndpointMiddleware[0]
      Executing endpoint 'gRPC - /UnityILPP.PostProcessing/PostProcessAssembly'
[40m[32minfo[39m[22m[49m: Unity.ILPP.Runner.PostProcessingPipeline[0]
      Processing assembly Library/Bee/artifacts/2400b0aP.dag/UnityEngine.UI.dll, with 124 defines and 182 references
[40m[32minfo[39m[22m[49m: Unity.ILPP.Runner.PostProcessingPipeline[0]
      processors: Unity.Jobs.CodeGen.JobsILPostProcessor, zzzUnity.Burst.CodeGen.BurstILPostProcessor
[40m[32minfo[39m[22m[49m: Unity.ILPP.Runner.PostProcessingPipeline[0]
      running Unity.Jobs.CodeGen.JobsILPostProcessor
[40m[32minfo[39m[22m[49m: Unity.ILPP.Runner.PostProcessingPipeline[0]
      running zzzUnity.Burst.CodeGen.BurstILPostProcessor
[40m[32minfo[39m[22m[49m: Microsoft.AspNetCore.Routing.EndpointMiddleware[1]
      Executed endpoint 'gRPC - /UnityILPP.PostProcessing/PostProcessAssembly'
[40m[32minfo[39m[22m[49m: Microsoft.AspNetCore.Hosting.Diagnostics[2]
      Request finished HTTP/2 POST http://ilpp/UnityILPP.PostProcessing/PostProcessAssembly application/grpc - - 200 - application/grpc 1.3016ms
[40m[32minfo[39m[22m[49m: Microsoft.AspNetCore.Routing.EndpointMiddleware[1]
      Executed endpoint 'gRPC - /UnityILPP.PostProcessing/PostProcessAssembly'
[40m[32minfo[39m[22m[49m: Microsoft.AspNetCore.Hosting.Diagnostics[2]
      Request finished HTTP/2 POST http://ilpp/UnityILPP.PostProcessing/PostProcessAssembly application/grpc - - 200 - application/grpc 4.2615ms
[40m[32minfo[39m[22m[49m: Microsoft.AspNetCore.Routing.EndpointMiddleware[1]
      Executed endpoint 'gRPC - /UnityILPP.PostProcessing/PostProcessAssembly'
[40m[32minfo[39m[22m[49m: Microsoft.AspNetCore.Hosting.Diagnostics[2]
      Request finished HTTP/2 POST http://ilpp/UnityILPP.PostProcessing/PostProcessAssembly application/grpc - - 200 - application/grpc 8.1377ms
[40m[32minfo[39m[22m[49m: Microsoft.AspNetCore.Hosting.Diagnostics[1]
      Request starting HTTP/2 POST http://ilpp/UnityILPP.PostProcessing/PostProcessAssembly application/grpc -
[40m[32minfo[39m[22m[49m: Microsoft.AspNetCore.Routing.EndpointMiddleware[0]
      Executing endpoint 'gRPC - /UnityILPP.PostProcessing/PostProcessAssembly'
[40m[32minfo[39m[22m[49m: Unity.ILPP.Runner.PostProcessingPipeline[0]
      Processing assembly Library/Bee/artifacts/2400b0aP.dag/Unity.Burst.dll, with 119 defines and 178 references
[40m[32minfo[39m[22m[49m: Unity.ILPP.Runner.PostProcessingPipeline[0]
      processors: Unity.Jobs.CodeGen.JobsILPostProcessor, zzzUnity.Burst.CodeGen.BurstILPostProcessor
[40m[32minfo[39m[22m[49m: Unity.ILPP.Runner.PostProcessingPipeline[0]
      running Unity.Jobs.CodeGen.JobsILPostProcessor
[40m[32minfo[39m[22m[49m: Unity.ILPP.Runner.PostProcessingPipeline[0]
      running zzzUnity.Burst.CodeGen.BurstILPostProcessor
[40m[32minfo[39m[22m[49m: Unity.ILPP.Runner.PostProcessingAssemblyLoadContext[0]
      Resolved UnityEditor.CoreModule, Version=0.0.0.0, Culture=neutral, PublicKeyToken=null with /opt/unity/Editor/Data/Managed/UnityEngine/UnityEditor.CoreModule.dll
[40m[32minfo[39m[22m[49m: Unity.ILPP.Runner.PostProcessingAssemblyLoadContext[0]
      Resolved UnityEngine.CoreModule, Version=0.0.0.0, Culture=neutral, PublicKeyToken=null with /opt/unity/Editor/Data/Managed/UnityEngine/UnityEngine.CoreModule.dll
[40m[32minfo[39m[22m[49m: Unity.ILPP.Runner.PostProcessingAssemblyLoadContext[0]
      Resolved Mono.Cecil.Rocks, Version=0.11.5.0, Culture=neutral, PublicKeyToken=50cebf1cceb9d05e with Library/PackageCache/com.unity.nuget.mono-cecil@ecb9724e46ff/Mono.Cecil.Rocks.dll
[40m[32minfo[39m[22m[49m: Unity.ILPP.Runner.PostProcessingAssemblyLoadContext[0]
      Resolved Unity.Burst.Cecil.Rocks, Version=0.11.6.0, Culture=neutral, PublicKeyToken=50cebf1cceb9d05e with Library/PackageCache/com.unity.burst@2f3d916873ea/Unity.Burst.CodeGen/Unity.Burst.Cecil.Rocks.dll
[40m[32minfo[39m[22m[49m: Unity.ILPP.Runner.PostProcessingPipeline[0]
      running zzzUnity.Burst.CodeGen.BurstILPostProcessor
[40m[32minfo[39m[22m[49m: Microsoft.AspNetCore.Routing.EndpointMiddleware[1]
      Executed endpoint 'gRPC - /UnityILPP.PostProcessing/PostProcessAssembly'
[40m[32minfo[39m[22m[49m: Microsoft.AspNetCore.Hosting.Diagnostics[2]
      Request finished HTTP/2 POST http://ilpp/UnityILPP.PostProcessing/PostProcessAssembly application/grpc - - 200 - application/grpc 538.4993ms
[40m[32minfo[39m[22m[49m: Microsoft.AspNetCore.Hosting.Diagnostics[1]
      Request starting HTTP/2 POST http://ilpp/UnityILPP.PostProcessing/PostProcessAssembly application/grpc -
[40m[32minfo[39m[22m[49m: Microsoft.AspNetCore.Routing.EndpointMiddleware[0]
      Executing endpoint 'gRPC - /UnityILPP.PostProcessing/PostProcessAssembly'
[40m[32minfo[39m[22m[49m: Unity.ILPP.Runner.PostProcessingPipeline[0]
      Processing assembly Library/Bee/artifacts/2400b0aP.dag/Unity.InputSystem.ForUI.dll, with 119 defines and 184 references
[40m[32minfo[39m[22m[49m: Unity.ILPP.Runner.PostProcessingPipeline[0]
      processors: Unity.Jobs.CodeGen.JobsILPostProcessor, zzzUnity.Burst.CodeGen.BurstILPostProcessor
[40m[32minfo[39m[22m[49m: Unity.ILPP.Runner.PostProcessingPipeline[0]
      running Unity.Jobs.CodeGen.JobsILPostProcessor
[40m[32minfo[39m[22m[49m: Unity.ILPP.Runner.PostProcessingPipeline[0]
      running zzzUnity.Burst.CodeGen.BurstILPostProcessor
[40m[32minfo[39m[22m[49m: Microsoft.AspNetCore.Routing.EndpointMiddleware[1]
      Executed endpoint 'gRPC - /UnityILPP.PostProcessing/PostProcessAssembly'
[40m[32minfo[39m[22m[49m: Microsoft.AspNetCore.Hosting.Diagnostics[2]
      Request finished HTTP/2 POST http://ilpp/UnityILPP.PostProcessing/PostProcessAssembly application/grpc - - 200 - application/grpc 0.7448ms
[40m[32minfo[39m[22m[49m: Microsoft.AspNetCore.Hosting.Diagnostics[1]
      Request starting HTTP/2 POST http://ilpp/UnityILPP.PostProcessing/PostProcessAssembly application/grpc -
[40m[32minfo[39m[22m[49m: Microsoft.AspNetCore.Routing.EndpointMiddleware[0]
      Executing endpoint 'gRPC - /UnityILPP.PostProcessing/PostProcessAssembly'
[40m[32minfo[39m[22m[49m: Unity.ILPP.Runner.PostProcessingPipeline[0]
      Processing assembly Library/Bee/artifacts/2400b0aP.dag/Unity.Mathematics.dll, with 119 defines and 183 references
[40m[32minfo[39m[22m[49m: Unity.ILPP.Runner.PostProcessingPipeline[0]
      processors: Unity.Jobs.CodeGen.JobsILPostProcessor, zzzUnity.Burst.CodeGen.BurstILPostProcessor
[40m[32minfo[39m[22m[49m: Unity.ILPP.Runner.PostProcessingPipeline[0]
      running Unity.Jobs.CodeGen.JobsILPostProcessor
[40m[32minfo[39m[22m[49m: Unity.ILPP.Runner.PostProcessingPipeline[0]
      running zzzUnity.Burst.CodeGen.BurstILPostProcessor
[40m[32minfo[39m[22m[49m: Microsoft.AspNetCore.Routing.EndpointMiddleware[1]
      Executed endpoint 'gRPC - /UnityILPP.PostProcessing/PostProcessAssembly'
[40m[32minfo[39m[22m[49m: Microsoft.AspNetCore.Hosting.Diagnostics[2]
      Request finished HTTP/2 POST http://ilpp/UnityILPP.PostProcessing/PostProcessAssembly application/grpc - - 200 - application/grpc 3.6499ms
[40m[32minfo[39m[22m[49m: Microsoft.AspNetCore.Hosting.Diagnostics[1]
      Request starting HTTP/2 POST http://ilpp/UnityILPP.PostProcessing/PostProcessAssembly application/grpc -
[40m[32minfo[39m[22m[49m: Microsoft.AspNetCore.Routing.EndpointMiddleware[0]
      Executing endpoint 'gRPC - /UnityILPP.PostProcessing/PostProcessAssembly'
[40m[32minfo[39m[22m[49m: Unity.ILPP.Runner.PostProcessingPipeline[0]
      Processing assembly Library/Bee/artifacts/2400b0aP.dag/Unity.Collections.dll, with 121 defines and 185 references
[40m[32minfo[39m[22m[49m: Unity.ILPP.Runner.PostProcessingPipeline[0]
      processors: Unity.Jobs.CodeGen.JobsILPostProcessor, zzzUnity.Burst.CodeGen.BurstILPostProcessor
[40m[32minfo[39m[22m[49m: Unity.ILPP.Runner.PostProcessingPipeline[0]
      running Unity.Jobs.CodeGen.JobsILPostProcessor
[40m[32minfo[39m[22m[49m: Microsoft.AspNetCore.Hosting.Diagnostics[1]
      Request starting HTTP/2 POST http://ilpp/UnityILPP.PostProcessing/PostProcessAssembly application/grpc -
[40m[32minfo[39m[22m[49m: Microsoft.AspNetCore.Routing.EndpointMiddleware[0]
      Executing endpoint 'gRPC - /UnityILPP.PostProcessing/PostProcessAssembly'
[40m[32minfo[39m[22m[49m: Unity.ILPP.Runner.PostProcessingPipeline[0]
      Processing assembly Library/Bee/artifacts/2400b0aP.dag/Unity.InputSystem.dll, with 128 defines and 183 references
[40m[32minfo[39m[22m[49m: Unity.ILPP.Runner.PostProcessingPipeline[0]
      processors: Unity.Jobs.CodeGen.JobsILPostProcessor, zzzUnity.Burst.CodeGen.BurstILPostProcessor
[40m[32minfo[39m[22m[49m: Microsoft.AspNetCore.Routing.EndpointMiddleware[1]
      Executed endpoint 'gRPC - /UnityILPP.PostProcessing/PostProcessAssembly'
[40m[32minfo[39m[22m[49m: Microsoft.AspNetCore.Hosting.Diagnostics[2]
      Request finished HTTP/2 POST http://ilpp/UnityILPP.PostProcessing/PostProcessAssembly application/grpc - - 200 - application/grpc 590.5222ms
[40m[32minfo[39m[22m[49m: Unity.ILPP.Runner.PostProcessingPipeline[0]
      running Unity.Jobs.CodeGen.JobsILPostProcessor
[40m[32minfo[39m[22m[49m: Unity.ILPP.Runner.PostProcessingPipeline[0]
      running zzzUnity.Burst.CodeGen.BurstILPostProcessor
[40m[32minfo[39m[22m[49m: Microsoft.AspNetCore.Routing.EndpointMiddleware[1]
      Executed endpoint 'gRPC - /UnityILPP.PostProcessing/PostProcessAssembly'
[40m[32minfo[39m[22m[49m: Microsoft.AspNetCore.Hosting.Diagnostics[2]
      Request finished HTTP/2 POST http://ilpp/UnityILPP.PostProcessing/PostProcessAssembly application/grpc - - 200 - application/grpc 1.3908ms
[40m[32minfo[39m[22m[49m: Unity.ILPP.Runner.PostProcessingPipeline[0]
      running zzzUnity.Burst.CodeGen.BurstILPostProcessor
[40m[32minfo[39m[22m[49m: Microsoft.AspNetCore.Routing.EndpointMiddleware[1]
      Executed endpoint 'gRPC - /UnityILPP.PostProcessing/PostProcessAssembly'
[40m[32minfo[39m[22m[49m: Microsoft.AspNetCore.Hosting.Diagnostics[2]
      Request finished HTTP/2 POST http://ilpp/UnityILPP.PostProcessing/PostProcessAssembly application/grpc - - 200 - application/grpc 190.7079ms
ExitCode: 0 Duration: 7s827ms
Finished compiling graph: 355 nodes, 2855 flattened edges (2537 ToBuild, 36 ToUse), maximum node priority 145
[147/354    0s] WriteText Library/Bee/artifacts/StandaloneLinux64_CodeGen/UnityEngine.UI.rsp
[163/354    0s] WriteText Library/Bee/artifacts/StandaloneLinux64_CodeGen/UnityEditor.UI.rsp
[230/354    0s] WriteText Library/Bee/artifacts/2400b0aP.dag/UnityEngine.UI.rsp
[231/354    0s] WriteText Library/Bee/artifacts/StandaloneLinux64_CodeGen/Unity.Mathematics.rsp
[248/354    0s] WriteText Library/Bee/artifacts/StandaloneLinux64_CodeGen/Unity.Collections.rsp
[265/354    0s] WriteText Library/Bee/artifacts/2400b0aP.dag/Unity.Mathematics.rsp
[268/354    0s] WriteText Library/Bee/artifacts/2400b0aP.dag/Unity.InputSystem.rsp
[269/354    0s] WriteText Library/Bee/artifacts/2400b0aP.dag/Unity.InternalAPIEngineBridge.004.rsp
[279/354    0s] WriteText Library/Bee/artifacts/2400b0aP.dag/Unity.TextMeshPro.rsp
[280/354    0s] WriteText Library/Bee/artifacts/2400b0aP.dag/Unity.Collections.rsp
[281/354    0s] WriteText Library/Bee/artifacts/2400b0aP.dag/Unity.InputSystem.ForUI.rsp
[282/354    0s] WriteText Library/Bee/artifacts/2400b0aP.dag/PofudukFilo.Runtime.rsp
[283/354    0s] Csc Library/Bee/artifacts/2400b0aP.dag/UnityEngine.UI.dll (+2 others)
[           0s] Csc Library/Bee/artifacts/2400b0aP.dag/UnityEngine.UI.dll (+2 others) [CacheWrite 00000000000000000000000000000005]
[291/354    0s] Csc Library/Bee/artifacts/StandaloneLinux64_CodeGen/UnityEngine.UI.dll (+2 others)
[           0s] Csc Library/Bee/artifacts/StandaloneLinux64_CodeGen/UnityEngine.UI.dll (+2 others) [CacheWrite 00000000000000000000000000000005]
[294/354    0s] Csc Library/Bee/artifacts/2400b0aP.dag/Unity.InternalAPIEngineBridge.004.dll (+2 others)
[           0s] Csc Library/Bee/artifacts/2400b0aP.dag/Unity.InternalAPIEngineBridge.004.dll (+2 others) [CacheWrite 00000000000000000000000000000005]
[297/354    0s] Csc Library/Bee/artifacts/StandaloneLinux64_CodeGen/UnityEditor.UI.dll (+2 others)
[           0s] Csc Library/Bee/artifacts/StandaloneLinux64_CodeGen/UnityEditor.UI.dll (+2 others) [CacheWrite 00000000000000000000000000000005]
[302/354    1s] Csc Library/Bee/artifacts/2400b0aP.dag/Unity.TextMeshPro.dll (+2 others)
[           0s] Csc Library/Bee/artifacts/2400b0aP.dag/Unity.TextMeshPro.dll (+2 others) [CacheWrite 00000000000000000000000000000005]
[306/354    3s] Csc Library/Bee/artifacts/2400b0aP.dag/Unity.Mathematics.dll (+2 others)
[           0s] Csc Library/Bee/artifacts/2400b0aP.dag/Unity.Mathematics.dll (+2 others) [CacheWrite 00000000000000000000000000000005]
[309/354    3s] Csc Library/Bee/artifacts/2400b0aP.dag/Unity.InputSystem.dll (+2 others)
[           0s] Csc Library/Bee/artifacts/2400b0aP.dag/Unity.InputSystem.dll (+2 others) [CacheWrite 00000000000000000000000000000005]
[312/354    0s] Csc Library/Bee/artifacts/2400b0aP.dag/Unity.InputSystem.ForUI.dll (+2 others)
[           0s] Csc Library/Bee/artifacts/2400b0aP.dag/Unity.InputSystem.ForUI.dll (+2 others) [CacheWrite 00000000000000000000000000000005]
[313/354    1s] Csc Library/Bee/artifacts/2400b0aP.dag/Unity.Collections.dll (+2 others)
[314/354    3s] Csc Library/Bee/artifacts/StandaloneLinux64_CodeGen/Unity.Mathematics.dll (+2 others)
[           0s] Csc Library/Bee/artifacts/2400b0aP.dag/Unity.Collections.dll (+2 others) [CacheWrite 00000000000000000000000000000005]
[           0s] Csc Library/Bee/artifacts/StandaloneLinux64_CodeGen/Unity.Mathematics.dll (+2 others) [CacheWrite 00000000000000000000000000000005]
[319/354    0s] Csc Library/Bee/artifacts/2400b0aP.dag/PofudukFilo.Runtime.dll (+2 others)
Assets/_Project/Scripts/Core/AdMobAds.cs(38,13): warning CS0618: 'MobileAds.RaiseAdEventsOnUnityMainThread' is obsolete: 'Use MobileAdsEventExecutor.ExecuteInUpdate() instead.'
Assets/_Project/Scripts/Feel/Juice.cs(22,39): warning CS0414: The field 'Juice.hapticsEnabled' is assigned but its value is never used
[320/354    1s] Csc Library/Bee/artifacts/StandaloneLinux64_CodeGen/Unity.Collections.dll (+2 others)
[           0s] Csc Library/Bee/artifacts/StandaloneLinux64_CodeGen/Unity.Collections.dll (+2 others) [CacheWrite 00000000000000000000000000000005]
[324/354    0s] ILPP-Configuration Library/ilpp-configuration.nevergeneratedoutput
[325/354    0s] ILPostProcess Library/Bee/artifacts/2400b0aP.dag/post-processed/Unity.TextMeshPro.dll (+pdb)
Processing assembly Library/Bee/artifacts/2400b0aP.dag/Unity.TextMeshPro.dll, with 120 defines and 184 references
processors: Unity.Jobs.CodeGen.JobsILPostProcessor, zzzUnity.Burst.CodeGen.BurstILPostProcessor
running Unity.Jobs.CodeGen.JobsILPostProcessor
running zzzUnity.Burst.CodeGen.BurstILPostProcessor
[326/354    0s] ILPostProcess Library/Bee/artifacts/2400b0aP.dag/post-processed/PofudukFilo.Runtime.dll (+pdb)
Processing assembly Library/Bee/artifacts/2400b0aP.dag/PofudukFilo.Runtime.dll, with 120 defines and 187 references
processors: Unity.Jobs.CodeGen.JobsILPostProcessor, zzzUnity.Burst.CodeGen.BurstILPostProcessor
running Unity.Jobs.CodeGen.JobsILPostProcessor
running zzzUnity.Burst.CodeGen.BurstILPostProcessor
[327/354    0s] ILPostProcess Library/Bee/artifacts/2400b0aP.dag/post-processed/UnityEngine.UI.dll (+pdb)
Processing assembly Library/Bee/artifacts/2400b0aP.dag/UnityEngine.UI.dll, with 124 defines and 182 references
processors: Unity.Jobs.CodeGen.JobsILPostProcessor, zzzUnity.Burst.CodeGen.BurstILPostProcessor
running Unity.Jobs.CodeGen.JobsILPostProcessor
running zzzUnity.Burst.CodeGen.BurstILPostProcessor
[328/354    0s] ILPostProcess Library/Bee/artifacts/2400b0aP.dag/post-processed/Unity.InternalAPIEngineBridge.004.dll (+pdb)
Processing assembly Library/Bee/artifacts/2400b0aP.dag/Unity.InternalAPIEngineBridge.004.dll, with 119 defines and 183 references
processors: Unity.Jobs.CodeGen.JobsILPostProcessor, zzzUnity.Burst.CodeGen.BurstILPostProcessor
running Unity.Jobs.CodeGen.JobsILPostProcessor
running zzzUnity.Burst.CodeGen.BurstILPostProcessor
[329/354    0s] ILPostProcess Library/Bee/artifacts/2400b0aP.dag/post-processed/Unity.InputSystem.ForUI.dll (+pdb)
Processing assembly Library/Bee/artifacts/2400b0aP.dag/Unity.InputSystem.ForUI.dll, with 119 defines and 184 references
processors: Unity.Jobs.CodeGen.JobsILPostProcessor, zzzUnity.Burst.CodeGen.BurstILPostProcessor
running Unity.Jobs.CodeGen.JobsILPostProcessor
running zzzUnity.Burst.CodeGen.BurstILPostProcessor
[330/354    0s] ILPostProcess Library/Bee/artifacts/2400b0aP.dag/post-processed/Unity.Mathematics.dll (+pdb)
Processing assembly Library/Bee/artifacts/2400b0aP.dag/Unity.Mathematics.dll, with 119 defines and 183 references
processors: Unity.Jobs.CodeGen.JobsILPostProcessor, zzzUnity.Burst.CodeGen.BurstILPostProcessor
running Unity.Jobs.CodeGen.JobsILPostProcessor
running zzzUnity.Burst.CodeGen.BurstILPostProcessor
[331/354    0s] CopyFiles Library/Bee/PlayerScriptAssemblies/Unity.Mathematics.dll
[332/354    0s] CopyFiles Library/Bee/PlayerScriptAssemblies/Unity.InputSystem.ForUI.dll
[333/354    0s] CopyFiles Library/Bee/PlayerScriptAssemblies/Unity.InternalAPIEngineBridge.004.dll
[334/354    0s] CopyFiles Library/Bee/PlayerScriptAssemblies/UnityEngine.UI.dll
[335/354    0s] CopyFiles Library/Bee/PlayerScriptAssemblies/PofudukFilo.Runtime.dll
[336/354    0s] CopyFiles Library/Bee/PlayerScriptAssemblies/Unity.TextMeshPro.dll
[337/354    0s] CopyFiles Library/Bee/PlayerScriptAssemblies/Unity.Mathematics.pdb
[338/354    0s] CopyFiles Library/Bee/PlayerScriptAssemblies/Unity.InputSystem.ForUI.pdb
[339/354    0s] CopyFiles Library/Bee/PlayerScriptAssemblies/Unity.InternalAPIEngineBridge.004.pdb
[340/354    0s] CopyFiles Library/Bee/PlayerScriptAssemblies/UnityEngine.UI.pdb
[341/354    0s] CopyFiles Library/Bee/PlayerScriptAssemblies/PofudukFilo.Runtime.pdb
[342/354    0s] CopyFiles Library/Bee/PlayerScriptAssemblies/Unity.TextMeshPro.pdb
[343/354    0s] ILPostProcess Library/Bee/artifacts/2400b0aP.dag/post-processed/Unity.InputSystem.dll (+pdb)
Processing assembly Library/Bee/artifacts/2400b0aP.dag/Unity.InputSystem.dll, with 128 defines and 183 references
processors: Unity.Jobs.CodeGen.JobsILPostProcessor, zzzUnity.Burst.CodeGen.BurstILPostProcessor
running Unity.Jobs.CodeGen.JobsILPostProcessor
running zzzUnity.Burst.CodeGen.BurstILPostProcessor
[344/354    0s] ILPostProcess Library/Bee/artifacts/2400b0aP.dag/post-processed/Unity.Burst.dll (+pdb)
Processing assembly Library/Bee/artifacts/2400b0aP.dag/Unity.Burst.dll, with 119 defines and 178 references
processors: Unity.Jobs.CodeGen.JobsILPostProcessor, zzzUnity.Burst.CodeGen.BurstILPostProcessor
running Unity.Jobs.CodeGen.JobsILPostProcessor
running zzzUnity.Burst.CodeGen.BurstILPostProcessor
[345/354    0s] CopyFiles Library/Bee/PlayerScriptAssemblies/Unity.InputSystem.pdb
[346/354    0s] CopyFiles Library/Bee/PlayerScriptAssemblies/Unity.InputSystem.dll
[347/354    0s] CopyFiles Library/Bee/PlayerScriptAssemblies/Unity.Burst.pdb
[348/354    0s] CopyFiles Library/Bee/PlayerScriptAssemblies/Unity.Burst.dll
[349/354    0s] ILPostProcess Library/Bee/artifacts/2400b0aP.dag/post-processed/Unity.Collections.dll (+pdb)
Processing assembly Library/Bee/artifacts/2400b0aP.dag/Unity.Collections.dll, with 121 defines and 185 references
processors: Unity.Jobs.CodeGen.JobsILPostProcessor, zzzUnity.Burst.CodeGen.BurstILPostProcessor
running Unity.Jobs.CodeGen.JobsILPostProcessor
running zzzUnity.Burst.CodeGen.BurstILPostProcessor
[350/354    0s] CopyFiles Library/Bee/PlayerScriptAssemblies/Unity.Collections.dll
[351/354    0s] CopyFiles Library/Bee/PlayerScriptAssemblies/Unity.Collections.pdb
[353/354    0s] BuildPlayerDataGenerator Library/BuildPlayerData/Player/RuntimeInitializeOnLoads.json (+1 other)
*** Tundra build success (7.81 seconds), 53 items updated, 354 evaluated
Assets/_Project/Scripts/Core/AdMobAds.cs(38,13): warning CS0618: 'MobileAds.RaiseAdEventsOnUnityMainThread' is obsolete: 'Use MobileAdsEventExecutor.ExecuteInUpdate() instead.'
Assets/_Project/Scripts/Feel/Juice.cs(22,39): warning CS0414: The field 'Juice.hapticsEnabled' is assigned but its value is never used
Total cache size 34339076
Total cache size after purge 34339076, took 00:00:00.0076525
Rebuilding Data files because the assembly list is dirty
Opening scene 'Assets/_Project/Scenes/Main.unity'
Unloading 296 Unused Serialized files (Serialized files now loaded: 0)
Loaded scene 'Assets/_Project/Scenes/Main.unity'
	Deserialize:            55.129 ms
	Integration:            124.597 ms
	Integration of assets:  5.332 ms
	Thread Wait Time:       -0.002 ms
	Total Operation Time:   185.056 ms
Unloading 129 unused Assets / (15.2 MB). Loaded Objects now: 2905.
Memory consumption went from 129.2 MB to 114.0 MB.
Total: 11.342099 ms (FindLiveObjects: 0.254097 ms CreateObjectMapping: 0.056184 ms MarkObjects: 10.382074 ms  DeleteObjects: 0.649094 ms)

Created GICache directory at /root/.cache/unity3d/GiCache. Took: 0.003s, timestamps: [35.332 - 35.335]


Mono dependencies included in the build
Dependency assembly - System.Xml.XPath.XDocument.dll
Dependency assembly - System.Runtime.Remoting.dll
Dependency assembly - System.Data.OracleClient.dll
Dependency assembly - System.Security.Cryptography.Hashing.Algorithms.dll
Dependency assembly - System.Web.dll
Dependency assembly - GoogleMobileAds.dll
Dependency assembly - Mono.Profiler.Log.dll
Dependency assembly - System.Data.Common.dll
Dependency assembly - Mono.Security.dll
Dependency assembly - System.Net.Sockets.dll
Dependency assembly - System.Net.Http.dll
Dependency assembly - System.Net.AuthenticationManager.dll
Dependency assembly - Unity.InternalAPIEngineBridge.004.dll
Dependency assembly - System.Threading.Tasks.Extensions.dll
Dependency assembly - System.Security.Cryptography.DeriveBytes.dll
Dependency assembly - System.ServiceProcess.ServiceController.dll
Dependency assembly - System.Reflection.Emit.ILGeneration.dll
Dependency assembly - System.Net.Primitives.dll
Dependency assembly - System.Net.WebSockets.Client.dll
Dependency assembly - System.Runtime.Serialization.Xml.dll
Dependency assembly - Accessibility.dll
Dependency assembly - System.Console.dll
Dependency assembly - System.ServiceModel.Primitives.dll
Dependency assembly - System.Security.Cryptography.RSA.dll
Dependency assembly - Mono.Tasklets.dll
Dependency assembly - System.Drawing.Design.dll
Dependency assembly - System.Web.Extensions.Design.dll
Dependency assembly - System.IO.FileSystem.Watcher.dll
Dependency assembly - System.Web.Mobile.dll
Dependency assembly - System.Diagnostics.Process.dll
Dependency assembly - System.ServiceModel.NetTcp.dll
Dependency assembly - Mono.Data.Sqlite.dll
Dependency assembly - System.Collections.NonGeneric.dll
Dependency assembly - System.Collections.Specialized.dll
Dependency assembly - System.Net.WebHeaderCollection.dll
Dependency assembly - System.IO.UnmanagedMemoryStream.dll
Dependency assembly - System.Security.Cryptography.Cng.dll
Dependency assembly - SystemWebTestShim.dll
Dependency assembly - Mono.Cairo.dll
Dependency assembly - System.Security.Cryptography.RandomNumberGenerator.dll
Dependency assembly - System.Reflection.Emit.dll
Dependency assembly - System.Web.Http.dll
Dependency assembly - ICSharpCode.SharpZipLib.dll
Dependency assembly - System.Memory.dll
Dependency assembly - System.Runtime.Serialization.Formatters.Soap.dll
Dependency assembly - System.AppContext.dll
Dependency assembly - System.Numerics.Vectors.dll
Dependency assembly - PofudukFilo.Runtime.dll
Dependency assembly - System.Web.RegularExpressions.dll
Dependency assembly - System.Security.dll
Dependency assembly - System.Data.dll
Dependency assembly - System.Drawing.Primitives.dll
Dependency assembly - System.Security.Cryptography.Primitives.dll
Dependency assembly - System.Threading.ThreadPool.dll
Dependency assembly - Mono.Data.Tds.dll
Dependency assembly - System.Diagnostics.Tools.dll
Dependency assembly - System.Workflow.Runtime.dll
Dependency assembly - System.Xml.Xsl.Primitives.dll
Dependency assembly - System.Reactive.Windows.Threading.dll
Dependency assembly - System.Windows.Forms.DataVisualization.dll
Dependency assembly - System.IO.Compression.ZipFile.dll
Dependency assembly - System.EnterpriseServices.dll
Dependency assembly - System.Net.HttpListener.dll
Dependency assembly - System.Reflection.Emit.Lightweight.dll
Dependency assembly - Mono.Parallel.dll
Dependency assembly - System.IO.FileSystem.Primitives.dll
Dependency assembly - cscompmgd.dll
Dependency assembly - System.ComponentModel.EventBasedAsync.dll
Dependency assembly - System.Runtime.CompilerServices.VisualC.dll
Dependency assembly - System.IO.FileSystem.AccessControl.dll
Dependency assembly - System.IO.IsolatedStorage.dll
Dependency assembly - System.Buffers.dll
Dependency assembly - System.Runtime.Serialization.Json.dll
Dependency assembly - System.Reactive.Observable.Aliases.dll
Dependency assembly - Microsoft.Web.Infrastructure.dll
Dependency assembly - System.Reactive.Windows.Forms.dll
Dependency assembly - System.Security.SecureString.dll
Dependency assembly - RabbitMQ.Client.dll
Dependency assembly - System.Reflection.dll
Dependency assembly - System.Runtime.InteropServices.RuntimeInformation.dll
Dependency assembly - System.Data.Entity.dll
Dependency assembly - System.Diagnostics.Debug.dll
Dependency assembly - System.Workflow.Activities.dll
Dependency assembly - System.Globalization.Extensions.dll
Dependency assembly - System.Security.Cryptography.OpenSsl.dll
Dependency assembly - Microsoft.Win32.Registry.AccessControl.dll
Dependency assembly - System.Net.NetworkInformation.dll
Dependency assembly - System.Net.Security.dll
Dependency assembly - System.Data.Services.dll
Dependency assembly - System.Runtime.Extensions.dll
Dependency assembly - I18N.MidEast.dll
Dependency assembly - System.Web.Mvc.dll
Dependency assembly - System.Text.Encoding.Extensions.dll
Dependency assembly - System.Messaging.dll
Dependency assembly - Mono.Management.dll
Dependency assembly - System.Security.Cryptography.ProtectedData.dll
Dependency assembly - System.ServiceModel.Http.dll
Dependency assembly - System.Linq.Expressions.dll
Dependency assembly - System.Threading.Tasks.dll
Dependency assembly - System.Globalization.dll
Dependency assembly - System.ComponentModel.DataAnnotations.dll
Dependency assembly - Microsoft.VisualC.dll
Dependency assembly - System.Web.Http.WebHost.dll
Dependency assembly - Novell.Directory.Ldap.dll
Dependency assembly - System.Runtime.Handles.dll
Dependency assembly - System.Threading.dll
Dependency assembly - WindowsBase.dll
Dependency assembly - System.Xaml.dll
Dependency assembly - System.Security.Claims.dll
Dependency assembly - System.Core.dll
Dependency assembly - System.Threading.Tasks.Dataflow.dll
Dependency assembly - System.Linq.Parallel.dll
Dependency assembly - System.Linq.dll
Dependency assembly - System.Xml.XDocument.dll
Dependency assembly - System.Runtime.InteropServices.dll
Dependency assembly - System.Net.ServicePoint.dll
Dependency assembly - Mono.C5.dll
Dependency assembly - Mono.CompilerServices.SymbolWriter.dll
Dependency assembly - Unity.Burst.Unsafe.dll
Dependency assembly - System.ServiceModel.Internals.dll
Dependency assembly - System.Windows.Forms.dll
Dependency assembly - System.Data.Linq.dll
Dependency assembly - System.Deployment.dll
Dependency assembly - Microsoft.CSharp.dll
Dependency assembly - System.Diagnostics.Tracing.dll
Dependency assembly - System.Security.Cryptography.Encryption.Aes.dll
Dependency assembly - System.Xml.Linq.dll
Dependency assembly - Commons.Xml.Relaxng.dll
Dependency assembly - System.Runtime.DurableInstancing.dll
Dependency assembly - Mono.Posix.dll
Dependency assembly - System.Drawing.dll
Dependency assembly - System.Xml.XPath.XmlDocument.dll
Dependency assembly - System.Windows.dll
Dependency assembly - System.Security.Cryptography.Csp.dll
Dependency assembly - System.Collections.dll
Dependency assembly - System.Configuration.Install.dll
Dependency assembly - System.Net.Utilities.dll
Dependency assembly - System.Web.WebPages.dll
Dependency assembly - System.Net.Http.WebRequest.dll
Dependency assembly - Microsoft.Build.Utilities.v4.0.dll
Dependency assembly - mscorlib.dll
Dependency assembly - System.DirectoryServices.dll
Dependency assembly - System.IO.FileSystem.DriveInfo.dll
Dependency assembly - System.Diagnostics.TraceSource.dll
Dependency assembly - Mono.Messaging.RabbitMQ.dll
Dependency assembly - System.Reactive.Linq.dll
Dependency assembly - monodoc.dll
Dependency assembly - Mono.Security.Win32.dll
Dependency assembly - System.Data.SqlClient.dll
Dependency assembly - System.Web.Abstractions.dll
Dependency assembly - System.Text.RegularExpressions.dll
Dependency assembly - System.Net.Cache.dll
Dependency assembly - System.Threading.Thread.dll
Dependency assembly - System.Runtime.Numerics.dll
Dependency assembly - Mono.Options.dll
Dependency assembly - System.Net.Ping.dll
Dependency assembly - System.Threading.Timer.dll
Dependency assembly - System.Web.WebPages.Razor.dll
Dependency assembly - System.Runtime.Serialization.Formatters.dll
Dependency assembly - System.ServiceModel.Activation.dll
Dependency assembly - System.ServiceProcess.dll
Dependency assembly - System.Reflection.Primitives.dll
Dependency assembly - I18N.Other.dll
Dependency assembly - System.Runtime.InteropServices.WindowsRuntime.dll
Dependency assembly - System.Net.dll
Dependency assembly - CustomMarshalers.dll
Dependency assembly - System.Reactive.PlatformServices.dll
Dependency assembly - System.Resources.Reader.dll
Dependency assembly - System.ServiceModel.Discovery.dll
Dependency assembly - Mono.Messaging.dll
Dependency assembly - Microsoft.Build.dll
Dependency assembly - System.Management.dll
Dependency assembly - System.Web.Services.dll
Dependency assembly - System.Web.DynamicData.dll
Dependency assembly - System.Runtime.Caching.dll
Dependency assembly - System.Linq.Queryable.dll
Dependency assembly - System.Workflow.ComponentModel.dll
Dependency assembly - UnityEngine.UI.dll
Dependency assembly - Microsoft.Build.Tasks.v4.0.dll
Dependency assembly - System.Security.Cryptography.Encryption.ECDsa.dll
Dependency assembly - System.Web.Routing.dll
Dependency assembly - System.Json.dll
Dependency assembly - GoogleMobileAds.Common.dll
Dependency assembly - System.Runtime.Loader.dll
Dependency assembly - Unity.Collections.dll
Dependency assembly - System.Security.Cryptography.Algorithms.dll
Dependency assembly - System.Xml.dll
Dependency assembly - System.ComponentModel.Annotations.dll
Dependency assembly - System.Configuration.dll
Dependency assembly - System.Dynamic.Runtime.dll
Dependency assembly - System.Text.Encoding.dll
Dependency assembly - System.ComponentModel.TypeConverter.dll
Dependency assembly - Mono.Simd.dll
Dependency assembly - Mono.CSharp.dll
Dependency assembly - System.Xml.XmlDocument.dll
Dependency assembly - I18N.West.dll
Dependency assembly - Mono.Http.dll
Dependency assembly - Mono.XBuild.Tasks.dll
Dependency assembly - System.Runtime.dll
Dependency assembly - I18N.Rare.dll
Dependency assembly - System.Reactive.Runtime.Remoting.dll
Dependency assembly - System.ObjectModel.dll
Dependency assembly - WebMatrix.Data.dll
Dependency assembly - System.Security.Principal.dll
Dependency assembly - System.Data.Services.Client.dll
Dependency assembly - System.IdentityModel.dll
Dependency assembly - System.Security.Cryptography.Encoding.dll
Dependency assembly - Unity.TextMeshPro.dll
Dependency assembly - System.Net.NameResolution.dll
Dependency assembly - System.Text.Encoding.CodePages.dll
Dependency assembly - System.Reactive.Experimental.dll
Dependency assembly - System.ServiceModel.Security.dll
Dependency assembly - Unity.InputSystem.ForUI.dll
Dependency assembly - System.ComponentModel.Primitives.dll
Dependency assembly - System.ServiceModel.dll
Dependency assembly - System.Resources.Writer.dll
Dependency assembly - System.Design.dll
Dependency assembly - System.Reflection.DispatchProxy.dll
Dependency assembly - Mono.Btls.Interface.dll
Dependency assembly - System.Reflection.TypeExtensions.dll
Dependency assembly - System.Collections.Concurrent.dll
Dependency assembly - System.Globalization.Calendars.dll
Dependency assembly - GoogleMobileAds.Core.dll
Dependency assembly - I18N.CJK.dll
Dependency assembly - System.Runtime.Serialization.dll
Dependency assembly - System.Runtime.Serialization.Primitives.dll
Dependency assembly - System.ValueTuple.dll
Dependency assembly - System.ComponentModel.dll
Dependency assembly - Unity.Burst.dll
Dependency assembly - System.Resources.ResourceManager.dll
Dependency assembly - System.Net.WebSockets.dll
Dependency assembly - System.IO.FileSystem.dll
Dependency assembly - System.IO.Compression.FileSystem.dll
Dependency assembly - System.Diagnostics.TraceEvent.dll
Dependency assembly - System.Web.Razor.dll
Dependency assembly - System.ServiceModel.Duplex.dll
Dependency assembly - System.Reflection.Context.dll
Dependency assembly - System.Transactions.dll
Dependency assembly - System.Security.Cryptography.Hashing.dll
Dependency assembly - netstandard.dll
Dependency assembly - System.DirectoryServices.Protocols.dll
Dependency assembly - Microsoft.Win32.Registry.dll
Dependency assembly - System.Net.Requests.dll
Dependency assembly - System.Threading.AccessControl.dll
Dependency assembly - System.Dynamic.dll
Dependency assembly - System.Security.Cryptography.X509Certificates.dll
Dependency assembly - SMDiagnostics.dll
Dependency assembly - System.Numerics.dll
Dependency assembly - GoogleMobileAds.Ump.dll
Dependency assembly - System.Reactive.Core.dll
Dependency assembly - Unity.Collections.LowLevel.ILSupport.dll
Dependency assembly - System.Reactive.Interfaces.dll
Dependency assembly - System.Web.WebPages.Deployment.dll
Dependency assembly - System.IO.Compression.dll
Dependency assembly - System.Security.Principal.Windows.dll
Dependency assembly - System.Diagnostics.TextWriterTraceListener.dll
Dependency assembly - System.Reflection.Extensions.dll
Dependency assembly - System.Threading.Overlapped.dll
Dependency assembly - System.Security.AccessControl.dll
Dependency assembly - System.ServiceModel.Web.dll
Dependency assembly - System.IO.Pipes.dll
Dependency assembly - System.Security.Cryptography.Encryption.dll
Dependency assembly - System.Xml.Serialization.dll
Dependency assembly - System.ServiceModel.Routing.dll
Dependency assembly - System.Reactive.Debugger.dll
Dependency assembly - Unity.Mathematics.dll
Dependency assembly - System.Reactive.Providers.dll
Dependency assembly - System.Net.Http.Rtc.dll
Dependency assembly - System.ComponentModel.Composition.dll
Dependency assembly - System.IO.MemoryMappedFiles.dll
Dependency assembly - System.Xml.ReaderWriter.dll
Dependency assembly - Microsoft.Build.Engine.dll
Dependency assembly - System.Net.Mail.dll
Dependency assembly - System.Security.Cryptography.Pkcs.dll
Dependency assembly - System.Web.ApplicationServices.dll
Dependency assembly - System.Web.Extensions.dll
Dependency assembly - IBM.Data.DB2.dll
Dependency assembly - I18N.dll
Dependency assembly - System.Data.DataSetExtensions.dll
Dependency assembly - System.Diagnostics.FileVersionInfo.dll
Dependency assembly - System.Resources.ReaderWriter.dll
Dependency assembly - System.IdentityModel.Selectors.dll
Dependency assembly - System.Diagnostics.Contracts.dll
Dependency assembly - Microsoft.Win32.Primitives.dll
Dependency assembly - Mono.WebBrowser.dll
Dependency assembly - System.Xml.XPath.dll
Dependency assembly - System.Threading.Tasks.Parallel.dll
Dependency assembly - PEAPI.dll
Dependency assembly - System.Xml.XmlSerializer.dll
Dependency assembly - Microsoft.Build.Framework.dll
Dependency assembly - System.Net.Http.Formatting.dll
Dependency assembly - System.Json.Microsoft.dll
Dependency assembly - Unity.InputSystem.dll
Dependency assembly - System.IO.dll
Dependency assembly - System.dll
Dependency assembly - System.Security.Cryptography.Encryption.ECDiffieHellman.dll
Dependency assembly - System.Web.Http.SelfHost.dll
Dependency assembly - System.Diagnostics.StackTrace.dll

Unloading 173 Unused Serialized files (Serialized files now loaded: 0)
Unloading 599 unused Assets / (21.8 MB). Loaded Objects now: 2455.
Memory consumption went from 164.3 MB to 142.5 MB.
Total: 9.179659 ms (FindLiveObjects: 0.103824 ms CreateObjectMapping: 0.036895 ms MarkObjects: 7.740943 ms  DeleteObjects: 1.297266 ms)

Unloading 0 Unused Serialized files (Serialized files now loaded: 0)
Unloading 0 unused Assets / (1.4 KB). Loaded Objects now: 2455.
Memory consumption went from 142.5 MB to 142.5 MB.
Total: 6.182449 ms (FindLiveObjects: 0.077505 ms CreateObjectMapping: 0.025909 ms MarkObjects: 6.074598 ms  DeleteObjects: 0.003916 ms)

Unloading 1 Unused Serialized files (Serialized files now loaded: 0)
Unloading 186 unused Assets / (146.2 MB). Loaded Objects now: 2455.
Memory consumption went from 264.2 MB to 118.0 MB.
Total: 22.286979 ms (FindLiveObjects: 0.074471 ms CreateObjectMapping: 0.028763 ms MarkObjects: 7.610529 ms  DeleteObjects: 14.572706 ms)

Compiling shader "Skybox/Procedural"
  Pass "" (vp)
    Target graphics API: glcore
    Full variant space:         3
    After settings filtering:   3
    After built-in stripping:   3
    After scriptable stripping: 3
    Processed in 0.00 seconds
    Target graphics API: vulkan
    Full variant space:         3
    After settings filtering:   3
    After built-in stripping:   3
    After scriptable stripping: 3
    Processed in 0.00 seconds
  Pass  (vp, glcore) finished in 0.00 seconds. Local cache hits 3 (0.00s CPU time), remote cache hits 0 (0.00s CPU time), compiled 0 variants (0.00s CPU time), skipped 0 variants.
  Pass  (vp, vulkan) finished in 0.00 seconds. Local cache hits 3 (0.00s CPU time), remote cache hits 0 (0.00s CPU time), compiled 0 variants (0.00s CPU time), skipped 0 variants.
    Prepared data for serialisation in 0.00s
Serialized binary data for shader Skybox/Procedural in 0.00s
    glcore (total internal programs: 3, unique: 3)
    vulkan (total internal programs: 3, unique: 3)
Compiling shader "PofudukFilo/InstancedSprite"
  Pass "" (vp)
    Target graphics API: glcore
    Full variant space:         2
    After settings filtering:   2
    After built-in stripping:   2
    After scriptable stripping: 2
    Processed in 0.00 seconds
    Target graphics API: vulkan
    Full variant space:         2
    After settings filtering:   2
    After built-in stripping:   2
    After scriptable stripping: 2
    Processed in 0.00 seconds
  Pass  (vp, glcore) finished in 0.00 seconds. Local cache hits 2 (0.00s CPU time), remote cache hits 0 (0.00s CPU time), compiled 0 variants (0.00s CPU time), skipped 0 variants.
  Pass  (vp, vulkan) finished in 0.00 seconds. Local cache hits 2 (0.00s CPU time), remote cache hits 0 (0.00s CPU time), compiled 0 variants (0.00s CPU time), skipped 0 variants.
    Prepared data for serialisation in 0.00s
Serialized binary data for shader PofudukFilo/InstancedSprite in 0.00s
    glcore (total internal programs: 2, unique: 2)
    vulkan (total internal programs: 2, unique: 2)
Compiling shader "PofudukFilo/SpriteWhiteFlash"
  Pass "" (vp)
    Target graphics API: glcore
    Full variant space:         1
    After settings filtering:   1
    After built-in stripping:   1
    After scriptable stripping: 1
    Processed in 0.00 seconds
    Target graphics API: vulkan
    Full variant space:         1
    After settings filtering:   1
    After built-in stripping:   1
    After scriptable stripping: 1
    Processed in 0.00 seconds
  Pass  (vp, glcore) finished in 0.00 seconds. Local cache hits 1 (0.00s CPU time), remote cache hits 0 (0.00s CPU time), compiled 0 variants (0.00s CPU time), skipped 0 variants.
  Pass  (vp, vulkan) finished in 0.00 seconds. Local cache hits 1 (0.00s CPU time), remote cache hits 0 (0.00s CPU time), compiled 0 variants (0.00s CPU time), skipped 0 variants.
    Prepared data for serialisation in 0.00s
Serialized binary data for shader PofudukFilo/SpriteWhiteFlash in 0.00s
    glcore (total internal programs: 1, unique: 1)
    vulkan (total internal programs: 1, unique: 1)
Compiling shader "Legacy Shaders/VertexLit"
  Pass "" (vp)
    Target graphics API: glcore
    Full variant space:         12
    After settings filtering:   12
    After built-in stripping:   3
    After scriptable stripping: 3
    Processed in 0.00 seconds
    Target graphics API: vulkan
    Full variant space:         12
    After settings filtering:   12
    After built-in stripping:   3
    After scriptable stripping: 3
    Processed in 0.00 seconds
  Pass "" (vp)
    Target graphics API: glcore
    Full variant space:         4
    After settings filtering:   4
    After built-in stripping:   1
    After scriptable stripping: 1
    Processed in 0.00 seconds
    Target graphics API: vulkan
    Full variant space:         4
    After settings filtering:   4
    After built-in stripping:   1
    After scriptable stripping: 1
    Processed in 0.00 seconds
  Pass "ShadowCaster" (vp)
    Target graphics API: glcore
    Full variant space:         4
    After settings filtering:   4
    After built-in stripping:   2
    After scriptable stripping: 2
    Processed in 0.00 seconds
    Target graphics API: vulkan
    Full variant space:         4
    After settings filtering:   4
    After built-in stripping:   2
    After scriptable stripping: 2
    Processed in 0.00 seconds
  Pass  (vp, glcore) finished in 0.00 seconds. Local cache hits 3 (0.00s CPU time), remote cache hits 0 (0.00s CPU time), compiled 0 variants (0.00s CPU time), skipped 0 variants.
  Pass  (vp, vulkan) finished in 0.00 seconds. Local cache hits 3 (0.00s CPU time), remote cache hits 0 (0.00s CPU time), compiled 0 variants (0.00s CPU time), skipped 0 variants.
    Prepared data for serialisation in 0.00s
  Pass  (vp, glcore) finished in 0.00 seconds. Local cache hits 1 (0.00s CPU time), remote cache hits 0 (0.00s CPU time), compiled 0 variants (0.00s CPU time), skipped 0 variants.
  Pass  (vp, vulkan) finished in 0.05 seconds. Local cache hits 1 (0.05s CPU time), remote cache hits 0 (0.00s CPU time), compiled 0 variants (0.00s CPU time), skipped 0 variants.
    Prepared data for serialisation in 0.00s
  Pass ShadowCaster (vp, glcore) finished in 0.05 seconds. Local cache hits 2 (0.00s CPU time), remote cache hits 0 (0.00s CPU time), compiled 0 variants (0.00s CPU time), skipped 0 variants.
  Pass ShadowCaster (vp, vulkan) finished in 0.05 seconds. Local cache hits 2 (0.00s CPU time), remote cache hits 0 (0.00s CPU time), compiled 0 variants (0.00s CPU time), skipped 0 variants.
    Prepared data for serialisation in 0.00s
Serialized binary data for shader Legacy Shaders/VertexLit in 0.00s
    glcore (total internal programs: 6, unique: 6)
    vulkan (total internal programs: 6, unique: 6)
Compiling shader "Legacy Shaders/Diffuse"
  Pass "FORWARD" (vp)
    Target graphics API: glcore
    Full variant space:         664
    After settings filtering:   664
    After built-in stripping:   8
    After scriptable stripping: 8
    Processed in 0.00 seconds
    Target graphics API: vulkan
    Full variant space:         664
    After settings filtering:   664
    After built-in stripping:   8
    After scriptable stripping: 8
    Processed in 0.00 seconds
  Pass "FORWARD" (vp)
    Target graphics API: glcore
    Full variant space:         20
    After settings filtering:   20
    After built-in stripping:   5
    After scriptable stripping: 5
    Processed in 0.00 seconds
    Target graphics API: vulkan
    Full variant space:         20
    After settings filtering:   20
    After built-in stripping:   5
    After scriptable stripping: 5
    Processed in 0.00 seconds
  Pass "DEFERRED" (vp)
    Target graphics API: glcore
    Full variant space:         76
    After settings filtering:   76
    After built-in stripping:   4
    After scriptable stripping: 4
    Processed in 0.00 seconds
    Target graphics API: vulkan
    Full variant space:         76
    After settings filtering:   76
    After built-in stripping:   4
    After scriptable stripping: 4
    Processed in 0.00 seconds
  Pass FORWARD (vp, glcore) finished in 0.00 seconds. Local cache hits 8 (0.00s CPU time), remote cache hits 0 (0.00s CPU time), compiled 0 variants (0.00s CPU time), skipped 0 variants.
  Pass FORWARD (vp, vulkan) finished in 0.00 seconds. Local cache hits 8 (0.00s CPU time), remote cache hits 0 (0.00s CPU time), compiled 0 variants (0.00s CPU time), skipped 0 variants.
    Prepared data for serialisation in 0.00s
  Pass FORWARD (vp, glcore) finished in 0.00 seconds. Local cache hits 5 (0.00s CPU time), remote cache hits 0 (0.00s CPU time), compiled 0 variants (0.00s CPU time), skipped 0 variants.
  Pass FORWARD (vp, vulkan) finished in 0.00 seconds. Local cache hits 5 (0.00s CPU time), remote cache hits 0 (0.00s CPU time), compiled 0 variants (0.00s CPU time), skipped 0 variants.
    Prepared data for serialisation in 0.00s
  Pass DEFERRED (vp, glcore) finished in 0.00 seconds. Local cache hits 4 (0.00s CPU time), remote cache hits 0 (0.00s CPU time), compiled 0 variants (0.00s CPU time), skipped 0 variants.
  Pass DEFERRED (vp, vulkan) finished in 0.00 seconds. Local cache hits 4 (0.00s CPU time), remote cache hits 0 (0.00s CPU time), compiled 0 variants (0.00s CPU time), skipped 0 variants.
    Prepared data for serialisation in 0.00s
Serialized binary data for shader Legacy Shaders/Diffuse in 0.00s
    glcore (total internal programs: 17, unique: 17)
    vulkan (total internal programs: 17, unique: 17)
Compiling shader "Hidden/Internal-StencilWrite"
  Pass "" (vp)
    Target graphics API: glcore
    Full variant space:         1
    After settings filtering:   1
    After built-in stripping:   1
    After scriptable stripping: 1
    Processed in 0.00 seconds
    Target graphics API: vulkan
    Full variant space:         1
    After settings filtering:   1
    After built-in stripping:   1
    After scriptable stripping: 1
    Processed in 0.00 seconds
  Pass  (vp, glcore) finished in 0.00 seconds. Local cache hits 1 (0.00s CPU time), remote cache hits 0 (0.00s CPU time), compiled 0 variants (0.00s CPU time), skipped 0 variants.
  Pass  (vp, vulkan) finished in 0.00 seconds. Local cache hits 1 (0.00s CPU time), remote cache hits 0 (0.00s CPU time), compiled 0 variants (0.00s CPU time), skipped 0 variants.
    Prepared data for serialisation in 0.00s
Serialized binary data for shader Hidden/Internal-StencilWrite in 0.00s
    glcore (total internal programs: 1, unique: 1)
    vulkan (total internal programs: 1, unique: 1)
Compiling shader "Hidden/Internal-DepthNormalsTexture"
  Pass "" (vp)
    Target graphics API: glcore
    Full variant space:         1
    After settings filtering:   1
    After built-in stripping:   1
    After scriptable stripping: 1
    Processed in 0.00 seconds
    Target graphics API: vulkan
    Full variant space:         1
    After settings filtering:   1
    After built-in stripping:   1
    After scriptable stripping: 1
    Processed in 0.00 seconds
  Pass "" (vp)
    Target graphics API: glcore
    Full variant space:         1
    After settings filtering:   1
    After built-in stripping:   1
    After scriptable stripping: 1
    Processed in 0.00 seconds
    Target graphics API: vulkan
    Full variant space:         1
    After settings filtering:   1
    After built-in stripping:   1
    After scriptable stripping: 1
    Processed in 0.00 seconds
  Pass "" (vp)
    Target graphics API: glcore
    Full variant space:         1
    After settings filtering:   1
    After built-in stripping:   1
    After scriptable stripping: 1
    Processed in 0.00 seconds
    Target graphics API: vulkan
    Full variant space:         1
    After settings filtering:   1
    After built-in stripping:   1
    After scriptable stripping: 1
    Processed in 0.00 seconds
  Pass "" (vp)
    Target graphics API: glcore
    Full variant space:         1
    After settings filtering:   1
    After built-in stripping:   1
    After scriptable stripping: 1
    Processed in 0.00 seconds
    Target graphics API: vulkan
    Full variant space:         1
    After settings filtering:   1
    After built-in stripping:   1
    After scriptable stripping: 1
    Processed in 0.00 seconds
  Pass "" (vp)
    Target graphics API: glcore
    Full variant space:         1
    After settings filtering:   1
    After built-in stripping:   1
    After scriptable stripping: 1
    Processed in 0.00 seconds
    Target graphics API: vulkan
    Full variant space:         1
    After settings filtering:   1
    After built-in stripping:   1
    After scriptable stripping: 1
    Processed in 0.00 seconds
  Pass "" (vp)
    Target graphics API: glcore
    Full variant space:         1
    After settings filtering:   1
    After built-in stripping:   1
    After scriptable stripping: 1
    Processed in 0.00 seconds
    Target graphics API: vulkan
    Full variant space:         1
    After settings filtering:   1
    After built-in stripping:   1
    After scriptable stripping: 1
    Processed in 0.00 seconds
  Pass "" (vp)
    Target graphics API: glcore
    Full variant space:         1
    After settings filtering:   1
    After built-in stripping:   1
    After scriptable stripping: 1
    Processed in 0.00 seconds
    Target graphics API: vulkan
    Full variant space:         1
    After settings filtering:   1
    After built-in stripping:   1
    After scriptable stripping: 1
    Processed in 0.00 seconds
  Pass "" (vp)
    Target graphics API: glcore
    Full variant space:         1
    After settings filtering:   1
    After built-in stripping:   1
    After scriptable stripping: 1
    Processed in 0.00 seconds
    Target graphics API: vulkan
    Full variant space:         1
    After settings filtering:   1
    After built-in stripping:   1
    After scriptable stripping: 1
    Processed in 0.00 seconds
  Pass "" (vp)
    Target graphics API: glcore
    Full variant space:         1
    After settings filtering:   1
    After built-in stripping:   1
    After scriptable stripping: 1
    Processed in 0.00 seconds
    Target graphics API: vulkan
    Full variant space:         1
    After settings filtering:   1
    After built-in stripping:   1
    After scriptable stripping: 1
    Processed in 0.00 seconds
  Pass "" (vp)
    Target graphics API: glcore
    Full variant space:         1
    After settings filtering:   1
    After built-in stripping:   1
    After scriptable stripping: 1
    Processed in 0.00 seconds
    Target graphics API: vulkan
    Full variant space:         1
    After settings filtering:   1
    After built-in stripping:   1
    After scriptable stripping: 1
    Processed in 0.00 seconds
  Pass  (vp, glcore) finished in 0.00 seconds. Local cache hits 1 (0.00s CPU time), remote cache hits 0 (0.00s CPU time), compiled 0 variants (0.00s CPU time), skipped 0 variants.
  Pass  (vp, vulkan) finished in 0.00 seconds. Local cache hits 1 (0.00s CPU time), remote cache hits 0 (0.00s CPU time), compiled 0 variants (0.00s CPU time), skipped 0 variants.
    Prepared data for serialisation in 0.00s
  Pass  (vp, glcore) finished in 0.00 seconds. Local cache hits 1 (0.00s CPU time), remote cache hits 0 (0.00s CPU time), compiled 0 variants (0.00s CPU time), skipped 0 variants.
  Pass  (vp, vulkan) finished in 0.00 seconds. Local cache hits 1 (0.00s CPU time), remote cache hits 0 (0.00s CPU time), compiled 0 variants (0.00s CPU time), skipped 0 variants.
    Prepared data for serialisation in 0.00s
  Pass  (vp, glcore) finished in 0.00 seconds. Local cache hits 1 (0.00s CPU time), remote cache hits 0 (0.00s CPU time), compiled 0 variants (0.00s CPU time), skipped 0 variants.
  Pass  (vp, vulkan) finished in 0.00 seconds. Local cache hits 1 (0.00s CPU time), remote cache hits 0 (0.00s CPU time), compiled 0 variants (0.00s CPU time), skipped 0 variants.
    Prepared data for serialisation in 0.00s
  Pass  (vp, glcore) finished in 0.00 seconds. Local cache hits 1 (0.00s CPU time), remote cache hits 0 (0.00s CPU time), compiled 0 variants (0.00s CPU time), skipped 0 variants.
  Pass  (vp, vulkan) finished in 0.00 seconds. Local cache hits 1 (0.00s CPU time), remote cache hits 0 (0.00s CPU time), compiled 0 variants (0.00s CPU time), skipped 0 variants.
    Prepared data for serialisation in 0.00s
  Pass  (vp, glcore) finished in 0.00 seconds. Local cache hits 1 (0.00s CPU time), remote cache hits 0 (0.00s CPU time), compiled 0 variants (0.00s CPU time), skipped 0 variants.
  Pass  (vp, vulkan) finished in 0.00 seconds. Local cache hits 1 (0.00s CPU time), remote cache hits 0 (0.00s CPU time), compiled 0 variants (0.00s CPU time), skipped 0 variants.
    Prepared data for serialisation in 0.00s
  Pass  (vp, glcore) finished in 0.00 seconds. Local cache hits 1 (0.00s CPU time), remote cache hits 0 (0.00s CPU time), compiled 0 variants (0.00s CPU time), skipped 0 variants.
  Pass  (vp, vulkan) finished in 0.00 seconds. Local cache hits 1 (0.00s CPU time), remote cache hits 0 (0.00s CPU time), compiled 0 variants (0.00s CPU time), skipped 0 variants.
    Prepared data for serialisation in 0.00s
  Pass  (vp, glcore) finished in 0.00 seconds. Local cache hits 1 (0.00s CPU time), remote cache hits 0 (0.00s CPU time), compiled 0 variants (0.00s CPU time), skipped 0 variants.
  Pass  (vp, vulkan) finished in 0.00 seconds. Local cache hits 1 (0.00s CPU time), remote cache hits 0 (0.00s CPU time), compiled 0 variants (0.00s CPU time), skipped 0 variants.
    Prepared data for serialisation in 0.00s
  Pass  (vp, glcore) finished in 0.00 seconds. Local cache hits 1 (0.00s CPU time), remote cache hits 0 (0.00s CPU time), compiled 0 variants (0.00s CPU time), skipped 0 variants.
  Pass  (vp, vulkan) finished in 0.00 seconds. Local cache hits 1 (0.00s CPU time), remote cache hits 0 (0.00s CPU time), compiled 0 variants (0.00s CPU time), skipped 0 variants.
    Prepared data for serialisation in 0.00s
  Pass  (vp, glcore) finished in 0.00 seconds. Local cache hits 1 (0.00s CPU time), remote cache hits 0 (0.00s CPU time), compiled 0 variants (0.00s CPU time), skipped 0 variants.
  Pass  (vp, vulkan) finished in 0.00 seconds. Local cache hits 1 (0.00s CPU time), remote cache hits 0 (0.00s CPU time), compiled 0 variants (0.00s CPU time), skipped 0 variants.
    Prepared data for serialisation in 0.00s
  Pass  (vp, glcore) finished in 0.00 seconds. Local cache hits 1 (0.00s CPU time), remote cache hits 0 (0.00s CPU time), compiled 0 variants (0.00s CPU time), skipped 0 variants.
  Pass  (vp, vulkan) finished in 0.00 seconds. Local cache hits 1 (0.00s CPU time), remote cache hits 0 (0.00s CPU time), compiled 0 variants (0.00s CPU time), skipped 0 variants.
    Prepared data for serialisation in 0.00s
Serialized binary data for shader Hidden/Internal-DepthNormalsTexture in 0.00s
    glcore (total internal programs: 10, unique: 10)
    vulkan (total internal programs: 10, unique: 10)
Compiling shader "Hidden/Internal-ScreenSpaceShadows"
  Pass "" (vp)
    Target graphics API: glcore
    Full variant space:         4
    After settings filtering:   4
    After built-in stripping:   4
    After scriptable stripping: 4
    Processed in 0.00 seconds
    Target graphics API: vulkan
    Full variant space:         4
    After settings filtering:   4
    After built-in stripping:   4
    After scriptable stripping: 4
    Processed in 0.00 seconds
  Pass "" (vp)
    Target graphics API: glcore
    Full variant space:         4
    After settings filtering:   4
    After built-in stripping:   4
    After scriptable stripping: 4
    Processed in 0.00 seconds
    Target graphics API: vulkan
    Full variant space:         4
    After settings filtering:   4
    After built-in stripping:   4
    After scriptable stripping: 4
    Processed in 0.00 seconds
  Pass "" (vp)
    Target graphics API: glcore
    Full variant space:         4
    After settings filtering:   4
    After built-in stripping:   4
    After scriptable stripping: 4
    Processed in 0.00 seconds
    Target graphics API: vulkan
    Full variant space:         4
    After settings filtering:   4
    After built-in stripping:   4
    After scriptable stripping: 4
    Processed in 0.00 seconds
  Pass "" (vp)
    Target graphics API: glcore
    Full variant space:         4
    After settings filtering:   4
    After built-in stripping:   4
    After scriptable stripping: 4
    Processed in 0.00 seconds
    Target graphics API: vulkan
    Full variant space:         4
    After settings filtering:   4
    After built-in stripping:   4
    After scriptable stripping: 4
    Processed in 0.00 seconds
  Pass  (vp, glcore) finished in 0.00 seconds. Local cache hits 4 (0.00s CPU time), remote cache hits 0 (0.00s CPU time), compiled 0 variants (0.00s CPU time), skipped 0 variants.
  Pass  (vp, vulkan) finished in 0.00 seconds. Local cache hits 4 (0.00s CPU time), remote cache hits 0 (0.00s CPU time), compiled 0 variants (0.00s CPU time), skipped 0 variants.
    Prepared data for serialisation in 0.00s
  Pass  (vp, glcore) finished in 0.00 seconds. Local cache hits 4 (0.00s CPU time), remote cache hits 0 (0.00s CPU time), compiled 0 variants (0.00s CPU time), skipped 0 variants.
  Pass  (vp, vulkan) finished in 0.00 seconds. Local cache hits 4 (0.00s CPU time), remote cache hits 0 (0.00s CPU time), compiled 0 variants (0.00s CPU time), skipped 0 variants.
    Prepared data for serialisation in 0.00s
  Pass  (vp, glcore) finished in 0.00 seconds. Local cache hits 4 (0.00s CPU time), remote cache hits 0 (0.00s CPU time), compiled 0 variants (0.00s CPU time), skipped 0 variants.
  Pass  (vp, vulkan) finished in 0.00 seconds. Local cache hits 4 (0.00s CPU time), remote cache hits 0 (0.00s CPU time), compiled 0 variants (0.00s CPU time), skipped 0 variants.
    Prepared data for serialisation in 0.00s
  Pass  (vp, glcore) finished in 0.00 seconds. Local cache hits 4 (0.00s CPU time), remote cache hits 0 (0.00s CPU time), compiled 0 variants (0.00s CPU time), skipped 0 variants.
  Pass  (vp, vulkan) finished in 0.00 seconds. Local cache hits 4 (0.00s CPU time), remote cache hits 0 (0.00s CPU time), compiled 0 variants (0.00s CPU time), skipped 0 variants.
    Prepared data for serialisation in 0.00s
Serialized binary data for shader Hidden/Internal-ScreenSpaceShadows in 0.00s
    glcore (total internal programs: 16, unique: 16)
    vulkan (total internal programs: 16, unique: 16)
Compiling shader "Hidden/Internal-CombineDepthNormals"
  Pass "" (vp)
    Target graphics API: glcore
    Full variant space:         1
    After settings filtering:   1
    After built-in stripping:   1
    After scriptable stripping: 1
    Processed in 0.00 seconds
    Target graphics API: vulkan
    Full variant space:         1
    After settings filtering:   1
    After built-in stripping:   1
    After scriptable stripping: 1
    Processed in 0.00 seconds
  Pass  (vp, glcore) finished in 0.00 seconds. Local cache hits 1 (0.00s CPU time), remote cache hits 0 (0.00s CPU time), compiled 0 variants (0.00s CPU time), skipped 0 variants.
  Pass  (vp, vulkan) finished in 0.00 seconds. Local cache hits 1 (0.00s CPU time), remote cache hits 0 (0.00s CPU time), compiled 0 variants (0.00s CPU time), skipped 0 variants.
    Prepared data for serialisation in 0.00s
Serialized binary data for shader Hidden/Internal-CombineDepthNormals in 0.00s
    glcore (total internal programs: 1, unique: 1)
    vulkan (total internal programs: 1, unique: 1)
Compiling shader "Hidden/BlitCopy"
  Pass "" (vp)
    Target graphics API: glcore
    Full variant space:         1
    After settings filtering:   1
    After built-in stripping:   1
    After scriptable stripping: 1
    Processed in 0.00 seconds
    Target graphics API: vulkan
    Full variant space:         1
    After settings filtering:   1
    After built-in stripping:   1
    After scriptable stripping: 1
    Processed in 0.00 seconds
  Pass  (vp, glcore) finished in 0.00 seconds. Local cache hits 1 (0.00s CPU time), remote cache hits 0 (0.00s CPU time), compiled 0 variants (0.00s CPU time), skipped 0 variants.
  Pass  (vp, vulkan) finished in 0.00 seconds. Local cache hits 1 (0.00s CPU time), remote cache hits 0 (0.00s CPU time), compiled 0 variants (0.00s CPU time), skipped 0 variants.
    Prepared data for serialisation in 0.00s
Serialized binary data for shader Hidden/BlitCopy in 0.00s
    glcore (total internal programs: 1, unique: 1)
    vulkan (total internal programs: 1, unique: 1)
Compiling shader "Hidden/BlitCopyDepth"
  Pass "" (vp)
    Target graphics API: glcore
    Full variant space:         1
    After settings filtering:   1
    After built-in stripping:   1
    After scriptable stripping: 1
    Processed in 0.00 seconds
    Target graphics API: vulkan
    Full variant space:         1
    After settings filtering:   1
    After built-in stripping:   1
    After scriptable stripping: 1
    Processed in 0.00 seconds
  Pass  (vp, glcore) finished in 0.00 seconds. Local cache hits 1 (0.00s CPU time), remote cache hits 0 (0.00s CPU time), compiled 0 variants (0.00s CPU time), skipped 0 variants.
  Pass  (vp, vulkan) finished in 0.00 seconds. Local cache hits 1 (0.00s CPU time), remote cache hits 0 (0.00s CPU time), compiled 0 variants (0.00s CPU time), skipped 0 variants.
    Prepared data for serialisation in 0.00s
Serialized binary data for shader Hidden/BlitCopyDepth in 0.00s
    glcore (total internal programs: 1, unique: 1)
    vulkan (total internal programs: 1, unique: 1)
Compiling shader "Hidden/ConvertTexture"
  Pass "" (vp)
    Target graphics API: glcore
    Full variant space:         1
    After settings filtering:   1
    After built-in stripping:   1
    After scriptable stripping: 1
    Processed in 0.00 seconds
    Target graphics API: vulkan
    Full variant space:         1
    After settings filtering:   1
    After built-in stripping:   1
    After scriptable stripping: 1
    Processed in 0.00 seconds
  Pass  (vp, glcore) finished in 0.00 seconds. Local cache hits 1 (0.00s CPU time), remote cache hits 0 (0.00s CPU time), compiled 0 variants (0.00s CPU time), skipped 0 variants.
  Pass  (vp, vulkan) finished in 0.00 seconds. Local cache hits 1 (0.00s CPU time), remote cache hits 0 (0.00s CPU time), compiled 0 variants (0.00s CPU time), skipped 0 variants.
    Prepared data for serialisation in 0.00s
Serialized binary data for shader Hidden/ConvertTexture in 0.00s
    glcore (total internal programs: 1, unique: 1)
    vulkan (total internal programs: 1, unique: 1)
Compiling shader "Hidden/Internal-DeferredShading"
  Pass "" (vp)
    Target graphics API: glcore
    Full variant space:         94
    After settings filtering:   94
    After built-in stripping:   26
    After scriptable stripping: 26
    Processed in 0.00 seconds
    Target graphics API: vulkan
    Full variant space:         94
    After settings filtering:   94
    After built-in stripping:   26
    After scriptable stripping: 26
    Processed in 0.00 seconds
  Pass "" (vp)
    Target graphics API: glcore
    Full variant space:         1
    After settings filtering:   1
    After built-in stripping:   1
    After scriptable stripping: 1
    Processed in 0.00 seconds
    Target graphics API: vulkan
    Full variant space:         1
    After settings filtering:   1
    After built-in stripping:   1
    After scriptable stripping: 1
    Processed in 0.00 seconds
  Pass  (vp, glcore) finished in 0.00 seconds. Local cache hits 26 (0.01s CPU time), remote cache hits 0 (0.00s CPU time), compiled 0 variants (0.00s CPU time), skipped 0 variants.
  Pass  (vp, vulkan) finished in 0.00 seconds. Local cache hits 26 (0.01s CPU time), remote cache hits 0 (0.00s CPU time), compiled 0 variants (0.00s CPU time), skipped 0 variants.
    Prepared data for serialisation in 0.00s
  Pass  (vp, glcore) finished in 0.00 seconds. Local cache hits 1 (0.00s CPU time), remote cache hits 0 (0.00s CPU time), compiled 0 variants (0.00s CPU time), skipped 0 variants.
  Pass  (vp, vulkan) finished in 0.00 seconds. Local cache hits 1 (0.00s CPU time), remote cache hits 0 (0.00s CPU time), compiled 0 variants (0.00s CPU time), skipped 0 variants.
    Prepared data for serialisation in 0.00s
Serialized binary data for shader Hidden/Internal-DeferredShading in 0.00s
    glcore (total internal programs: 27, unique: 27)
    vulkan (total internal programs: 27, unique: 27)
Compiling shader "Hidden/Internal-DeferredReflections"
  Pass "" (vp)
    Target graphics API: glcore
    Full variant space:         1
    After settings filtering:   1
    After built-in stripping:   1
    After scriptable stripping: 1
    Processed in 0.00 seconds
    Target graphics API: vulkan
    Full variant space:         1
    After settings filtering:   1
    After built-in stripping:   1
    After scriptable stripping: 1
    Processed in 0.00 seconds
  Pass "" (vp)
    Target graphics API: glcore
    Full variant space:         2
    After settings filtering:   2
    After built-in stripping:   2
    After scriptable stripping: 2
    Processed in 0.00 seconds
    Target graphics API: vulkan
    Full variant space:         2
    After settings filtering:   2
    After built-in stripping:   2
    After scriptable stripping: 2
    Processed in 0.00 seconds
  Pass  (vp, glcore) finished in 0.00 seconds. Local cache hits 1 (0.00s CPU time), remote cache hits 0 (0.00s CPU time), compiled 0 variants (0.00s CPU time), skipped 0 variants.
  Pass  (vp, vulkan) finished in 0.00 seconds. Local cache hits 1 (0.00s CPU time), remote cache hits 0 (0.00s CPU time), compiled 0 variants (0.00s CPU time), skipped 0 variants.
    Prepared data for serialisation in 0.00s
  Pass  (vp, glcore) finished in 0.00 seconds. Local cache hits 2 (0.00s CPU time), remote cache hits 0 (0.00s CPU time), compiled 0 variants (0.00s CPU time), skipped 0 variants.
  Pass  (vp, vulkan) finished in 0.00 seconds. Local cache hits 2 (0.00s CPU time), remote cache hits 0 (0.00s CPU time), compiled 0 variants (0.00s CPU time), skipped 0 variants.
    Prepared data for serialisation in 0.00s
Serialized binary data for shader Hidden/Internal-DeferredReflections in 0.00s
    glcore (total internal programs: 3, unique: 3)
    vulkan (total internal programs: 3, unique: 3)
Compiling shader "Hidden/Internal-MotionVectors"
  Pass "" (vp)
    Target graphics API: glcore
    Full variant space:         1
    After settings filtering:   1
    After built-in stripping:   1
    After scriptable stripping: 1
    Processed in 0.00 seconds
    Target graphics API: vulkan
    Full variant space:         1
    After settings filtering:   1
    After built-in stripping:   1
    After scriptable stripping: 1
    Processed in 0.00 seconds
  Pass "" (vp)
    Target graphics API: glcore
    Full variant space:         1
    After settings filtering:   1
    After built-in stripping:   1
    After scriptable stripping: 1
    Processed in 0.00 seconds
    Target graphics API: vulkan
    Full variant space:         1
    After settings filtering:   1
    After built-in stripping:   1
    After scriptable stripping: 1
    Processed in 0.00 seconds
  Pass "" (vp)
    Target graphics API: glcore
    Full variant space:         1
    After settings filtering:   1
    After built-in stripping:   1
    After scriptable stripping: 1
    Processed in 0.00 seconds
    Target graphics API: vulkan
    Full variant space:         1
    After settings filtering:   1
    After built-in stripping:   1
    After scriptable stripping: 1
    Processed in 0.00 seconds
  Pass  (vp, glcore) finished in 0.00 seconds. Local cache hits 1 (0.00s CPU time), remote cache hits 0 (0.00s CPU time), compiled 0 variants (0.00s CPU time), skipped 0 variants.
  Pass  (vp, vulkan) finished in 0.00 seconds. Local cache hits 1 (0.00s CPU time), remote cache hits 0 (0.00s CPU time), compiled 0 variants (0.00s CPU time), skipped 0 variants.
    Prepared data for serialisation in 0.00s
  Pass  (vp, glcore) finished in 0.00 seconds. Local cache hits 1 (0.00s CPU time), remote cache hits 0 (0.00s CPU time), compiled 0 variants (0.00s CPU time), skipped 0 variants.
  Pass  (vp, vulkan) finished in 0.00 seconds. Local cache hits 1 (0.00s CPU time), remote cache hits 0 (0.00s CPU time), compiled 0 variants (0.00s CPU time), skipped 0 variants.
    Prepared data for serialisation in 0.00s
  Pass  (vp, glcore) finished in 0.00 seconds. Local cache hits 1 (0.00s CPU time), remote cache hits 0 (0.00s CPU time), compiled 0 variants (0.00s CPU time), skipped 0 variants.
  Pass  (vp, vulkan) finished in 0.00 seconds. Local cache hits 1 (0.00s CPU time), remote cache hits 0 (0.00s CPU time), compiled 0 variants (0.00s CPU time), skipped 0 variants.
    Prepared data for serialisation in 0.00s
Serialized binary data for shader Hidden/Internal-MotionVectors in 0.00s
    glcore (total internal programs: 3, unique: 3)
    vulkan (total internal programs: 3, unique: 3)
Compiling shader "Hidden/Internal-Flare"
  Pass "" (vp)
    Target graphics API: glcore
    Full variant space:         1
    After settings filtering:   1
    After built-in stripping:   1
    After scriptable stripping: 1
    Processed in 0.00 seconds
    Target graphics API: vulkan
    Full variant space:         1
    After settings filtering:   1
    After built-in stripping:   1
    After scriptable stripping: 1
    Processed in 0.00 seconds
  Pass  (vp, glcore) finished in 0.00 seconds. Local cache hits 1 (0.00s CPU time), remote cache hits 0 (0.00s CPU time), compiled 0 variants (0.00s CPU time), skipped 0 variants.
  Pass  (vp, vulkan) finished in 0.00 seconds. Local cache hits 1 (0.00s CPU time), remote cache hits 0 (0.00s CPU time), compiled 0 variants (0.00s CPU time), skipped 0 variants.
    Prepared data for serialisation in 0.00s
Serialized binary data for shader Hidden/Internal-Flare in 0.00s
    glcore (total internal programs: 1, unique: 1)
    vulkan (total internal programs: 1, unique: 1)
Compiling shader "Hidden/Internal-Halo"
  Pass "" (vp)
    Target graphics API: glcore
    Full variant space:         4
    After settings filtering:   4
    After built-in stripping:   1
    After scriptable stripping: 1
    Processed in 0.00 seconds
    Target graphics API: vulkan
    Full variant space:         4
    After settings filtering:   4
    After built-in stripping:   1
    After scriptable stripping: 1
    Processed in 0.00 seconds
  Pass  (vp, glcore) finished in 0.00 seconds. Local cache hits 1 (0.00s CPU time), remote cache hits 0 (0.00s CPU time), compiled 0 variants (0.00s CPU time), skipped 0 variants.
  Pass  (vp, vulkan) finished in 0.00 seconds. Local cache hits 1 (0.00s CPU time), remote cache hits 0 (0.00s CPU time), compiled 0 variants (0.00s CPU time), skipped 0 variants.
    Prepared data for serialisation in 0.00s
Serialized binary data for shader Hidden/Internal-Halo in 0.00s
    glcore (total internal programs: 1, unique: 1)
    vulkan (total internal programs: 1, unique: 1)
Compiling shader "Hidden/BlitCopyWithDepth"
  Pass "" (vp)
    Target graphics API: glcore
    Full variant space:         1
    After settings filtering:   1
    After built-in stripping:   1
    After scriptable stripping: 1
    Processed in 0.00 seconds
    Target graphics API: vulkan
    Full variant space:         1
    After settings filtering:   1
    After built-in stripping:   1
    After scriptable stripping: 1
    Processed in 0.00 seconds
  Pass  (vp, glcore) finished in 0.00 seconds. Local cache hits 1 (0.00s CPU time), remote cache hits 0 (0.00s CPU time), compiled 0 variants (0.00s CPU time), skipped 0 variants.
  Pass  (vp, vulkan) finished in 0.00 seconds. Local cache hits 1 (0.00s CPU time), remote cache hits 0 (0.00s CPU time), compiled 0 variants (0.00s CPU time), skipped 0 variants.
    Prepared data for serialisation in 0.00s
Serialized binary data for shader Hidden/BlitCopyWithDepth in 0.00s
    glcore (total internal programs: 1, unique: 1)
    vulkan (total internal programs: 1, unique: 1)
Compiling shader "Hidden/BlitToDepth"
  Pass "" (vp)
    Target graphics API: glcore
    Full variant space:         1
    After settings filtering:   1
    After built-in stripping:   1
    After scriptable stripping: 1
    Processed in 0.00 seconds
    Target graphics API: vulkan
    Full variant space:         1
    After settings filtering:   1
    After built-in stripping:   1
    After scriptable stripping: 1
    Processed in 0.00 seconds
  Pass  (vp, glcore) finished in 0.00 seconds. Local cache hits 1 (0.00s CPU time), remote cache hits 0 (0.00s CPU time), compiled 0 variants (0.00s CPU time), skipped 0 variants.
  Pass  (vp, vulkan) finished in 0.00 seconds. Local cache hits 1 (0.00s CPU time), remote cache hits 0 (0.00s CPU time), compiled 0 variants (0.00s CPU time), skipped 0 variants.
    Prepared data for serialisation in 0.00s
Serialized binary data for shader Hidden/BlitToDepth in 0.00s
    glcore (total internal programs: 1, unique: 1)
    vulkan (total internal programs: 1, unique: 1)
Compiling shader "Hidden/BlitToDepth_MSAA"
  Pass "" (vp)
    Target graphics API: glcore
    Full variant space:         1
    After settings filtering:   1
    After built-in stripping:   1
    After scriptable stripping: 1
    Processed in 0.00 seconds
    Target graphics API: vulkan
    Full variant space:         1
    After settings filtering:   1
    After built-in stripping:   1
    After scriptable stripping: 1
    Processed in 0.00 seconds
  Pass  (vp, glcore) finished in 0.00 seconds. Local cache hits 1 (0.00s CPU time), remote cache hits 0 (0.00s CPU time), compiled 0 variants (0.00s CPU time), skipped 0 variants.
  Pass  (vp, vulkan) finished in 0.00 seconds. Local cache hits 1 (0.00s CPU time), remote cache hits 0 (0.00s CPU time), compiled 0 variants (0.00s CPU time), skipped 0 variants.
    Prepared data for serialisation in 0.00s
Serialized binary data for shader Hidden/BlitToDepth_MSAA in 0.00s
    glcore (total internal programs: 1, unique: 1)
    vulkan (total internal programs: 1, unique: 1)
Compiling shader "Hidden/BlitCopyHDRTonemap"
  Pass "" (vp)
    Target graphics API: glcore
    Full variant space:         1
    After settings filtering:   1
    After built-in stripping:   1
    After scriptable stripping: 1
    Processed in 0.00 seconds
    Target graphics API: vulkan
    Full variant space:         1
    After settings filtering:   1
    After built-in stripping:   1
    After scriptable stripping: 1
    Processed in 0.00 seconds
  Pass  (vp, glcore) finished in 0.00 seconds. Local cache hits 1 (0.00s CPU time), remote cache hits 0 (0.00s CPU time), compiled 0 variants (0.00s CPU time), skipped 0 variants.
  Pass  (vp, vulkan) finished in 0.00 seconds. Local cache hits 1 (0.00s CPU time), remote cache hits 0 (0.00s CPU time), compiled 0 variants (0.00s CPU time), skipped 0 variants.
    Prepared data for serialisation in 0.00s
Serialized binary data for shader Hidden/BlitCopyHDRTonemap in 0.00s
    glcore (total internal programs: 1, unique: 1)
    vulkan (total internal programs: 1, unique: 1)
Compiling shader "Hidden/Internal-DebugPattern"
  Pass "Target Color and DepthStencil" (vp)
    Target graphics API: glcore
    Full variant space:         1
    After settings filtering:   1
    After built-in stripping:   1
    After scriptable stripping: 1
    Processed in 0.00 seconds
    Target graphics API: vulkan
    Full variant space:         1
    After settings filtering:   1
    After built-in stripping:   1
    After scriptable stripping: 1
    Processed in 0.00 seconds
  Pass "Target only Color" (vp)
    Target graphics API: glcore
    Full variant space:         1
    After settings filtering:   1
    After built-in stripping:   1
    After scriptable stripping: 1
    Processed in 0.00 seconds
    Target graphics API: vulkan
    Full variant space:         1
    After settings filtering:   1
    After built-in stripping:   1
    After scriptable stripping: 1
    Processed in 0.00 seconds
  Pass "Target only DepthStencil" (vp)
    Target graphics API: glcore
    Full variant space:         1
    After settings filtering:   1
    After built-in stripping:   1
    After scriptable stripping: 1
    Processed in 0.00 seconds
    Target graphics API: vulkan
    Full variant space:         1
    After settings filtering:   1
    After built-in stripping:   1
    After scriptable stripping: 1
    Processed in 0.00 seconds
  Pass Target Color and DepthStencil (vp, glcore) finished in 0.00 seconds. Local cache hits 1 (0.00s CPU time), remote cache hits 0 (0.00s CPU time), compiled 0 variants (0.00s CPU time), skipped 0 variants.
  Pass Target Color and DepthStencil (vp, vulkan) finished in 0.00 seconds. Local cache hits 1 (0.00s CPU time), remote cache hits 0 (0.00s CPU time), compiled 0 variants (0.00s CPU time), skipped 0 variants.
    Prepared data for serialisation in 0.00s
  Pass Target only Color (vp, glcore) finished in 0.00 seconds. Local cache hits 1 (0.00s CPU time), remote cache hits 0 (0.00s CPU time), compiled 0 variants (0.00s CPU time), skipped 0 variants.
  Pass Target only Color (vp, vulkan) finished in 0.00 seconds. Local cache hits 1 (0.00s CPU time), remote cache hits 0 (0.00s CPU time), compiled 0 variants (0.00s CPU time), skipped 0 variants.
    Prepared data for serialisation in 0.00s
  Pass Target only DepthStencil (vp, glcore) finished in 0.00 seconds. Local cache hits 1 (0.00s CPU time), remote cache hits 0 (0.00s CPU time), compiled 0 variants (0.00s CPU time), skipped 0 variants.
  Pass Target only DepthStencil (vp, vulkan) finished in 0.00 seconds. Local cache hits 1 (0.00s CPU time), remote cache hits 0 (0.00s CPU time), compiled 0 variants (0.00s CPU time), skipped 0 variants.
    Prepared data for serialisation in 0.00s
Serialized binary data for shader Hidden/Internal-DebugPattern in 0.00s
    glcore (total internal programs: 3, unique: 3)
    vulkan (total internal programs: 3, unique: 3)
Compiling shader "Hidden/Internal-GUITextureClip"
  Pass "" (vp)
    Target graphics API: glcore
    Full variant space:         1
    After settings filtering:   1
    After built-in stripping:   1
    After scriptable stripping: 1
    Processed in 0.00 seconds
    Target graphics API: vulkan
    Full variant space:         1
    After settings filtering:   1
    After built-in stripping:   1
    After scriptable stripping: 1
    Processed in 0.00 seconds
  Pass "" (vp)
    Target graphics API: glcore
    Full variant space:         1
    After settings filtering:   1
    After built-in stripping:   1
    After scriptable stripping: 1
    Processed in 0.00 seconds
    Target graphics API: vulkan
    Full variant space:         1
    After settings filtering:   1
    After built-in stripping:   1
    After scriptable stripping: 1
    Processed in 0.00 seconds
  Pass  (vp, glcore) finished in 0.00 seconds. Local cache hits 1 (0.00s CPU time), remote cache hits 0 (0.00s CPU time), compiled 0 variants (0.00s CPU time), skipped 0 variants.
  Pass  (vp, vulkan) finished in 0.00 seconds. Local cache hits 1 (0.00s CPU time), remote cache hits 0 (0.00s CPU time), compiled 0 variants (0.00s CPU time), skipped 0 variants.
    Prepared data for serialisation in 0.00s
  Pass  (vp, glcore) finished in 0.00 seconds. Local cache hits 1 (0.00s CPU time), remote cache hits 0 (0.00s CPU time), compiled 0 variants (0.00s CPU time), skipped 0 variants.
  Pass  (vp, vulkan) finished in 0.00 seconds. Local cache hits 1 (0.00s CPU time), remote cache hits 0 (0.00s CPU time), compiled 0 variants (0.00s CPU time), skipped 0 variants.
    Prepared data for serialisation in 0.00s
Serialized binary data for shader Hidden/Internal-GUITextureClip in 0.00s
    glcore (total internal programs: 2, unique: 1)
    vulkan (total internal programs: 2, unique: 1)
Compiling shader "Hidden/Internal-GUITextureClipText"
  Pass "" (vp)
    Target graphics API: glcore
    Full variant space:         1
    After settings filtering:   1
    After built-in stripping:   1
    After scriptable stripping: 1
    Processed in 0.00 seconds
    Target graphics API: vulkan
    Full variant space:         1
    After settings filtering:   1
    After built-in stripping:   1
    After scriptable stripping: 1
    Processed in 0.00 seconds
  Pass "" (vp)
    Target graphics API: glcore
    Full variant space:         1
    After settings filtering:   1
    After built-in stripping:   1
    After scriptable stripping: 1
    Processed in 0.00 seconds
    Target graphics API: vulkan
    Full variant space:         1
    After settings filtering:   1
    After built-in stripping:   1
    After scriptable stripping: 1
    Processed in 0.00 seconds
  Pass  (vp, glcore) finished in 0.00 seconds. Local cache hits 1 (0.00s CPU time), remote cache hits 0 (0.00s CPU time), compiled 0 variants (0.00s CPU time), skipped 0 variants.
  Pass  (vp, vulkan) finished in 0.00 seconds. Local cache hits 1 (0.00s CPU time), remote cache hits 0 (0.00s CPU time), compiled 0 variants (0.00s CPU time), skipped 0 variants.
    Prepared data for serialisation in 0.00s
  Pass  (vp, glcore) finished in 0.00 seconds. Local cache hits 1 (0.00s CPU time), remote cache hits 0 (0.00s CPU time), compiled 0 variants (0.00s CPU time), skipped 0 variants.
  Pass  (vp, vulkan) finished in 0.00 seconds. Local cache hits 1 (0.00s CPU time), remote cache hits 0 (0.00s CPU time), compiled 0 variants (0.00s CPU time), skipped 0 variants.
    Prepared data for serialisation in 0.00s
Serialized binary data for shader Hidden/Internal-GUITextureClipText in 0.00s
    glcore (total internal programs: 2, unique: 1)
    vulkan (total internal programs: 2, unique: 1)
Compiling shader "Hidden/Internal-GUITexture"
  Pass "" (vp)
    Target graphics API: glcore
    Full variant space:         1
    After settings filtering:   1
    After built-in stripping:   1
    After scriptable stripping: 1
    Processed in 0.00 seconds
    Target graphics API: vulkan
    Full variant space:         1
    After settings filtering:   1
    After built-in stripping:   1
    After scriptable stripping: 1
    Processed in 0.00 seconds
  Pass "" (vp)
    Target graphics API: glcore
    Full variant space:         1
    After settings filtering:   1
    After built-in stripping:   1
    After scriptable stripping: 1
    Processed in 0.00 seconds
    Target graphics API: vulkan
    Full variant space:         1
    After settings filtering:   1
    After built-in stripping:   1
    After scriptable stripping: 1
    Processed in 0.00 seconds
  Pass  (vp, glcore) finished in 0.00 seconds. Local cache hits 1 (0.00s CPU time), remote cache hits 0 (0.00s CPU time), compiled 0 variants (0.00s CPU time), skipped 0 variants.
  Pass  (vp, vulkan) finished in 0.00 seconds. Local cache hits 1 (0.00s CPU time), remote cache hits 0 (0.00s CPU time), compiled 0 variants (0.00s CPU time), skipped 0 variants.
    Prepared data for serialisation in 0.00s
  Pass  (vp, glcore) finished in 0.00 seconds. Local cache hits 1 (0.00s CPU time), remote cache hits 0 (0.00s CPU time), compiled 0 variants (0.00s CPU time), skipped 0 variants.
  Pass  (vp, vulkan) finished in 0.00 seconds. Local cache hits 1 (0.00s CPU time), remote cache hits 0 (0.00s CPU time), compiled 0 variants (0.00s CPU time), skipped 0 variants.
    Prepared data for serialisation in 0.00s
Serialized binary data for shader Hidden/Internal-GUITexture in 0.00s
    glcore (total internal programs: 2, unique: 1)
    vulkan (total internal programs: 2, unique: 1)
Compiling shader "Hidden/Internal-GUITextureBlit"
  Pass "" (vp)
    Target graphics API: glcore
    Full variant space:         1
    After settings filtering:   1
    After built-in stripping:   1
    After scriptable stripping: 1
    Processed in 0.00 seconds
    Target graphics API: vulkan
    Full variant space:         1
    After settings filtering:   1
    After built-in stripping:   1
    After scriptable stripping: 1
    Processed in 0.00 seconds
  Pass "" (vp)
    Target graphics API: glcore
    Full variant space:         1
    After settings filtering:   1
    After built-in stripping:   1
    After scriptable stripping: 1
    Processed in 0.00 seconds
    Target graphics API: vulkan
    Full variant space:         1
    After settings filtering:   1
    After built-in stripping:   1
    After scriptable stripping: 1
    Processed in 0.00 seconds
  Pass  (vp, glcore) finished in 0.00 seconds. Local cache hits 1 (0.00s CPU time), remote cache hits 0 (0.00s CPU time), compiled 0 variants (0.00s CPU time), skipped 0 variants.
  Pass  (vp, vulkan) finished in 0.00 seconds. Local cache hits 1 (0.00s CPU time), remote cache hits 0 (0.00s CPU time), compiled 0 variants (0.00s CPU time), skipped 0 variants.
    Prepared data for serialisation in 0.00s
  Pass  (vp, glcore) finished in 0.00 seconds. Local cache hits 1 (0.00s CPU time), remote cache hits 0 (0.00s CPU time), compiled 0 variants (0.00s CPU time), skipped 0 variants.
  Pass  (vp, vulkan) finished in 0.00 seconds. Local cache hits 1 (0.00s CPU time), remote cache hits 0 (0.00s CPU time), compiled 0 variants (0.00s CPU time), skipped 0 variants.
    Prepared data for serialisation in 0.00s
Serialized binary data for shader Hidden/Internal-GUITextureBlit in 0.00s
    glcore (total internal programs: 2, unique: 1)
    vulkan (total internal programs: 2, unique: 1)
Compiling shader "Hidden/Internal-GUIRoundedRect"
  Pass "" (vp)
    Target graphics API: glcore
    Full variant space:         1
    After settings filtering:   1
    After built-in stripping:   1
    After scriptable stripping: 1
    Processed in 0.00 seconds
    Target graphics API: vulkan
    Full variant space:         1
    After settings filtering:   1
    After built-in stripping:   1
    After scriptable stripping: 1
    Processed in 0.00 seconds
  Pass "" (vp)
    Target graphics API: glcore
    Full variant space:         1
    After settings filtering:   1
    After built-in stripping:   1
    After scriptable stripping: 1
    Processed in 0.00 seconds
    Target graphics API: vulkan
    Full variant space:         1
    After settings filtering:   1
    After built-in stripping:   1
    After scriptable stripping: 1
    Processed in 0.00 seconds
  Pass  (vp, glcore) finished in 0.00 seconds. Local cache hits 1 (0.00s CPU time), remote cache hits 0 (0.00s CPU time), compiled 0 variants (0.00s CPU time), skipped 0 variants.
  Pass  (vp, vulkan) finished in 0.00 seconds. Local cache hits 1 (0.00s CPU time), remote cache hits 0 (0.00s CPU time), compiled 0 variants (0.00s CPU time), skipped 0 variants.
    Prepared data for serialisation in 0.00s
  Pass  (vp, glcore) finished in 0.00 seconds. Local cache hits 1 (0.00s CPU time), remote cache hits 0 (0.00s CPU time), compiled 0 variants (0.00s CPU time), skipped 0 variants.
  Pass  (vp, vulkan) finished in 0.00 seconds. Local cache hits 1 (0.00s CPU time), remote cache hits 0 (0.00s CPU time), compiled 0 variants (0.00s CPU time), skipped 0 variants.
    Prepared data for serialisation in 0.00s
Serialized binary data for shader Hidden/Internal-GUIRoundedRect in 0.00s
    glcore (total internal programs: 2, unique: 1)
    vulkan (total internal programs: 2, unique: 1)
Compiling shader "Hidden/Internal-GUIRoundedRectWithColorPerBorder"
  Pass "" (vp)
    Target graphics API: glcore
    Full variant space:         1
    After settings filtering:   1
    After built-in stripping:   1
    After scriptable stripping: 1
    Processed in 0.00 seconds
    Target graphics API: vulkan
    Full variant space:         1
    After settings filtering:   1
    After built-in stripping:   1
    After scriptable stripping: 1
    Processed in 0.00 seconds
  Pass "" (vp)
    Target graphics API: glcore
    Full variant space:         1
    After settings filtering:   1
    After built-in stripping:   1
    After scriptable stripping: 1
    Processed in 0.00 seconds
    Target graphics API: vulkan
    Full variant space:         1
    After settings filtering:   1
    After built-in stripping:   1
    After scriptable stripping: 1
    Processed in 0.00 seconds
  Pass  (vp, glcore) finished in 0.00 seconds. Local cache hits 1 (0.00s CPU time), remote cache hits 0 (0.00s CPU time), compiled 0 variants (0.00s CPU time), skipped 0 variants.
  Pass  (vp, vulkan) finished in 0.00 seconds. Local cache hits 1 (0.00s CPU time), remote cache hits 0 (0.00s CPU time), compiled 0 variants (0.00s CPU time), skipped 0 variants.
    Prepared data for serialisation in 0.00s
  Pass  (vp, glcore) finished in 0.00 seconds. Local cache hits 1 (0.00s CPU time), remote cache hits 0 (0.00s CPU time), compiled 0 variants (0.00s CPU time), skipped 0 variants.
  Pass  (vp, vulkan) finished in 0.00 seconds. Local cache hits 1 (0.00s CPU time), remote cache hits 0 (0.00s CPU time), compiled 0 variants (0.00s CPU time), skipped 0 variants.
    Prepared data for serialisation in 0.00s
Serialized binary data for shader Hidden/Internal-GUIRoundedRectWithColorPerBorder in 0.00s
    glcore (total internal programs: 2, unique: 1)
    vulkan (total internal programs: 2, unique: 1)
Compiling shader "Hidden/Internal-UIRDefault"
  Pass "" (vp)
    Target graphics API: glcore
    Full variant space:         40
    After settings filtering:   40
    After built-in stripping:   40
    After scriptable stripping: 40
    Processed in 0.00 seconds
    Target graphics API: vulkan
    Full variant space:         40
    After settings filtering:   40
    After built-in stripping:   40
    After scriptable stripping: 40
    Processed in 0.00 seconds
  Pass  (vp, glcore) finished in 0.00 seconds. Local cache hits 40 (0.01s CPU time), remote cache hits 0 (0.00s CPU time), compiled 0 variants (0.00s CPU time), skipped 0 variants.
  Pass  (vp, vulkan) finished in 0.00 seconds. Local cache hits 40 (0.01s CPU time), remote cache hits 0 (0.00s CPU time), compiled 0 variants (0.00s CPU time), skipped 0 variants.
    Prepared data for serialisation in 0.00s
Serialized binary data for shader Hidden/Internal-UIRDefault in 0.00s
    glcore (total internal programs: 40, unique: 40)
    vulkan (total internal programs: 40, unique: 40)
Compiling shader "Hidden/Internal-UIRAtlasBlitCopy"
  Pass "" (vp)
    Target graphics API: glcore
    Full variant space:         1
    After settings filtering:   1
    After built-in stripping:   1
    After scriptable stripping: 1
    Processed in 0.00 seconds
    Target graphics API: vulkan
    Full variant space:         1
    After settings filtering:   1
    After built-in stripping:   1
    After scriptable stripping: 1
    Processed in 0.00 seconds
  Pass  (vp, glcore) finished in 0.00 seconds. Local cache hits 1 (0.00s CPU time), remote cache hits 0 (0.00s CPU time), compiled 0 variants (0.00s CPU time), skipped 0 variants.
  Pass  (vp, vulkan) finished in 0.00 seconds. Local cache hits 1 (0.00s CPU time), remote cache hits 0 (0.00s CPU time), compiled 0 variants (0.00s CPU time), skipped 0 variants.
    Prepared data for serialisation in 0.00s
Serialized binary data for shader Hidden/Internal-UIRAtlasBlitCopy in 0.00s
    glcore (total internal programs: 1, unique: 1)
    vulkan (total internal programs: 1, unique: 1)
Compiling shader "Sprites/Default"
  Pass "" (vp)
    Target graphics API: glcore
    Full variant space:         8
    After settings filtering:   8
    After built-in stripping:   4
    After scriptable stripping: 4
    Processed in 0.00 seconds
    Target graphics API: vulkan
    Full variant space:         8
    After settings filtering:   8
    After built-in stripping:   4
    After scriptable stripping: 4
    Processed in 0.00 seconds
  Pass  (vp, glcore) finished in 0.00 seconds. Local cache hits 4 (0.00s CPU time), remote cache hits 0 (0.00s CPU time), compiled 0 variants (0.00s CPU time), skipped 0 variants.
  Pass  (vp, vulkan) finished in 0.00 seconds. Local cache hits 4 (0.00s CPU time), remote cache hits 0 (0.00s CPU time), compiled 0 variants (0.00s CPU time), skipped 0 variants.
    Prepared data for serialisation in 0.00s
Serialized binary data for shader Sprites/Default in 0.00s
    glcore (total internal programs: 4, unique: 4)
    vulkan (total internal programs: 4, unique: 4)
Compiling shader "Sprites/Mask"
  Pass "" (vp)
    Target graphics API: glcore
    Full variant space:         4
    After settings filtering:   4
    After built-in stripping:   4
    After scriptable stripping: 4
    Processed in 0.00 seconds
    Target graphics API: vulkan
    Full variant space:         4
    After settings filtering:   4
    After built-in stripping:   4
    After scriptable stripping: 4
    Processed in 0.00 seconds
  Pass  (vp, glcore) finished in 0.00 seconds. Local cache hits 4 (0.00s CPU time), remote cache hits 0 (0.00s CPU time), compiled 0 variants (0.00s CPU time), skipped 0 variants.
  Pass  (vp, vulkan) finished in 0.00 seconds. Local cache hits 4 (0.00s CPU time), remote cache hits 0 (0.00s CPU time), compiled 0 variants (0.00s CPU time), skipped 0 variants.
    Prepared data for serialisation in 0.00s
Serialized binary data for shader Sprites/Mask in 0.00s
    glcore (total internal programs: 4, unique: 4)
    vulkan (total internal programs: 4, unique: 4)
Compiling shader "UI/Default"
  Pass "Default" (vp)
    Target graphics API: glcore
    Full variant space:         4
    After settings filtering:   4
    After built-in stripping:   4
    After scriptable stripping: 4
    Processed in 0.00 seconds
    Target graphics API: vulkan
    Full variant space:         4
    After settings filtering:   4
    After built-in stripping:   4
    After scriptable stripping: 4
    Processed in 0.00 seconds
  Pass Default (vp, glcore) finished in 0.00 seconds. Local cache hits 4 (0.00s CPU time), remote cache hits 0 (0.00s CPU time), compiled 0 variants (0.00s CPU time), skipped 0 variants.
  Pass Default (vp, vulkan) finished in 0.00 seconds. Local cache hits 4 (0.00s CPU time), remote cache hits 0 (0.00s CPU time), compiled 0 variants (0.00s CPU time), skipped 0 variants.
    Prepared data for serialisation in 0.00s
Serialized binary data for shader UI/Default in 0.00s
    glcore (total internal programs: 4, unique: 4)
    vulkan (total internal programs: 4, unique: 4)
Compiling shader "UI/DefaultETC1"
  Pass "Default" (vp)
    Target graphics API: glcore
    Full variant space:         4
    After settings filtering:   4
    After built-in stripping:   4
    After scriptable stripping: 4
    Processed in 0.00 seconds
    Target graphics API: vulkan
    Full variant space:         4
    After settings filtering:   4
    After built-in stripping:   4
    After scriptable stripping: 4
    Processed in 0.00 seconds
  Pass Default (vp, glcore) finished in 0.00 seconds. Local cache hits 4 (0.00s CPU time), remote cache hits 0 (0.00s CPU time), compiled 0 variants (0.00s CPU time), skipped 0 variants.
  Pass Default (vp, vulkan) finished in 0.00 seconds. Local cache hits 4 (0.00s CPU time), remote cache hits 0 (0.00s CPU time), compiled 0 variants (0.00s CPU time), skipped 0 variants.
    Prepared data for serialisation in 0.00s
Serialized binary data for shader UI/DefaultETC1 in 0.00s
    glcore (total internal programs: 4, unique: 4)
    vulkan (total internal programs: 4, unique: 4)
Compiling shader "Hidden/CubeBlur"
  Pass "" (vp)
    Target graphics API: glcore
    Full variant space:         1
    After settings filtering:   1
    After built-in stripping:   1
    After scriptable stripping: 1
    Processed in 0.00 seconds
    Target graphics API: vulkan
    Full variant space:         1
    After settings filtering:   1
    After built-in stripping:   1
    After scriptable stripping: 1
    Processed in 0.00 seconds
  Pass "" (vp)
    Target graphics API: glcore
    Full variant space:         1
    After settings filtering:   1
    After built-in stripping:   1
    After scriptable stripping: 1
    Processed in 0.00 seconds
    Target graphics API: vulkan
    Full variant space:         1
    After settings filtering:   1
    After built-in stripping:   1
    After scriptable stripping: 1
    Processed in 0.00 seconds
  Pass  (vp, glcore) finished in 0.00 seconds. Local cache hits 1 (0.00s CPU time), remote cache hits 0 (0.00s CPU time), compiled 0 variants (0.00s CPU time), skipped 0 variants.
  Pass  (vp, vulkan) finished in 0.00 seconds. Local cache hits 1 (0.00s CPU time), remote cache hits 0 (0.00s CPU time), compiled 0 variants (0.00s CPU time), skipped 0 variants.
    Prepared data for serialisation in 0.00s
  Pass  (vp, glcore) finished in 0.00 seconds. Local cache hits 1 (0.00s CPU time), remote cache hits 0 (0.00s CPU time), compiled 0 variants (0.00s CPU time), skipped 0 variants.
  Pass  (vp, vulkan) finished in 0.00 seconds. Local cache hits 1 (0.00s CPU time), remote cache hits 0 (0.00s CPU time), compiled 0 variants (0.00s CPU time), skipped 0 variants.
    Prepared data for serialisation in 0.00s
Serialized binary data for shader Hidden/CubeBlur in 0.00s
    glcore (total internal programs: 2, unique: 2)
    vulkan (total internal programs: 2, unique: 2)
Compiling shader "Hidden/CubeCopy"
  Pass "" (vp)
    Target graphics API: glcore
    Full variant space:         1
    After settings filtering:   1
    After built-in stripping:   1
    After scriptable stripping: 1
    Processed in 0.00 seconds
    Target graphics API: vulkan
    Full variant space:         1
    After settings filtering:   1
    After built-in stripping:   1
    After scriptable stripping: 1
    Processed in 0.00 seconds
  Pass "" (vp)
    Target graphics API: glcore
    Full variant space:         1
    After settings filtering:   1
    After built-in stripping:   1
    After scriptable stripping: 1
    Processed in 0.00 seconds
    Target graphics API: vulkan
    Full variant space:         1
    After settings filtering:   1
    After built-in stripping:   1
    After scriptable stripping: 1
    Processed in 0.00 seconds
  Pass  (vp, glcore) finished in 0.00 seconds. Local cache hits 1 (0.00s CPU time), remote cache hits 0 (0.00s CPU time), compiled 0 variants (0.00s CPU time), skipped 0 variants.
  Pass  (vp, vulkan) finished in 0.00 seconds. Local cache hits 1 (0.00s CPU time), remote cache hits 0 (0.00s CPU time), compiled 0 variants (0.00s CPU time), skipped 0 variants.
    Prepared data for serialisation in 0.00s
  Pass  (vp, glcore) finished in 0.00 seconds. Local cache hits 1 (0.00s CPU time), remote cache hits 0 (0.00s CPU time), compiled 0 variants (0.00s CPU time), skipped 0 variants.
  Pass  (vp, vulkan) finished in 0.00 seconds. Local cache hits 1 (0.00s CPU time), remote cache hits 0 (0.00s CPU time), compiled 0 variants (0.00s CPU time), skipped 0 variants.
    Prepared data for serialisation in 0.00s
Serialized binary data for shader Hidden/CubeCopy in 0.00s
    glcore (total internal programs: 2, unique: 1)
    vulkan (total internal programs: 2, unique: 1)
Compiling shader "Hidden/CubeBlend"
  Pass "" (vp)
    Target graphics API: glcore
    Full variant space:         1
    After settings filtering:   1
    After built-in stripping:   1
    After scriptable stripping: 1
    Processed in 0.00 seconds
    Target graphics API: vulkan
    Full variant space:         1
    After settings filtering:   1
    After built-in stripping:   1
    After scriptable stripping: 1
    Processed in 0.00 seconds
  Pass "" (vp)
    Target graphics API: glcore
    Full variant space:         1
    After settings filtering:   1
    After built-in stripping:   1
    After scriptable stripping: 1
    Processed in 0.00 seconds
    Target graphics API: vulkan
    Full variant space:         1
    After settings filtering:   1
    After built-in stripping:   1
    After scriptable stripping: 1
    Processed in 0.00 seconds
  Pass  (vp, glcore) finished in 0.00 seconds. Local cache hits 1 (0.00s CPU time), remote cache hits 0 (0.00s CPU time), compiled 0 variants (0.00s CPU time), skipped 0 variants.
  Pass  (vp, vulkan) finished in 0.00 seconds. Local cache hits 1 (0.00s CPU time), remote cache hits 0 (0.00s CPU time), compiled 0 variants (0.00s CPU time), skipped 0 variants.
    Prepared data for serialisation in 0.00s
  Pass  (vp, glcore) finished in 0.00 seconds. Local cache hits 1 (0.00s CPU time), remote cache hits 0 (0.00s CPU time), compiled 0 variants (0.00s CPU time), skipped 0 variants.
  Pass  (vp, vulkan) finished in 0.00 seconds. Local cache hits 1 (0.00s CPU time), remote cache hits 0 (0.00s CPU time), compiled 0 variants (0.00s CPU time), skipped 0 variants.
    Prepared data for serialisation in 0.00s
Serialized binary data for shader Hidden/CubeBlend in 0.00s
    glcore (total internal programs: 2, unique: 1)
    vulkan (total internal programs: 2, unique: 1)
Compiling shader "Hidden/VR/BlitTexArraySlice"
  Pass "" (vp)
    Target graphics API: glcore
    Full variant space:         1
    After settings filtering:   1
    After built-in stripping:   1
    After scriptable stripping: 1
    Processed in 0.00 seconds
    Target graphics API: vulkan
    Full variant space:         1
    After settings filtering:   1
    After built-in stripping:   1
    After scriptable stripping: 1
    Processed in 0.00 seconds
  Pass  (vp, glcore) finished in 0.00 seconds. Local cache hits 1 (0.00s CPU time), remote cache hits 0 (0.00s CPU time), compiled 0 variants (0.00s CPU time), skipped 0 variants.
  Pass  (vp, vulkan) finished in 0.00 seconds. Local cache hits 1 (0.00s CPU time), remote cache hits 0 (0.00s CPU time), compiled 0 variants (0.00s CPU time), skipped 0 variants.
    Prepared data for serialisation in 0.00s
Serialized binary data for shader Hidden/VR/BlitTexArraySlice in 0.00s
    glcore (total internal programs: 1, unique: 1)
    vulkan (total internal programs: 1, unique: 1)
Compiling shader "Hidden/Internal-ODSWorldTexture"
  Pass "" (vp)
    Target graphics API: glcore
    Full variant space:         1
    After settings filtering:   1
    After built-in stripping:   1
    After scriptable stripping: 1
    Processed in 0.00 seconds
    Target graphics API: vulkan
    Full variant space:         1
    After settings filtering:   1
    After built-in stripping:   1
    After scriptable stripping: 1
    Processed in 0.00 seconds
  Pass "" (vp)
    Target graphics API: glcore
    Full variant space:         1
    After settings filtering:   1
    After built-in stripping:   1
    After scriptable stripping: 1
    Processed in 0.00 seconds
    Target graphics API: vulkan
    Full variant space:         1
    After settings filtering:   1
    After built-in stripping:   1
    After scriptable stripping: 1
    Processed in 0.00 seconds
  Pass "" (vp)
    Target graphics API: glcore
    Full variant space:         1
    After settings filtering:   1
    After built-in stripping:   1
    After scriptable stripping: 1
    Processed in 0.00 seconds
    Target graphics API: vulkan
    Full variant space:         1
    After settings filtering:   1
    After built-in stripping:   1
    After scriptable stripping: 1
    Processed in 0.00 seconds
  Pass "" (vp)
    Target graphics API: glcore
    Full variant space:         1
    After settings filtering:   1
    After built-in stripping:   1
    After scriptable stripping: 1
    Processed in 0.00 seconds
    Target graphics API: vulkan
    Full variant space:         1
    After settings filtering:   1
    After built-in stripping:   1
    After scriptable stripping: 1
    Processed in 0.00 seconds
  Pass "" (vp)
    Target graphics API: glcore
    Full variant space:         1
    After settings filtering:   1
    After built-in stripping:   1
    After scriptable stripping: 1
    Processed in 0.00 seconds
    Target graphics API: vulkan
    Full variant space:         1
    After settings filtering:   1
    After built-in stripping:   1
    After scriptable stripping: 1
    Processed in 0.00 seconds
  Pass "" (vp)
    Target graphics API: glcore
    Full variant space:         1
    After settings filtering:   1
    After built-in stripping:   1
    After scriptable stripping: 1
    Processed in 0.00 seconds
    Target graphics API: vulkan
    Full variant space:         1
    After settings filtering:   1
    After built-in stripping:   1
    After scriptable stripping: 1
    Processed in 0.00 seconds
  Pass "" (vp)
    Target graphics API: glcore
    Full variant space:         1
    After settings filtering:   1
    After built-in stripping:   1
    After scriptable stripping: 1
    Processed in 0.00 seconds
    Target graphics API: vulkan
    Full variant space:         1
    After settings filtering:   1
    After built-in stripping:   1
    After scriptable stripping: 1
    Processed in 0.00 seconds
  Pass "" (vp)
    Target graphics API: glcore
    Full variant space:         1
    After settings filtering:   1
    After built-in stripping:   1
    After scriptable stripping: 1
    Processed in 0.00 seconds
    Target graphics API: vulkan
    Full variant space:         1
    After settings filtering:   1
    After built-in stripping:   1
    After scriptable stripping: 1
    Processed in 0.00 seconds
  Pass "" (vp)
    Target graphics API: glcore
    Full variant space:         1
    After settings filtering:   1
    After built-in stripping:   1
    After scriptable stripping: 1
    Processed in 0.00 seconds
    Target graphics API: vulkan
    Full variant space:         1
    After settings filtering:   1
    After built-in stripping:   1
    After scriptable stripping: 1
    Processed in 0.00 seconds
  Pass "" (vp)
    Target graphics API: glcore
    Full variant space:         1
    After settings filtering:   1
    After built-in stripping:   1
    After scriptable stripping: 1
    Processed in 0.00 seconds
    Target graphics API: vulkan
    Full variant space:         1
    After settings filtering:   1
    After built-in stripping:   1
    After scriptable stripping: 1
    Processed in 0.00 seconds
  Pass  (vp, glcore) finished in 0.00 seconds. Local cache hits 1 (0.00s CPU time), remote cache hits 0 (0.00s CPU time), compiled 0 variants (0.00s CPU time), skipped 0 variants.
  Pass  (vp, vulkan) finished in 0.00 seconds. Local cache hits 1 (0.00s CPU time), remote cache hits 0 (0.00s CPU time), compiled 0 variants (0.00s CPU time), skipped 0 variants.
    Prepared data for serialisation in 0.00s
  Pass  (vp, glcore) finished in 0.00 seconds. Local cache hits 1 (0.00s CPU time), remote cache hits 0 (0.00s CPU time), compiled 0 variants (0.00s CPU time), skipped 0 variants.
  Pass  (vp, vulkan) finished in 0.00 seconds. Local cache hits 1 (0.00s CPU time), remote cache hits 0 (0.00s CPU time), compiled 0 variants (0.00s CPU time), skipped 0 variants.
    Prepared data for serialisation in 0.00s
  Pass  (vp, glcore) finished in 0.00 seconds. Local cache hits 1 (0.00s CPU time), remote cache hits 0 (0.00s CPU time), compiled 0 variants (0.00s CPU time), skipped 0 variants.
  Pass  (vp, vulkan) finished in 0.00 seconds. Local cache hits 1 (0.00s CPU time), remote cache hits 0 (0.00s CPU time), compiled 0 variants (0.00s CPU time), skipped 0 variants.
    Prepared data for serialisation in 0.00s
  Pass  (vp, glcore) finished in 0.00 seconds. Local cache hits 1 (0.00s CPU time), remote cache hits 0 (0.00s CPU time), compiled 0 variants (0.00s CPU time), skipped 0 variants.
  Pass  (vp, vulkan) finished in 0.00 seconds. Local cache hits 1 (0.00s CPU time), remote cache hits 0 (0.00s CPU time), compiled 0 variants (0.00s CPU time), skipped 0 variants.
    Prepared data for serialisation in 0.00s
  Pass  (vp, glcore) finished in 0.00 seconds. Local cache hits 1 (0.00s CPU time), remote cache hits 0 (0.00s CPU time), compiled 0 variants (0.00s CPU time), skipped 0 variants.
  Pass  (vp, vulkan) finished in 0.00 seconds. Local cache hits 1 (0.00s CPU time), remote cache hits 0 (0.00s CPU time), compiled 0 variants (0.00s CPU time), skipped 0 variants.
    Prepared data for serialisation in 0.00s
  Pass  (vp, glcore) finished in 0.00 seconds. Local cache hits 1 (0.00s CPU time), remote cache hits 0 (0.00s CPU time), compiled 0 variants (0.00s CPU time), skipped 0 variants.
  Pass  (vp, vulkan) finished in 0.00 seconds. Local cache hits 1 (0.00s CPU time), remote cache hits 0 (0.00s CPU time), compiled 0 variants (0.00s CPU time), skipped 0 variants.
    Prepared data for serialisation in 0.00s
  Pass  (vp, glcore) finished in 0.00 seconds. Local cache hits 1 (0.00s CPU time), remote cache hits 0 (0.00s CPU time), compiled 0 variants (0.00s CPU time), skipped 0 variants.
  Pass  (vp, vulkan) finished in 0.00 seconds. Local cache hits 1 (0.00s CPU time), remote cache hits 0 (0.00s CPU time), compiled 0 variants (0.00s CPU time), skipped 0 variants.
    Prepared data for serialisation in 0.00s
  Pass  (vp, glcore) finished in 0.00 seconds. Local cache hits 1 (0.00s CPU time), remote cache hits 0 (0.00s CPU time), compiled 0 variants (0.00s CPU time), skipped 0 variants.
  Pass  (vp, vulkan) finished in 0.00 seconds. Local cache hits 1 (0.00s CPU time), remote cache hits 0 (0.00s CPU time), compiled 0 variants (0.00s CPU time), skipped 0 variants.
    Prepared data for serialisation in 0.00s
  Pass  (vp, glcore) finished in 0.00 seconds. Local cache hits 1 (0.00s CPU time), remote cache hits 0 (0.00s CPU time), compiled 0 variants (0.00s CPU time), skipped 0 variants.
  Pass  (vp, vulkan) finished in 0.00 seconds. Local cache hits 1 (0.00s CPU time), remote cache hits 0 (0.00s CPU time), compiled 0 variants (0.00s CPU time), skipped 0 variants.
    Prepared data for serialisation in 0.00s
  Pass  (vp, glcore) finished in 0.00 seconds. Local cache hits 1 (0.00s CPU time), remote cache hits 0 (0.00s CPU time), compiled 0 variants (0.00s CPU time), skipped 0 variants.
  Pass  (vp, vulkan) finished in 0.00 seconds. Local cache hits 1 (0.00s CPU time), remote cache hits 0 (0.00s CPU time), compiled 0 variants (0.00s CPU time), skipped 0 variants.
    Prepared data for serialisation in 0.00s
Serialized binary data for shader Hidden/Internal-ODSWorldTexture in 0.00s
    glcore (total internal programs: 10, unique: 9)
    vulkan (total internal programs: 10, unique: 9)
Compiling shader "Hidden/Internal-CubemapToEquirect"
  Pass "" (vp)
    Target graphics API: glcore
    Full variant space:         1
    After settings filtering:   1
    After built-in stripping:   1
    After scriptable stripping: 1
    Processed in 0.00 seconds
    Target graphics API: vulkan
    Full variant space:         1
    After settings filtering:   1
    After built-in stripping:   1
    After scriptable stripping: 1
    Processed in 0.00 seconds
  Pass  (vp, glcore) finished in 0.00 seconds. Local cache hits 1 (0.00s CPU time), remote cache hits 0 (0.00s CPU time), compiled 0 variants (0.00s CPU time), skipped 0 variants.
  Pass  (vp, vulkan) finished in 0.00 seconds. Local cache hits 1 (0.00s CPU time), remote cache hits 0 (0.00s CPU time), compiled 0 variants (0.00s CPU time), skipped 0 variants.
    Prepared data for serialisation in 0.00s
Serialized binary data for shader Hidden/Internal-CubemapToEquirect in 0.00s
    glcore (total internal programs: 1, unique: 1)
    vulkan (total internal programs: 1, unique: 1)
Compiling shader "Hidden/VR/BlitFromTex2DToTexArraySlice"
  Pass "" (vp)
    Target graphics API: glcore
    Full variant space:         1
    After settings filtering:   1
    After built-in stripping:   1
    After scriptable stripping: 1
    Processed in 0.00 seconds
  Pass "" (vp)
    Target graphics API: glcore
    Full variant space:         1
    After settings filtering:   1
    After built-in stripping:   1
    After scriptable stripping: 1
    Processed in 0.00 seconds
    Target graphics API: vulkan
    Full variant space:         1
    After settings filtering:   1
    After built-in stripping:   1
    After scriptable stripping: 1
    Processed in 0.00 seconds
  Pass  (vp, glcore) finished in 0.00 seconds. Local cache hits 1 (0.00s CPU time), remote cache hits 0 (0.00s CPU time), compiled 0 variants (0.00s CPU time), skipped 0 variants.
    Prepared data for serialisation in 0.00s
  Pass  (vp, glcore) finished in 0.00 seconds. Local cache hits 1 (0.00s CPU time), remote cache hits 0 (0.00s CPU time), compiled 0 variants (0.00s CPU time), skipped 0 variants.
  Pass  (vp, vulkan) finished in 0.00 seconds. Local cache hits 1 (0.00s CPU time), remote cache hits 0 (0.00s CPU time), compiled 0 variants (0.00s CPU time), skipped 0 variants.
    Prepared data for serialisation in 0.00s
Serialized binary data for shader Hidden/VR/BlitFromTex2DToTexArraySlice in 0.00s
    glcore (total internal programs: 2, unique: 2)
    vulkan (total internal programs: 1, unique: 1)
Compiling shader "Hidden/VideoComposite"
  Pass "Default" (vp)
    Target graphics API: glcore
    Full variant space:         1
    After settings filtering:   1
    After built-in stripping:   1
    After scriptable stripping: 1
    Processed in 0.00 seconds
    Target graphics API: vulkan
    Full variant space:         1
    After settings filtering:   1
    After built-in stripping:   1
    After scriptable stripping: 1
    Processed in 0.00 seconds
  Pass Default (vp, glcore) finished in 0.00 seconds. Local cache hits 1 (0.00s CPU time), remote cache hits 0 (0.00s CPU time), compiled 0 variants (0.00s CPU time), skipped 0 variants.
  Pass Default (vp, vulkan) finished in 0.00 seconds. Local cache hits 1 (0.00s CPU time), remote cache hits 0 (0.00s CPU time), compiled 0 variants (0.00s CPU time), skipped 0 variants.
    Prepared data for serialisation in 0.00s
Serialized binary data for shader Hidden/VideoComposite in 0.00s
    glcore (total internal programs: 1, unique: 1)
    vulkan (total internal programs: 1, unique: 1)
Compiling shader "Hidden/VideoDecode"
  Pass "YCbCr_To_RGB1" (vp)
    Target graphics API: glcore
    Full variant space:         2
    After settings filtering:   2
    After built-in stripping:   2
    After scriptable stripping: 2
    Processed in 0.00 seconds
    Target graphics API: vulkan
    Full variant space:         2
    After settings filtering:   2
    After built-in stripping:   2
    After scriptable stripping: 2
    Processed in 0.00 seconds
  Pass "YCbCrA_To_RGBAFull" (vp)
    Target graphics API: glcore
    Full variant space:         2
    After settings filtering:   2
    After built-in stripping:   2
    After scriptable stripping: 2
    Processed in 0.00 seconds
    Target graphics API: vulkan
    Full variant space:         2
    After settings filtering:   2
    After built-in stripping:   2
    After scriptable stripping: 2
    Processed in 0.00 seconds
  Pass "YCbCrA_To_RGBA" (vp)
    Target graphics API: glcore
    Full variant space:         2
    After settings filtering:   2
    After built-in stripping:   2
    After scriptable stripping: 2
    Processed in 0.00 seconds
    Target graphics API: vulkan
    Full variant space:         2
    After settings filtering:   2
    After built-in stripping:   2
    After scriptable stripping: 2
    Processed in 0.00 seconds
  Pass "Flip_RGBA_To_RGBA" (vp)
    Target graphics API: glcore
    Full variant space:         2
    After settings filtering:   2
    After built-in stripping:   2
    After scriptable stripping: 2
    Processed in 0.00 seconds
    Target graphics API: vulkan
    Full variant space:         2
    After settings filtering:   2
    After built-in stripping:   2
    After scriptable stripping: 2
    Processed in 0.00 seconds
  Pass "Flip_RGBASplit_To_RGBA" (vp)
    Target graphics API: glcore
    Full variant space:         2
    After settings filtering:   2
    After built-in stripping:   2
    After scriptable stripping: 2
    Processed in 0.00 seconds
    Target graphics API: vulkan
    Full variant space:         2
    After settings filtering:   2
    After built-in stripping:   2
    After scriptable stripping: 2
    Processed in 0.00 seconds
  Pass "Flip_NV12_To_RGB1" (vp)
    Target graphics API: glcore
    Full variant space:         2
    After settings filtering:   2
    After built-in stripping:   2
    After scriptable stripping: 2
    Processed in 0.00 seconds
    Target graphics API: vulkan
    Full variant space:         2
    After settings filtering:   2
    After built-in stripping:   2
    After scriptable stripping: 2
    Processed in 0.00 seconds
  Pass "Flip_NV12_To_RGBA" (vp)
    Target graphics API: glcore
    Full variant space:         2
    After settings filtering:   2
    After built-in stripping:   2
    After scriptable stripping: 2
    Processed in 0.00 seconds
    Target graphics API: vulkan
    Full variant space:         2
    After settings filtering:   2
    After built-in stripping:   2
    After scriptable stripping: 2
    Processed in 0.00 seconds
  Pass "Flip_P010_To_RGB1" (vp)
    Target graphics API: glcore
    Full variant space:         1
    After settings filtering:   1
    After built-in stripping:   1
    After scriptable stripping: 1
    Processed in 0.00 seconds
    Target graphics API: vulkan
    Full variant space:         1
    After settings filtering:   1
    After built-in stripping:   1
    After scriptable stripping: 1
    Processed in 0.00 seconds
  Pass YCbCr_To_RGB1 (vp, glcore) finished in 0.00 seconds. Local cache hits 2 (0.00s CPU time), remote cache hits 0 (0.00s CPU time), compiled 0 variants (0.00s CPU time), skipped 0 variants.
  Pass YCbCr_To_RGB1 (vp, vulkan) finished in 0.00 seconds. Local cache hits 2 (0.00s CPU time), remote cache hits 0 (0.00s CPU time), compiled 0 variants (0.00s CPU time), skipped 0 variants.
    Prepared data for serialisation in 0.00s
  Pass YCbCrA_To_RGBAFull (vp, glcore) finished in 0.00 seconds. Local cache hits 2 (0.00s CPU time), remote cache hits 0 (0.00s CPU time), compiled 0 variants (0.00s CPU time), skipped 0 variants.
  Pass YCbCrA_To_RGBAFull (vp, vulkan) finished in 0.00 seconds. Local cache hits 2 (0.00s CPU time), remote cache hits 0 (0.00s CPU time), compiled 0 variants (0.00s CPU time), skipped 0 variants.
    Prepared data for serialisation in 0.00s
  Pass YCbCrA_To_RGBA (vp, glcore) finished in 0.00 seconds. Local cache hits 2 (0.00s CPU time), remote cache hits 0 (0.00s CPU time), compiled 0 variants (0.00s CPU time), skipped 0 variants.
  Pass YCbCrA_To_RGBA (vp, vulkan) finished in 0.00 seconds. Local cache hits 2 (0.00s CPU time), remote cache hits 0 (0.00s CPU time), compiled 0 variants (0.00s CPU time), skipped 0 variants.
    Prepared data for serialisation in 0.00s
  Pass Flip_RGBA_To_RGBA (vp, glcore) finished in 0.00 seconds. Local cache hits 2 (0.00s CPU time), remote cache hits 0 (0.00s CPU time), compiled 0 variants (0.00s CPU time), skipped 0 variants.
  Pass Flip_RGBA_To_RGBA (vp, vulkan) finished in 0.00 seconds. Local cache hits 2 (0.00s CPU time), remote cache hits 0 (0.00s CPU time), compiled 0 variants (0.00s CPU time), skipped 0 variants.
    Prepared data for serialisation in 0.00s
  Pass Flip_RGBASplit_To_RGBA (vp, glcore) finished in 0.00 seconds. Local cache hits 2 (0.00s CPU time), remote cache hits 0 (0.00s CPU time), compiled 0 variants (0.00s CPU time), skipped 0 variants.
  Pass Flip_RGBASplit_To_RGBA (vp, vulkan) finished in 0.00 seconds. Local cache hits 2 (0.00s CPU time), remote cache hits 0 (0.00s CPU time), compiled 0 variants (0.00s CPU time), skipped 0 variants.
    Prepared data for serialisation in 0.00s
  Pass Flip_NV12_To_RGB1 (vp, glcore) finished in 0.00 seconds. Local cache hits 2 (0.00s CPU time), remote cache hits 0 (0.00s CPU time), compiled 0 variants (0.00s CPU time), skipped 0 variants.
  Pass Flip_NV12_To_RGB1 (vp, vulkan) finished in 0.00 seconds. Local cache hits 2 (0.00s CPU time), remote cache hits 0 (0.00s CPU time), compiled 0 variants (0.00s CPU time), skipped 0 variants.
    Prepared data for serialisation in 0.00s
  Pass Flip_NV12_To_RGBA (vp, glcore) finished in 0.00 seconds. Local cache hits 2 (0.00s CPU time), remote cache hits 0 (0.00s CPU time), compiled 0 variants (0.00s CPU time), skipped 0 variants.
  Pass Flip_NV12_To_RGBA (vp, vulkan) finished in 0.00 seconds. Local cache hits 2 (0.00s CPU time), remote cache hits 0 (0.00s CPU time), compiled 0 variants (0.00s CPU time), skipped 0 variants.
    Prepared data for serialisation in 0.00s
  Pass Flip_P010_To_RGB1 (vp, glcore) finished in 0.00 seconds. Local cache hits 1 (0.00s CPU time), remote cache hits 0 (0.00s CPU time), compiled 0 variants (0.00s CPU time), skipped 0 variants.
  Pass Flip_P010_To_RGB1 (vp, vulkan) finished in 0.00 seconds. Local cache hits 1 (0.00s CPU time), remote cache hits 0 (0.00s CPU time), compiled 0 variants (0.00s CPU time), skipped 0 variants.
    Prepared data for serialisation in 0.00s
Serialized binary data for shader Hidden/VideoDecode in 0.00s
    glcore (total internal programs: 15, unique: 15)
    vulkan (total internal programs: 15, unique: 15)
Compiling shader "Hidden/TextCore/Distance Field SSD"
  Pass "" (vp)
    Target graphics API: glcore
    Full variant space:         1
    After settings filtering:   1
    After built-in stripping:   1
    After scriptable stripping: 1
    Processed in 0.00 seconds
    Target graphics API: vulkan
    Full variant space:         1
    After settings filtering:   1
    After built-in stripping:   1
    After scriptable stripping: 1
    Processed in 0.00 seconds
  Pass  (vp, glcore) finished in 0.00 seconds. Local cache hits 1 (0.00s CPU time), remote cache hits 0 (0.00s CPU time), compiled 0 variants (0.00s CPU time), skipped 0 variants.
  Pass  (vp, vulkan) finished in 0.00 seconds. Local cache hits 1 (0.00s CPU time), remote cache hits 0 (0.00s CPU time), compiled 0 variants (0.00s CPU time), skipped 0 variants.
    Prepared data for serialisation in 0.00s
Serialized binary data for shader Hidden/TextCore/Distance Field SSD in 0.00s
    glcore (total internal programs: 1, unique: 1)
    vulkan (total internal programs: 1, unique: 1)
Compiling shader "Hidden/Physics2D/SDF_CircleGeometry"
  Pass "" (vp)
    Target graphics API: glcore
    Full variant space:         2
    After settings filtering:   2
    After built-in stripping:   1
    After scriptable stripping: 1
    Processed in 0.00 seconds
    Target graphics API: vulkan
    Full variant space:         2
    After settings filtering:   2
    After built-in stripping:   1
    After scriptable stripping: 1
    Processed in 0.00 seconds
  Pass  (vp, glcore) finished in 0.00 seconds. Local cache hits 1 (0.00s CPU time), remote cache hits 0 (0.00s CPU time), compiled 0 variants (0.00s CPU time), skipped 0 variants.
  Pass  (vp, vulkan) finished in 0.00 seconds. Local cache hits 1 (0.00s CPU time), remote cache hits 0 (0.00s CPU time), compiled 0 variants (0.00s CPU time), skipped 0 variants.
    Prepared data for serialisation in 0.00s
Serialized binary data for shader Hidden/Physics2D/SDF_CircleGeometry in 0.00s
    glcore (total internal programs: 1, unique: 1)
    vulkan (total internal programs: 1, unique: 1)
Compiling shader "Hidden/Physics2D/SDF_CapsuleGeometry"
  Pass "" (vp)
    Target graphics API: glcore
    Full variant space:         2
    After settings filtering:   2
    After built-in stripping:   1
    After scriptable stripping: 1
    Processed in 0.00 seconds
    Target graphics API: vulkan
    Full variant space:         2
    After settings filtering:   2
    After built-in stripping:   1
    After scriptable stripping: 1
    Processed in 0.00 seconds
  Pass  (vp, glcore) finished in 0.00 seconds. Local cache hits 1 (0.00s CPU time), remote cache hits 0 (0.00s CPU time), compiled 0 variants (0.00s CPU time), skipped 0 variants.
  Pass  (vp, vulkan) finished in 0.00 seconds. Local cache hits 1 (0.00s CPU time), remote cache hits 0 (0.00s CPU time), compiled 0 variants (0.00s CPU time), skipped 0 variants.
    Prepared data for serialisation in 0.00s
Serialized binary data for shader Hidden/Physics2D/SDF_CapsuleGeometry in 0.00s
    glcore (total internal programs: 1, unique: 1)
    vulkan (total internal programs: 1, unique: 1)
Compiling shader "Hidden/Physics2D/SDF_PolygonGeometry"
  Pass "" (vp)
    Target graphics API: glcore
    Full variant space:         2
    After settings filtering:   2
    After built-in stripping:   1
    After scriptable stripping: 1
    Processed in 0.00 seconds
    Target graphics API: vulkan
    Full variant space:         2
    After settings filtering:   2
    After built-in stripping:   1
    After scriptable stripping: 1
    Processed in 0.00 seconds
  Pass  (vp, glcore) finished in 0.00 seconds. Local cache hits 1 (0.00s CPU time), remote cache hits 0 (0.00s CPU time), compiled 0 variants (0.00s CPU time), skipped 0 variants.
  Pass  (vp, vulkan) finished in 0.00 seconds. Local cache hits 1 (0.00s CPU time), remote cache hits 0 (0.00s CPU time), compiled 0 variants (0.00s CPU time), skipped 0 variants.
    Prepared data for serialisation in 0.00s
Serialized binary data for shader Hidden/Physics2D/SDF_PolygonGeometry in 0.00s
    glcore (total internal programs: 1, unique: 1)
    vulkan (total internal programs: 1, unique: 1)
Compiling shader "Hidden/Physics2D/SDF_Line"
  Pass "" (vp)
    Target graphics API: glcore
    Full variant space:         2
    After settings filtering:   2
    After built-in stripping:   1
    After scriptable stripping: 1
    Processed in 0.00 seconds
    Target graphics API: vulkan
    Full variant space:         2
    After settings filtering:   2
    After built-in stripping:   1
    After scriptable stripping: 1
    Processed in 0.00 seconds
  Pass  (vp, glcore) finished in 0.00 seconds. Local cache hits 1 (0.00s CPU time), remote cache hits 0 (0.00s CPU time), compiled 0 variants (0.00s CPU time), skipped 0 variants.
  Pass  (vp, vulkan) finished in 0.00 seconds. Local cache hits 1 (0.00s CPU time), remote cache hits 0 (0.00s CPU time), compiled 0 variants (0.00s CPU time), skipped 0 variants.
    Prepared data for serialisation in 0.00s
Serialized binary data for shader Hidden/Physics2D/SDF_Line in 0.00s
    glcore (total internal programs: 1, unique: 1)
    vulkan (total internal programs: 1, unique: 1)
Compiling shader "Hidden/Physics2D/SDF_Point"
  Pass "" (vp)
    Target graphics API: glcore
    Full variant space:         2
    After settings filtering:   2
    After built-in stripping:   1
    After scriptable stripping: 1
    Processed in 0.00 seconds
    Target graphics API: vulkan
    Full variant space:         2
    After settings filtering:   2
    After built-in stripping:   1
    After scriptable stripping: 1
    Processed in 0.00 seconds
  Pass  (vp, glcore) finished in 0.00 seconds. Local cache hits 1 (0.00s CPU time), remote cache hits 0 (0.00s CPU time), compiled 0 variants (0.00s CPU time), skipped 0 variants.
  Pass  (vp, vulkan) finished in 0.00 seconds. Local cache hits 1 (0.00s CPU time), remote cache hits 0 (0.00s CPU time), compiled 0 variants (0.00s CPU time), skipped 0 variants.
    Prepared data for serialisation in 0.00s
Serialized binary data for shader Hidden/Physics2D/SDF_Point in 0.00s
    glcore (total internal programs: 1, unique: 1)
    vulkan (total internal programs: 1, unique: 1)
SpriteAtlasDatabase::Cleanup
[40m[32minfo[39m[22m[49m: Microsoft.AspNetCore.Hosting.Diagnostics[1]
      Request starting HTTP/2 POST http://ilpp/UnityILPP.PostProcessing/Ping application/grpc -
[40m[32minfo[39m[22m[49m: Microsoft.AspNetCore.Routing.EndpointMiddleware[0]
      Executing endpoint 'gRPC - /UnityILPP.PostProcessing/Ping'
[40m[32minfo[39m[22m[49m: Microsoft.AspNetCore.Routing.EndpointMiddleware[1]
      Executed endpoint 'gRPC - /UnityILPP.PostProcessing/Ping'
[40m[32minfo[39m[22m[49m: Microsoft.AspNetCore.Hosting.Diagnostics[2]
      Request finished HTTP/2 POST http://ilpp/UnityILPP.PostProcessing/Ping application/grpc - - 200 - application/grpc 0.2391ms
Starting: /opt/unity/Editor/Data/Tools/BuildPipeline/bee_backend --ipc --dagfile="Library/Bee/Player237fa2af.dag" --profile="Library/Bee/backend1.traceevents" Player
WorkingDir: /project
Rebuilding DAG because FileSignature timestamp changed: Library/Bee/Player237fa2af-inputdata.json
*** Tundra requires additional run (0.02 seconds), 0 items updated, 0 evaluated
Starting: /opt/unity/Editor/Data/netcorerun/netcorerun "/opt/unity/Editor/Data/PlaybackEngines/LinuxStandaloneSupport/LinuxPlayerBuildProgram.exe" "/opt/unity/Editor/Data/PlaybackEngines/LinuxStandaloneSupport/Bee:/opt/unity/Editor/Data/Tools/BuildPipeline" "Library/Bee/Player237fa2af.dag.json" "Library/Bee/Player237fa2af-inputdata.json" "Library/Bee/buildprogram0.traceevents"
WorkingDir: /project
ExitCode: 4 Duration: 0s108ms
DisplayProgressbar: Incremental Player Build
ExitCode: 0 Duration: 0s518ms
Starting: /opt/unity/Editor/Data/Tools/BuildPipeline/bee_backend --ipc --dagfile="Library/Bee/Player237fa2af.dag" --dagfilejson="Library/Bee/Player237fa2af.dag.json" --profile="Library/Bee/backend2.traceevents" Player
WorkingDir: /project
Finished compiling graph: 157 nodes, 422 flattened edges (422 ToBuild, 0 ToUse), maximum node priority 118
[  1/156    0s] WriteText Library/Bee/artifacts/LinuxPlayerBuildProgram/Data/app.info
[  2/156    0s] CopyFiles build/Linux/PofudukFilo_Data/Resources/unity_builtin_extra
[  3/156    0s] WriteText Library/Bee/artifacts/csharpactions/boot.config_16d3.info
[  4/156    0s] CopyFiles build/Linux/PofudukFilo_Data/MonoBleedingEdge/x86_64/libmonobdwgc-2.0.so
[  5/156    0s] CopyFiles build/Linux/PofudukFilo_Data/MonoBleedingEdge/x86_64/libmono-native.so
[  6/156    0s] CopyFiles build/Linux/PofudukFilo_Data/app.info
[  7/156    0s] CopyFiles build/Linux/PofudukFilo_Data/MonoBleedingEdge/etc/mono/2.0/Browsers/Compat.browser
[  8/156    0s] CopyFiles build/Linux/libdecor-cairo.so
[  9/156    0s] CopyFiles build/Linux/PofudukFilo_Data/Resources/unity default resources
[ 10/156    0s] CopyFiles build/Linux/libdecor-0.so.0
[ 11/156    0s] CopyFiles build/Linux/PofudukFilo.x86_64
[ 12/156    0s] CopyFiles build/Linux/PofudukFilo_Data/Resources/UnityPlayer.png
[ 13/156    0s] CopyFiles build/Linux/PofudukFilo_Data/sharedassets0.assets
[ 14/156    0s] CopyFiles build/Linux/PofudukFilo_Data/resources.assets
[ 15/156    0s] CopyFiles build/Linux/PofudukFilo_Data/level0
[ 16/156    0s] CopyFiles build/Linux/PofudukFilo_Data/globalgamemanagers.assets
[ 17/156    0s] CopyFiles build/Linux/PofudukFilo_Data/globalgamemanagers
[ 18/156    0s] CopyFiles build/Linux/PofudukFilo_Data/ScriptingAssemblies.json
[ 19/156    0s] CopyFiles build/Linux/PofudukFilo_Data/RuntimeInitializeOnLoads.json
[ 20/156    0s] AddBootConfigGUID Library/Bee/artifacts/LinuxPlayerBuildProgram/boot.config
[ 21/156    0s] CopyFiles build/Linux/PofudukFilo_Data/MonoBleedingEdge/etc/mono/4.5/machine.config
[ 22/156    0s] CopyFiles build/Linux/PofudukFilo_Data/sharedassets0.assets.resS
[ 23/156    0s] CopyFiles build/Linux/PofudukFilo_Data/MonoBleedingEdge/etc/mono/2.0/web.config
[ 24/156    0s] CopyFiles build/Linux/PofudukFilo_Data/MonoBleedingEdge/etc/mono/4.0/Browsers/Compat.browser
[ 25/156    0s] CopyFiles build/Linux/PofudukFilo_Data/MonoBleedingEdge/etc/mono/4.0/DefaultWsdlHelpGenerator.aspx
[ 26/156    0s] CopyFiles build/Linux/PofudukFilo_Data/MonoBleedingEdge/etc/mono/4.0/machine.config
[ 27/156    0s] CopyFiles build/Linux/PofudukFilo_Data/MonoBleedingEdge/etc/mono/4.0/settings.map
[ 28/156    0s] CopyFiles build/Linux/PofudukFilo_Data/MonoBleedingEdge/etc/mono/4.0/web.config
[ 29/156    0s] CopyFiles build/Linux/PofudukFilo_Data/MonoBleedingEdge/etc/mono/4.5/Browsers/Compat.browser
[ 30/156    0s] CopyFiles build/Linux/PofudukFilo_Data/MonoBleedingEdge/etc/mono/4.5/DefaultWsdlHelpGenerator.aspx
[ 31/156    0s] CopyFiles build/Linux/PofudukFilo_Data/MonoBleedingEdge/etc/mono/4.5/settings.map
[ 32/156    0s] CopyFiles build/Linux/PofudukFilo_Data/MonoBleedingEdge/etc/mono/4.5/web.config
[ 33/156    0s] CopyFiles build/Linux/PofudukFilo_Data/MonoBleedingEdge/etc/mono/2.0/settings.map
[ 34/156    0s] CopyFiles build/Linux/PofudukFilo_Data/MonoBleedingEdge/etc/mono/config
[ 35/156    0s] CopyFiles build/Linux/PofudukFilo_Data/MonoBleedingEdge/etc/mono/browscap.ini
[ 36/156    0s] CopyFiles build/Linux/PofudukFilo_Data/MonoBleedingEdge/etc/mono/mconfig/config.xml
[ 37/156    0s] CopyFiles build/Linux/PofudukFilo_Data/MonoBleedingEdge/x86_64/libMonoPosixHelper.so
[ 38/156    0s] CopyFiles build/Linux/PofudukFilo_Data/boot.config
[ 39/156    0s] CopyFiles build/Linux/PofudukFilo_Data/MonoBleedingEdge/etc/mono/2.0/DefaultWsdlHelpGenerator.aspx
[ 40/156    0s] CopyFiles build/Linux/PofudukFilo_Data/MonoBleedingEdge/etc/mono/2.0/machine.config
[ 41/156    0s] CopyFiles build/Linux/UnityPlayer.so
[ 42/156    0s] UnityLinker /project/Library/Bee/artifacts/unitylinker_1ofc.traceevents
/opt/unity/Editor/Data/il2cpp/build/deploy/UnityLinker --allowed-assembly=/opt/unity/Editor/Data/PlaybackEngines/LinuxStandaloneSupport/Variations/mono/Managed/UnityEngine.AIModule.dll --allowed-assembly=/opt/unity/Editor/Data/PlaybackEngines/LinuxStandaloneSupport/Variations/mono/Managed/UnityEngine.AccessibilityModule.dll --allowed-assembly=/opt/unity/Editor/Data/PlaybackEngines/LinuxStandaloneSupport/Variations/mono/Managed/UnityEngine.AdaptivePerformanceModule.dll --allowed-assembly=/opt/unity/Editor/Data/PlaybackEngines/LinuxStandaloneSupport/Variations/mono/Managed/UnityEngine.AndroidJNIModule.dll --allowed-assembly=/opt/unity/Editor/Data/PlaybackEngines/LinuxStandaloneSupport/Variations/mono/Managed/UnityEngine.AnimationModule.dll --allowed-assembly=/opt/unity/Editor/Data/PlaybackEngines/LinuxStandaloneSupport/Variations/mono/Managed/UnityEngine.AssetBundleModule.dll --allowed-assembly=/opt/unity/Editor/Data/PlaybackEngines/LinuxStandaloneSupport/Variations/mono/Managed/UnityEngine.AudioModule.dll --allowed-assembly=/opt/unity/Editor/Data/PlaybackEngines/LinuxStandaloneSupport/Variations/mono/Managed/UnityEngine.ClothModule.dll --allowed-assembly=/opt/unity/Editor/Data/PlaybackEngines/LinuxStandaloneSupport/Variations/mono/Managed/UnityEngine.ClusterInputModule.dll --allowed-assembly=/opt/unity/Editor/Data/PlaybackEngines/LinuxStandaloneSupport/Variations/mono/Managed/UnityEngine.ClusterRendererModule.dll --allowed-assembly=/opt/unity/Editor/Data/PlaybackEngines/LinuxStandaloneSupport/Variations/mono/Managed/UnityEngine.ContentLoadModule.dll --allowed-assembly=/opt/unity/Editor/Data/PlaybackEngines/LinuxStandaloneSupport/Variations/mono/Managed/UnityEngine.CoreModule.dll --allowed-assembly=/opt/unity/Editor/Data/PlaybackEngines/LinuxStandaloneSupport/Variations/mono/Managed/UnityEngine.CrashReportingModule.dll --allowed-assembly=/opt/unity/Editor/Data/PlaybackEngines/LinuxStandaloneSupport/Variations/mono/Managed/UnityEngine.DSPGraphModule.dll --allowed-assembly=/opt/unity/Editor/Data/PlaybackEngines/LinuxStandaloneSupport/Variations/mono/Managed/UnityEngine.DirectorModule.dll --allowed-assembly=/opt/unity/Editor/Data/PlaybackEngines/LinuxStandaloneSupport/Variations/mono/Managed/UnityEngine.GIModule.dll --allowed-assembly=/opt/unity/Editor/Data/PlaybackEngines/LinuxStandaloneSupport/Variations/mono/Managed/UnityEngine.GameCenterModule.dll --allowed-assembly=/opt/unity/Editor/Data/PlaybackEngines/LinuxStandaloneSupport/Variations/mono/Managed/UnityEngine.GraphicsStateCollectionSerializerModule.dll --allowed-assembly=/opt/unity/Editor/Data/PlaybackEngines/LinuxStandaloneSupport/Variations/mono/Managed/UnityEngine.GridModule.dll --allowed-assembly=/opt/unity/Editor/Data/PlaybackEngines/LinuxStandaloneSupport/Variations/mono/Managed/UnityEngine.HierarchyCoreModule.dll --allowed-assembly=/opt/unity/Editor/Data/PlaybackEngines/LinuxStandaloneSupport/Variations/mono/Managed/UnityEngine.HierarchyModule.dll --allowed-assembly=/opt/unity/Editor/Data/PlaybackEngines/LinuxStandaloneSupport/Variations/mono/Managed/UnityEngine.HotReloadModule.dll --allowed-assembly=/opt/unity/Editor/Data/PlaybackEngines/LinuxStandaloneSupport/Variations/mono/Managed/UnityEngine.IMGUIModule.dll --allowed-assembly=/opt/unity/Editor/Data/PlaybackEngines/LinuxStandaloneSupport/Variations/mono/Managed/UnityEngine.IdentifiersModule.dll --allowed-assembly=/opt/unity/Editor/Data/PlaybackEngines/LinuxStandaloneSupport/Variations/mono/Managed/UnityEngine.ImageConversionModule.dll --allowed-assembly=/opt/unity/Editor/Data/PlaybackEngines/LinuxStandaloneSupport/Variations/mono/Managed/UnityEngine.InputForUIModule.dll --allowed-assembly=/opt/unity/Editor/Data/PlaybackEngines/LinuxStandaloneSupport/Variations/mono/Managed/UnityEngine.InputLegacyModule.dll --allowed-assembly=/opt/unity/Editor/Data/PlaybackEngines/LinuxStandaloneSupport/Variations/mono/Managed/UnityEngine.InputModule.dll --allowed-assembly=/opt/unity/Editor/Data/PlaybackEngines/LinuxStandaloneSupport/Variations/mono/Managed/UnityEngine.JSONSerializeModule.dll --allowed-assembly=/opt/unity/Editor/Data/PlaybackEngines/LinuxStandaloneSupport/Variations/mono/Managed/UnityEngine.LocalizationModule.dll --allowed-assembly=/opt/unity/Editor/Data/PlaybackEngines/LinuxStandaloneSupport/Variations/mono/Managed/UnityEngine.MarshallingModule.dll --allowed-assembly=/opt/unity/Editor/Data/PlaybackEngines/LinuxStandaloneSupport/Variations/mono/Managed/UnityEngine.MultiplayerModule.dll --allowed-assembly=/opt/unity/Editor/Data/PlaybackEngines/LinuxStandaloneSupport/Variations/mono/Managed/UnityEngine.ParticleSystemModule.dll --allowed-assembly=/opt/unity/Editor/Data/PlaybackEngines/LinuxStandaloneSupport/Variations/mono/Managed/UnityEngine.PerformanceReportingModule.dll --allowed-assembly=/opt/unity/Editor/Data/PlaybackEngines/LinuxStandaloneSupport/Variations/mono/Managed/UnityEngine.Physics2DModule.dll --allowed-assembly=/opt/unity/Editor/Data/PlaybackEngines/LinuxStandaloneSupport/Variations/mono/Managed/UnityEngine.PhysicsBackendPhysXModule.dll --allowed-assembly=/opt/unity/Editor/Data/PlaybackEngines/LinuxStandaloneSupport/Variations/mono/Managed/UnityEngine.PhysicsModule.dll --allowed-assembly=/opt/unity/Editor/Data/PlaybackEngines/LinuxStandaloneSupport/Variations/mono/Managed/UnityEngine.PropertiesModule.dll --allowed-assembly=/opt/unity/Editor/Data/PlaybackEngines/LinuxStandaloneSupport/Variations/mono/Managed/UnityEngine.RenderAs2DModule.dll --allowed-assembly=/opt/unity/Editor/Data/PlaybackEngines/LinuxStandaloneSupport/Variations/mono/Managed/UnityEngine.RuntimeInitializeOnLoadManagerInitializerModule.dll --allowed-assembly=/opt/unity/Editor/Data/PlaybackEngines/LinuxStandaloneSupport/Variations/mono/Managed/UnityEngine.ScreenCaptureModule.dll --allowed-assembly=/opt/unity/Editor/Data/PlaybackEngines/LinuxStandaloneSupport/Variations/mono/Managed/UnityEngine.ShaderRuntimeModule.dll --allowed-assembly=/opt/unity/Editor/Data/PlaybackEngines/LinuxStandaloneSupport/Variations/mono/Managed/UnityEngine.ShaderVariantAnalyticsModule.dll --allowed-assembly=/opt/unity/Editor/Data/PlaybackEngines/LinuxStandaloneSupport/Variations/mono/Managed/UnityEngine.SharedInternalsModule.dll --allowed-assembly=/opt/unity/Editor/Data/PlaybackEngines/LinuxStandaloneSupport/Variations/mono/Managed/UnityEngine.SpriteMaskModule.dll --allowed-assembly=/opt/unity/Editor/Data/PlaybackEngines/LinuxStandaloneSupport/Variations/mono/Managed/UnityEngine.SpriteShapeModule.dll --allowed-assembly=/opt/unity/Editor/Data/PlaybackEngines/LinuxStandaloneSupport/Variations/mono/Managed/UnityEngine.StreamingModule.dll --allowed-assembly=/opt/unity/Editor/Data/PlaybackEngines/LinuxStandaloneSupport/Variations/mono/Managed/UnityEngine.SubstanceModule.dll --allowed-assembly=/opt/unity/Editor/Data/PlaybackEngines/LinuxStandaloneSupport/Variations/mono/Managed/UnityEngine.SubsystemsModule.dll --allowed-assembly=/opt/unity/Editor/Data/PlaybackEngines/LinuxStandaloneSupport/Variations/mono/Managed/UnityEngine.TLSModule.dll --allowed-assembly=/opt/unity/Editor/Data/PlaybackEngines/LinuxStandaloneSupport/Variations/mono/Managed/UnityEngine.TerrainModule.dll --allowed-assembly=/opt/unity/Editor/Data/PlaybackEngines/LinuxStandaloneSupport/Variations/mono/Managed/UnityEngine.TerrainPhysicsModule.dll --allowed-assembly=/opt/unity/Editor/Data/PlaybackEngines/LinuxStandaloneSupport/Variations/mono/Managed/UnityEngine.TextCoreFontEngineModule.dll --allowed-assembly=/opt/unity/Editor/Data/PlaybackEngines/LinuxStandaloneSupport/Variations/mono/Managed/UnityEngine.TextCoreTextEngineModule.dll --allowed-assembly=/opt/unity/Editor/Data/PlaybackEngines/LinuxStandaloneSupport/Variations/mono/Managed/UnityEngine.TextRenderingModule.dll --allowed-assembly=/opt/unity/Editor/Data/PlaybackEngines/LinuxStandaloneSupport/Variations/mono/Managed/UnityEngine.TilemapModule.dll --allowed-assembly=/opt/unity/Editor/Data/PlaybackEngines/LinuxStandaloneSupport/Variations/mono/Managed/UnityEngine.UIElementsModule.dll --allowed-assembly=/opt/unity/Editor/Data/PlaybackEngines/LinuxStandaloneSupport/Variations/mono/Managed/UnityEngine.UIModule.dll --allowed-assembly=/opt/unity/Editor/Data/PlaybackEngines/LinuxStandaloneSupport/Variations/mono/Managed/UnityEngine.UmbraModule.dll --allowed-assembly=/opt/unity/Editor/Data/PlaybackEngines/LinuxStandaloneSupport/Variations/mono/Managed/UnityEngine.UnityAnalyticsCommonModule.dll --allowed-assembly=/opt/unity/Editor/Data/PlaybackEngines/LinuxStandaloneSupport/Variations/mono/Managed/UnityEngine.UnityAnalyticsModule.dll --allowed-assembly=/opt/unity/Editor/Data/PlaybackEngines/LinuxStandaloneSupport/Variations/mono/Managed/UnityEngine.UnityConnectModule.dll --allowed-assembly=/opt/unity/Editor/Data/PlaybackEngines/LinuxStandaloneSupport/Variations/mono/Managed/UnityEngine.UnityConsentModule.dll --allowed-assembly=/opt/unity/Editor/Data/PlaybackEngines/LinuxStandaloneSupport/Variations/mono/Managed/UnityEngine.UnityCurlModule.dll --allowed-assembly=/opt/unity/Editor/Data/PlaybackEngines/LinuxStandaloneSupport/Variations/mono/Managed/UnityEngine.UnityWebRequestAssetBundleModule.dll --allowed-assembly=/opt/unity/Editor/Data/PlaybackEngines/LinuxStandaloneSupport/Variations/mono/Managed/UnityEngine.UnityWebRequestAudioModule.dll --allowed-assembly=/opt/unity/Editor/Data/PlaybackEngines/LinuxStandaloneSupport/Variations/mono/Managed/UnityEngine.UnityWebRequestModule.dll --allowed-assembly=/opt/unity/Editor/Data/PlaybackEngines/LinuxStandaloneSupport/Variations/mono/Managed/UnityEngine.UnityWebRequestTextureModule.dll --allowed-assembly=/opt/unity/Editor/Data/PlaybackEngines/LinuxStandaloneSupport/Variations/mono/Managed/UnityEngine.UnityWebRequestWWWModule.dll --allowed-assembly=/opt/unity/Editor/Data/PlaybackEngines/LinuxStandaloneSupport/Variations/mono/Managed/UnityEngine.VFXModule.dll --allowed-assembly=/opt/unity/Editor/Data/PlaybackEngines/LinuxStandaloneSupport/Variations/mono/Managed/UnityEngine.VRModule.dll --allowed-assembly=/opt/unity/Editor/Data/PlaybackEngines/LinuxStandaloneSupport/Variations/mono/Managed/UnityEngine.VectorGraphicsModule.dll --allowed-assembly=/opt/unity/Editor/Data/PlaybackEngines/LinuxStandaloneSupport/Variations/mono/Managed/UnityEngine.VehiclesModule.dll --allowed-assembly=/opt/unity/Editor/Data/PlaybackEngines/LinuxStandaloneSupport/Variations/mono/Managed/UnityEngine.VideoModule.dll --allowed-assembly=/opt/unity/Editor/Data/PlaybackEngines/LinuxStandaloneSupport/Variations/mono/Managed/UnityEngine.VirtualTexturingModule.dll --allowed-assembly=/opt/unity/Editor/Data/PlaybackEngines/LinuxStandaloneSupport/Variations/mono/Managed/UnityEngine.WindModule.dll --allowed-assembly=/opt/unity/Editor/Data/PlaybackEngines/LinuxStandaloneSupport/Variations/mono/Managed/UnityEngine.XRModule.dll --allowed-assembly=/opt/unity/Editor/Data/PlaybackEngines/LinuxStandaloneSupport/Variations/mono/Managed/UnityEngine.dll --allowed-assembly=/project/Library/Bee/PlayerScriptAssemblies/PofudukFilo.Runtime.dll --allowed-assembly=/project/Library/Bee/PlayerScriptAssemblies/Unity.Burst.dll --allowed-assembly=/project/Library/Bee/PlayerScriptAssemblies/Unity.Collections.dll --allowed-assembly=/project/Library/Bee/PlayerScriptAssemblies/Unity.InputSystem.dll --allowed-assembly=/project/Library/Bee/PlayerScriptAssemblies/Unity.InputSystem.ForUI.dll --allowed-assembly=/project/Library/Bee/PlayerScriptAssemblies/Unity.InternalAPIEngineBridge.004.dll --allowed-assembly=/project/Library/Bee/PlayerScriptAssemblies/Unity.Mathematics.dll --allowed-assembly=/project/Library/Bee/PlayerScriptAssemblies/Unity.TextMeshPro.dll --allowed-assembly=/project/Library/Bee/PlayerScriptAssemblies/UnityEngine.UI.dll --allowed-assembly=/project/Library/PackageCache/com.google.ads.mobile@0e7fbe087950/GoogleMobileAds/GoogleMobileAds.Common.dll --allowed-assembly=/project/Library/PackageCache/com.unity.collections@84e8eb3fc12e/Unity.Collections.LowLevel.ILSupport/Unity.Collections.LowLevel.ILSupport.dll --allowed-assembly=/project/Library/PackageCache/com.google.ads.mobile@0e7fbe087950/GoogleMobileAds/GoogleMobileAds.dll --allowed-assembly=/project/Library/PackageCache/com.google.ads.mobile@0e7fbe087950/GoogleMobileAds/GoogleMobileAds.Core.dll --allowed-assembly=/project/Library/PackageCache/com.google.ads.mobile@0e7fbe087950/GoogleMobileAds/GoogleMobileAds.Ump.dll --allowed-assembly=/project/Library/PackageCache/com.unity.burst@2f3d916873ea/Unity.Burst.Unsafe.dll --allowed-assembly=/opt/unity/Editor/Data/MonoBleedingEdge/lib/mono/unityjit-linux/Accessibility.dll --allowed-assembly=/opt/unity/Editor/Data/MonoBleedingEdge/lib/mono/unityjit-linux/Commons.Xml.Relaxng.dll --allowed-assembly=/opt/unity/Editor/Data/MonoBleedingEdge/lib/mono/unityjit-linux/CustomMarshalers.dll --allowed-assembly=/opt/unity/Editor/Data/MonoBleedingEdge/lib/mono/unityjit-linux/Facades/Microsoft.Win32.Primitives.dll --allowed-assembly=/opt/unity/Editor/Data/MonoBleedingEdge/lib/mono/unityjit-linux/Facades/Microsoft.Win32.Registry.AccessControl.dll --allowed-assembly=/opt/unity/Editor/Data/MonoBleedingEdge/lib/mono/unityjit-linux/Facades/Microsoft.Win32.Registry.dll --allowed-assembly=/opt/unity/Editor/Data/MonoBleedingEdge/lib/mono/unityjit-linux/Facades/System.AppContext.dll --allowed-assembly=/opt/unity/Editor/Data/MonoBleedingEdge/lib/mono/unityjit-linux/Facades/System.Buffers.dll --allowed-assembly=/opt/unity/Editor/Data/MonoBleedingEdge/lib/mono/unityjit-linux/Facades/System.Collections.Concurrent.dll --allowed-assembly=/opt/unity/Editor/Data/MonoBleedingEdge/lib/mono/unityjit-linux/Facades/System.Collections.NonGeneric.dll --allowed-assembly=/opt/unity/Editor/Data/MonoBleedingEdge/lib/mono/unityjit-linux/Facades/System.Collections.Specialized.dll --allowed-assembly=/opt/unity/Editor/Data/MonoBleedingEdge/lib/mono/unityjit-linux/Facades/System.Collections.dll --allowed-assembly=/opt/unity/Editor/Data/MonoBleedingEdge/lib/mono/unityjit-linux/Facades/System.ComponentModel.Annotations.dll --allowed-assembly=/opt/unity/Editor/Data/MonoBleedingEdge/lib/mono/unityjit-linux/Facades/System.ComponentModel.EventBasedAsync.dll --allowed-assembly=/opt/unity/Editor/Data/MonoBleedingEdge/lib/mono/unityjit-linux/Facades/System.ComponentModel.Primitives.dll --allowed-assembly=/opt/unity/Editor/Data/MonoBleedingEdge/lib/mono/unityjit-linux/Facades/System.ComponentModel.TypeConverter.dll --allowed-assembly=/opt/unity/Editor/Data/MonoBleedingEdge/lib/mono/unityjit-linux/Facades/System.ComponentModel.dll --allowed-assembly=/opt/unity/Editor/Data/MonoBleedingEdge/lib/mono/unityjit-linux/Facades/System.Console.dll --allowed-assembly=/opt/unity/Editor/Data/MonoBleedingEdge/lib/mono/unityjit-linux/Facades/System.Data.Common.dll --allowed-assembly=/opt/unity/Editor/Data/MonoBleedingEdge/lib/mono/unityjit-linux/Facades/System.Data.SqlClient.dll --allowed-assembly=/opt/unity/Editor/Data/MonoBleedingEdge/lib/mono/unityjit-linux/Facades/System.Diagnostics.Contracts.dll --allowed-assembly=/opt/unity/Editor/Data/MonoBleedingEdge/lib/mono/unityjit-linux/Facades/System.Diagnostics.Debug.dll --allowed-assembly=/opt/unity/Editor/Data/MonoBleedingEdge/lib/mono/unityjit-linux/Facades/System.Diagnostics.FileVersionInfo.dll --allowed-assembly=/opt/unity/Editor/Data/MonoBleedingEdge/lib/mono/unityjit-linux/Facades/System.Diagnostics.Process.dll --allowed-assembly=/opt/unity/Editor/Data/MonoBleedingEdge/lib/mono/unityjit-linux/Facades/System.Diagnostics.StackTrace.dll --allowed-assembly=/opt/unity/Editor/Data/MonoBleedingEdge/lib/mono/unityjit-linux/Facades/System.Diagnostics.TextWriterTraceListener.dll --allowed-assembly=/opt/unity/Editor/Data/MonoBleedingEdge/lib/mono/unityjit-linux/Facades/System.Diagnostics.Tools.dll --allowed-assembly=/opt/unity/Editor/Data/MonoBleedingEdge/lib/mono/unityjit-linux/Facades/System.Diagnostics.TraceEvent.dll --allowed-assembly=/opt/unity/Editor/Data/MonoBleedingEdge/lib/mono/unityjit-linux/Facades/System.Diagnostics.TraceSource.dll --allowed-assembly=/opt/unity/Editor/Data/MonoBleedingEdge/lib/mono/unityjit-linux/Facades/System.Diagnostics.Tracing.dll --allowed-assembly=/opt/unity/Editor/Data/MonoBleedingEdge/lib/mono/unityjit-linux/Facades/System.Drawing.Primitives.dll --allowed-assembly=/opt/unity/Editor/Data/MonoBleedingEdge/lib/mono/unityjit-linux/Facades/System.Dynamic.Runtime.dll --allowed-assembly=/opt/unity/Editor/Data/MonoBleedingEdge/lib/mono/unityjit-linux/Facades/System.Globalization.Calendars.dll --allowed-assembly=/opt/unity/Editor/Data/MonoBleedingEdge/lib/mono/unityjit-linux/Facades/System.Globalization.Extensions.dll --allowed-assembly=/opt/unity/Editor/Data/MonoBleedingEdge/lib/mono/unityjit-linux/Facades/System.Globalization.dll --allowed-assembly=/opt/unity/Editor/Data/MonoBleedingEdge/lib/mono/unityjit-linux/Facades/System.IO.Compression.ZipFile.dll --allowed-assembly=/opt/unity/Editor/Data/MonoBleedingEdge/lib/mono/unityjit-linux/Facades/System.IO.FileSystem.AccessControl.dll --allowed-assembly=/opt/unity/Editor/Data/MonoBleedingEdge/lib/mono/unityjit-linux/Facades/System.IO.FileSystem.DriveInfo.dll --allowed-assembly=/opt/unity/Editor/Data/MonoBleedingEdge/lib/mono/unityjit-linux/Facades/System.IO.FileSystem.Primitives.dll --allowed-assembly=/opt/unity/Editor/Data/MonoBleedingEdge/lib/mono/unityjit-linux/Facades/System.IO.FileSystem.Watcher.dll --allowed-assembly=/opt/unity/Editor/Data/MonoBleedingEdge/lib/mono/unityjit-linux/Facades/System.IO.FileSystem.dll --allowed-assembly=/opt/unity/Editor/Data/MonoBleedingEdge/lib/mono/unityjit-linux/Facades/System.IO.IsolatedStorage.dll --allowed-assembly=/opt/unity/Editor/Data/MonoBleedingEdge/lib/mono/unityjit-linux/Facades/System.IO.MemoryMappedFiles.dll --allowed-assembly=/opt/unity/Editor/Data/MonoBleedingEdge/lib/mono/unityjit-linux/Facades/System.IO.Pipes.dll --allowed-assembly=/opt/unity/Editor/Data/MonoBleedingEdge/lib/mono/unityjit-linux/Facades/System.IO.UnmanagedMemoryStream.dll --allowed-assembly=/opt/unity/Editor/Data/MonoBleedingEdge/lib/mono/unityjit-linux/Facades/System.IO.dll --allowed-assembly=/opt/unity/Editor/Data/MonoBleedingEdge/lib/mono/unityjit-linux/Facades/System.Linq.Expressions.dll --allowed-assembly=/opt/unity/Editor/Data/MonoBleedingEdge/lib/mono/unityjit-linux/Facades/System.Linq.Parallel.dll --allowed-assembly=/opt/unity/Editor/Data/MonoBleedingEdge/lib/mono/unityjit-linux/Facades/System.Linq.Queryable.dll --allowed-assembly=/opt/unity/Editor/Data/MonoBleedingEdge/lib/mono/unityjit-linux/Facades/System.Linq.dll --allowed-assembly=/opt/unity/Editor/Data/MonoBleedingEdge/lib/mono/unityjit-linux/Facades/System.Memory.dll --allowed-assembly=/opt/unity/Editor/Data/MonoBleedingEdge/lib/mono/unityjit-linux/Facades/System.Net.AuthenticationManager.dll --allowed-assembly=/opt/unity/Editor/Data/MonoBleedingEdge/lib/mono/unityjit-linux/Facades/System.Net.Cache.dll --allowed-assembly=/opt/unity/Editor/Data/MonoBleedingEdge/lib/mono/unityjit-linux/Facades/System.Net.Http.Rtc.dll --allowed-assembly=/opt/unity/Editor/Data/MonoBleedingEdge/lib/mono/unityjit-linux/Facades/System.Net.HttpListener.dll --allowed-assembly=/opt/unity/Editor/Data/MonoBleedingEdge/lib/mono/unityjit-linux/Facades/System.Net.Mail.dll --allowed-assembly=/opt/unity/Editor/Data/MonoBleedingEdge/lib/mono/unityjit-linux/Facades/System.Net.NameResolution.dll --allowed-assembly=/opt/unity/Editor/Data/MonoBleedingEdge/lib/mono/unityjit-linux/Facades/System.Net.NetworkInformation.dll --allowed-assembly=/opt/unity/Editor/Data/MonoBleedingEdge/lib/mono/unityjit-linux/Facades/System.Net.Ping.dll --allowed-assembly=/opt/unity/Editor/Data/MonoBleedingEdge/lib/mono/unityjit-linux/Facades/System.Net.Primitives.dll --allowed-assembly=/opt/unity/Editor/Data/MonoBleedingEdge/lib/mono/unityjit-linux/Facades/System.Net.Requests.dll --allowed-assembly=/opt/unity/Editor/Data/MonoBleedingEdge/lib/mono/unityjit-linux/Facades/System.Net.Security.dll --allowed-assembly=/opt/unity/Editor/Data/MonoBleedingEdge/lib/mono/unityjit-linux/Facades/System.Net.ServicePoint.dll --allowed-assembly=/opt/unity/Editor/Data/MonoBleedingEdge/lib/mono/unityjit-linux/Facades/System.Net.Sockets.dll --allowed-assembly=/opt/unity/Editor/Data/MonoBleedingEdge/lib/mono/unityjit-linux/Facades/System.Net.Utilities.dll --allowed-assembly=/opt/unity/Editor/Data/MonoBleedingEdge/lib/mono/unityjit-linux/Facades/System.Net.WebHeaderCollection.dll --allowed-assembly=/opt/unity/Editor/Data/MonoBleedingEdge/lib/mono/unityjit-linux/Facades/System.Net.WebSockets.Client.dll --allowed-assembly=/opt/unity/Editor/Data/MonoBleedingEdge/lib/mono/unityjit-linux/Facades/System.Net.WebSockets.dll --allowed-assembly=/opt/unity/Editor/Data/MonoBleedingEdge/lib/mono/unityjit-linux/Facades/System.ObjectModel.dll --allowed-assembly=/opt/unity/Editor/Data/MonoBleedingEdge/lib/mono/unityjit-linux/Facades/System.Reflection.DispatchProxy.dll --allowed-assembly=/opt/unity/Editor/Data/MonoBleedingEdge/lib/mono/unityjit-linux/Facades/System.Reflection.Emit.ILGeneration.dll --allowed-assembly=/opt/unity/Editor/Data/MonoBleedingEdge/lib/mono/unityjit-linux/Facades/System.Reflection.Emit.Lightweight.dll --allowed-assembly=/opt/unity/Editor/Data/MonoBleedingEdge/lib/mono/unityjit-linux/Facades/System.Reflection.Emit.dll --allowed-assembly=/opt/unity/Editor/Data/MonoBleedingEdge/lib/mono/unityjit-linux/Facades/System.Reflection.Extensions.dll --allowed-assembly=/opt/unity/Editor/Data/MonoBleedingEdge/lib/mono/unityjit-linux/Facades/System.Reflection.Primitives.dll --allowed-assembly=/opt/unity/Editor/Data/MonoBleedingEdge/lib/mono/unityjit-linux/Facades/System.Reflection.TypeExtensions.dll --allowed-assembly=/opt/unity/Editor/Data/MonoBleedingEdge/lib/mono/unityjit-linux/Facades/System.Reflection.dll --allowed-assembly=/opt/unity/Editor/Data/MonoBleedingEdge/lib/mono/unityjit-linux/Facades/System.Resources.Reader.dll --allowed-assembly=/opt/unity/Editor/Data/MonoBleedingEdge/lib/mono/unityjit-linux/Facades/System.Resources.ReaderWriter.dll --allowed-assembly=/opt/unity/Editor/Data/MonoBleedingEdge/lib/mono/unityjit-linux/Facades/System.Resources.ResourceManager.dll --allowed-assembly=/opt/unity/Editor/Data/MonoBleedingEdge/lib/mono/unityjit-linux/Facades/System.Resources.Writer.dll --allowed-assembly=/opt/unity/Editor/Data/MonoBleedingEdge/lib/mono/unityjit-linux/Facades/System.Runtime.CompilerServices.VisualC.dll --allowed-assembly=/opt/unity/Editor/Data/MonoBleedingEdge/lib/mono/unityjit-linux/Facades/System.Runtime.Extensions.dll --allowed-assembly=/opt/unity/Editor/Data/MonoBleedingEdge/lib/mono/unityjit-linux/Facades/System.Runtime.Handles.dll --allowed-assembly=/opt/unity/Editor/Data/MonoBleedingEdge/lib/mono/unityjit-linux/Facades/System.Runtime.InteropServices.RuntimeInformation.dll --allowed-assembly=/opt/unity/Editor/Data/MonoBleedingEdge/lib/mono/unityjit-linux/Facades/System.Runtime.InteropServices.WindowsRuntime.dll --allowed-assembly=/opt/unity/Editor/Data/MonoBleedingEdge/lib/mono/unityjit-linux/Facades/System.Runtime.InteropServices.dll --allowed-assembly=/opt/unity/Editor/Data/MonoBleedingEdge/lib/mono/unityjit-linux/Facades/System.Runtime.Loader.dll --allowed-assembly=/opt/unity/Editor/Data/MonoBleedingEdge/lib/mono/unityjit-linux/Facades/System.Runtime.Numerics.dll --allowed-assembly=/opt/unity/Editor/Data/MonoBleedingEdge/lib/mono/unityjit-linux/Facades/System.Runtime.Serialization.Formatters.dll --allowed-assembly=/opt/unity/Editor/Data/MonoBleedingEdge/lib/mono/unityjit-linux/Facades/System.Runtime.Serialization.Json.dll --allowed-assembly=/opt/unity/Editor/Data/MonoBleedingEdge/lib/mono/unityjit-linux/Facades/System.Runtime.Serialization.Primitives.dll --allowed-assembly=/opt/unity/Editor/Data/MonoBleedingEdge/lib/mono/unityjit-linux/Facades/System.Runtime.Serialization.Xml.dll --allowed-assembly=/opt/unity/Editor/Data/MonoBleedingEdge/lib/mono/unityjit-linux/Facades/System.Runtime.dll --allowed-assembly=/opt/unity/Editor/Data/MonoBleedingEdge/lib/mono/unityjit-linux/Facades/System.Security.AccessControl.dll --allowed-assembly=/opt/unity/Editor/Data/MonoBleedingEdge/lib/mono/unityjit-linux/Facades/System.Security.Claims.dll --allowed-assembly=/opt/unity/Editor/Data/MonoBleedingEdge/lib/mono/unityjit-linux/Facades/System.Security.Cryptography.Algorithms.dll --allowed-assembly=/opt/unity/Editor/Data/MonoBleedingEdge/lib/mono/unityjit-linux/Facades/System.Security.Cryptography.Cng.dll --allowed-assembly=/opt/unity/Editor/Data/MonoBleedingEdge/lib/mono/unityjit-linux/Facades/System.Security.Cryptography.Csp.dll --allowed-assembly=/opt/unity/Editor/Data/MonoBleedingEdge/lib/mono/unityjit-linux/Facades/System.Security.Cryptography.DeriveBytes.dll --allowed-assembly=/opt/unity/Editor/Data/MonoBleedingEdge/lib/mono/unityjit-linux/Facades/System.Security.Cryptography.Encoding.dll --allowed-assembly=/opt/unity/Editor/Data/MonoBleedingEdge/lib/mono/unityjit-linux/Facades/System.Security.Cryptography.Encryption.Aes.dll --allowed-assembly=/opt/unity/Editor/Data/MonoBleedingEdge/lib/mono/unityjit-linux/Facades/System.Security.Cryptography.Encryption.ECDiffieHellman.dll --allowed-assembly=/opt/unity/Editor/Data/MonoBleedingEdge/lib/mono/unityjit-linux/Facades/System.Security.Cryptography.Encryption.ECDsa.dll --allowed-assembly=/opt/unity/Editor/Data/MonoBleedingEdge/lib/mono/unityjit-linux/Facades/System.Security.Cryptography.Encryption.dll --allowed-assembly=/opt/unity/Editor/Data/MonoBleedingEdge/lib/mono/unityjit-linux/Facades/System.Security.Cryptography.Hashing.Algorithms.dll --allowed-assembly=/opt/unity/Editor/Data/MonoBleedingEdge/lib/mono/unityjit-linux/Facades/System.Security.Cryptography.Hashing.dll --allowed-assembly=/opt/unity/Editor/Data/MonoBleedingEdge/lib/mono/unityjit-linux/Facades/System.Security.Cryptography.OpenSsl.dll --allowed-assembly=/opt/unity/Editor/Data/MonoBleedingEdge/lib/mono/unityjit-linux/Facades/System.Security.Cryptography.Pkcs.dll --allowed-assembly=/opt/unity/Editor/Data/MonoBleedingEdge/lib/mono/unityjit-linux/Facades/System.Security.Cryptography.Primitives.dll --allowed-assembly=/opt/unity/Editor/Data/MonoBleedingEdge/lib/mono/unityjit-linux/Facades/System.Security.Cryptography.ProtectedData.dll --allowed-assembly=/opt/unity/Editor/Data/MonoBleedingEdge/lib/mono/unityjit-linux/Facades/System.Security.Cryptography.RSA.dll --allowed-assembly=/opt/unity/Editor/Data/MonoBleedingEdge/lib/mono/unityjit-linux/Facades/System.Security.Cryptography.RandomNumberGenerator.dll --allowed-assembly=/opt/unity/Editor/Data/MonoBleedingEdge/lib/mono/unityjit-linux/Facades/System.Security.Cryptography.X509Certificates.dll --allowed-assembly=/opt/unity/Editor/Data/MonoBleedingEdge/lib/mono/unityjit-linux/Facades/System.Security.Principal.Windows.dll --allowed-assembly=/opt/unity/Editor/Data/MonoBleedingEdge/lib/mono/unityjit-linux/Facades/System.Security.Principal.dll --allowed-assembly=/opt/unity/Editor/Data/MonoBleedingEdge/lib/mono/unityjit-linux/Facades/System.Security.SecureString.dll --allowed-assembly=/opt/unity/Editor/Data/MonoBleedingEdge/lib/mono/unityjit-linux/Facades/System.ServiceModel.Duplex.dll --allowed-assembly=/opt/unity/Editor/Data/MonoBleedingEdge/lib/mono/unityjit-linux/Facades/System.ServiceModel.Http.dll --allowed-assembly=/opt/unity/Editor/Data/MonoBleedingEdge/lib/mono/unityjit-linux/Facades/System.ServiceModel.NetTcp.dll --allowed-assembly=/opt/unity/Editor/Data/MonoBleedingEdge/lib/mono/unityjit-linux/Facades/System.ServiceModel.Primitives.dll --allowed-assembly=/opt/unity/Editor/Data/MonoBleedingEdge/lib/mono/unityjit-linux/Facades/System.ServiceModel.Security.dll --allowed-assembly=/opt/unity/Editor/Data/MonoBleedingEdge/lib/mono/unityjit-linux/Facades/System.ServiceProcess.ServiceController.dll --allowed-assembly=/opt/unity/Editor/Data/MonoBleedingEdge/lib/mono/unityjit-linux/Facades/System.Text.Encoding.CodePages.dll --allowed-assembly=/opt/unity/Editor/Data/MonoBleedingEdge/lib/mono/unityjit-linux/Facades/System.Text.Encoding.Extensions.dll --allowed-assembly=/opt/unity/Editor/Data/MonoBleedingEdge/lib/mono/unityjit-linux/Facades/System.Text.Encoding.dll --allowed-assembly=/opt/unity/Editor/Data/MonoBleedingEdge/lib/mono/unityjit-linux/Facades/System.Text.RegularExpressions.dll --allowed-assembly=/opt/unity/Editor/Data/MonoBleedingEdge/lib/mono/unityjit-linux/Facades/System.Threading.AccessControl.dll --allowed-assembly=/opt/unity/Editor/Data/MonoBleedingEdge/lib/mono/unityjit-linux/Facades/System.Threading.Overlapped.dll --allowed-assembly=/opt/unity/Editor/Data/MonoBleedingEdge/lib/mono/unityjit-linux/Facades/System.Threading.Tasks.Extensions.dll --allowed-assembly=/opt/unity/Editor/Data/MonoBleedingEdge/lib/mono/unityjit-linux/Facades/System.Threading.Tasks.Parallel.dll --allowed-assembly=/opt/unity/Editor/Data/MonoBleedingEdge/lib/mono/unityjit-linux/Facades/System.Threading.Tasks.dll --allowed-assembly=/opt/unity/Editor/Data/MonoBleedingEdge/lib/mono/unityjit-linux/Facades/System.Threading.Thread.dll --allowed-assembly=/opt/unity/Editor/Data/MonoBleedingEdge/lib/mono/unityjit-linux/Facades/System.Threading.ThreadPool.dll --allowed-assembly=/opt/unity/Editor/Data/MonoBleedingEdge/lib/mono/unityjit-linux/Facades/System.Threading.Timer.dll --allowed-assembly=/opt/unity/Editor/Data/MonoBleedingEdge/lib/mono/unityjit-linux/Facades/System.Threading.dll --allowed-assembly=/opt/unity/Editor/Data/MonoBleedingEdge/lib/mono/unityjit-linux/Facades/System.ValueTuple.dll --allowed-assembly=/opt/unity/Editor/Data/MonoBleedingEdge/lib/mono/unityjit-linux/Facades/System.Xml.ReaderWriter.dll --allowed-assembly=/opt/unity/Editor/Data/MonoBleedingEdge/lib/mono/unityjit-linux/Facades/System.Xml.XDocument.dll --allowed-assembly=/opt/unity/Editor/Data/MonoBleedingEdge/lib/mono/unityjit-linux/Facades/System.Xml.XPath.XDocument.dll --allowed-assembly=/opt/unity/Editor/Data/MonoBleedingEdge/lib/mono/unityjit-linux/Facades/System.Xml.XPath.XmlDocument.dll --allowed-assembly=/opt/unity/Editor/Data/MonoBleedingEdge/lib/mono/unityjit-linux/Facades/System.Xml.XPath.dll --allowed-assembly=/opt/unity/Editor/Data/MonoBleedingEdge/lib/mono/unityjit-linux/Facades/System.Xml.XmlDocument.dll --allowed-assembly=/opt/unity/Editor/Data/MonoBleedingEdge/lib/mono/unityjit-linux/Facades/System.Xml.XmlSerializer.dll --allowed-assembly=/opt/unity/Editor/Data/MonoBleedingEdge/lib/mono/unityjit-linux/Facades/System.Xml.Xsl.Primitives.dll --allowed-assembly=/opt/unity/Editor/Data/MonoBleedingEdge/lib/mono/unityjit-linux/Facades/netstandard.dll --allowed-assembly=/opt/unity/Editor/Data/MonoBleedingEdge/lib/mono/unityjit-linux/I18N.CJK.dll --allowed-assembly=/opt/unity/Editor/Data/MonoBleedingEdge/lib/mono/unityjit-linux/I18N.MidEast.dll --allowed-assembly=/opt/unity/Editor/Data/MonoBleedingEdge/lib/mono/unityjit-linux/I18N.Other.dll --allowed-assembly=/opt/unity/Editor/Data/MonoBleedingEdge/lib/mono/unityjit-linux/I18N.Rare.dll --allowed-assembly=/opt/unity/Editor/Data/MonoBleedingEdge/lib/mono/unityjit-linux/I18N.West.dll --allowed-assembly=/opt/unity/Editor/Data/MonoBleedingEdge/lib/mono/unityjit-linux/I18N.dll --allowed-assembly=/opt/unity/Editor/Data/MonoBleedingEdge/lib/mono/unityjit-linux/IBM.Data.DB2.dll --allowed-assembly=/opt/unity/Editor/Data/MonoBleedingEdge/lib/mono/unityjit-linux/ICSharpCode.SharpZipLib.dll --allowed-assembly=/opt/unity/Editor/Data/MonoBleedingEdge/lib/mono/unityjit-linux/Microsoft.Build.Engine.dll --allowed-assembly=/opt/unity/Editor/Data/MonoBleedingEdge/lib/mono/unityjit-linux/Microsoft.Build.Framework.dll --allowed-assembly=/opt/unity/Editor/Data/MonoBleedingEdge/lib/mono/unityjit-linux/Microsoft.Build.Tasks.v4.0.dll --allowed-assembly=/opt/unity/Editor/Data/MonoBleedingEdge/lib/mono/unityjit-linux/Microsoft.Build.Utilities.v4.0.dll --allowed-assembly=/opt/unity/Editor/Data/MonoBleedingEdge/lib/mono/unityjit-linux/Microsoft.Build.dll --allowed-assembly=/opt/unity/Editor/Data/MonoBleedingEdge/lib/mono/unityjit-linux/Microsoft.CSharp.dll --allowed-assembly=/opt/unity/Editor/Data/MonoBleedingEdge/lib/mono/unityjit-linux/Microsoft.VisualC.dll --allowed-assembly=/opt/unity/Editor/Data/MonoBleedingEdge/lib/mono/unityjit-linux/Microsoft.Web.Infrastructure.dll --allowed-assembly=/opt/unity/Editor/Data/MonoBleedingEdge/lib/mono/unityjit-linux/Mono.Btls.Interface.dll --allowed-assembly=/opt/unity/Editor/Data/MonoBleedingEdge/lib/mono/unityjit-linux/Mono.C5.dll --allowed-assembly=/opt/unity/Editor/Data/MonoBleedingEdge/lib/mono/unityjit-linux/Mono.CSharp.dll --allowed-assembly=/opt/unity/Editor/Data/MonoBleedingEdge/lib/mono/unityjit-linux/Mono.Cairo.dll --allowed-assembly=/opt/unity/Editor/Data/MonoBleedingEdge/lib/mono/unityjit-linux/Mono.CompilerServices.SymbolWriter.dll --allowed-assembly=/opt/unity/Editor/Data/MonoBleedingEdge/lib/mono/unityjit-linux/Mono.Data.Sqlite.dll --allowed-assembly=/opt/unity/Editor/Data/MonoBleedingEdge/lib/mono/unityjit-linux/Mono.Data.Tds.dll --allowed-assembly=/opt/unity/Editor/Data/MonoBleedingEdge/lib/mono/unityjit-linux/Mono.Http.dll --allowed-assembly=/opt/unity/Editor/Data/MonoBleedingEdge/lib/mono/unityjit-linux/Mono.Management.dll --allowed-assembly=/opt/unity/Editor/Data/MonoBleedingEdge/lib/mono/unityjit-linux/Mono.Messaging.RabbitMQ.dll --allowed-assembly=/opt/unity/Editor/Data/MonoBleedingEdge/lib/mono/unityjit-linux/Mono.Messaging.dll --allowed-assembly=/opt/unity/Editor/Data/MonoBleedingEdge/lib/mono/unityjit-linux/Mono.Options.dll --allowed-assembly=/opt/unity/Editor/Data/MonoBleedingEdge/lib/mono/unityjit-linux/Mono.Parallel.dll --allowed-assembly=/opt/unity/Editor/Data/MonoBleedingEdge/lib/mono/unityjit-linux/Mono.Posix.dll --allowed-assembly=/opt/unity/Editor/Data/MonoBleedingEdge/lib/mono/unityjit-linux/Mono.Profiler.Log.dll --allowed-assembly=/opt/unity/Editor/Data/MonoBleedingEdge/lib/mono/unityjit-linux/Mono.Security.Win32.dll --allowed-assembly=/opt/unity/Editor/Data/MonoBleedingEdge/lib/mono/unityjit-linux/Mono.Security.dll --allowed-assembly=/opt/unity/Editor/Data/MonoBleedingEdge/lib/mono/unityjit-linux/Mono.Simd.dll --allowed-assembly=/opt/unity/Editor/Data/MonoBleedingEdge/lib/mono/unityjit-linux/Mono.Tasklets.dll --allowed-assembly=/opt/unity/Editor/Data/MonoBleedingEdge/lib/mono/unityjit-linux/Mono.WebBrowser.dll --allowed-assembly=/opt/unity/Editor/Data/MonoBleedingEdge/lib/mono/unityjit-linux/Mono.XBuild.Tasks.dll --allowed-assembly=/opt/unity/Editor/Data/MonoBleedingEdge/lib/mono/unityjit-linux/Novell.Directory.Ldap.dll --allowed-assembly=/opt/unity/Editor/Data/MonoBleedingEdge/lib/mono/unityjit-linux/PEAPI.dll --allowed-assembly=/opt/unity/Editor/Data/MonoBleedingEdge/lib/mono/unityjit-linux/RabbitMQ.Client.dll --allowed-assembly=/opt/unity/Editor/Data/MonoBleedingEdge/lib/mono/unityjit-linux/SMDiagnostics.dll --allowed-assembly=/opt/unity/Editor/Data/MonoBleedingEdge/lib/mono/unityjit-linux/System.ComponentModel.Composition.dll --allowed-assembly=/opt/unity/Editor/Data/MonoBleedingEdge/lib/mono/unityjit-linux/System.ComponentModel.DataAnnotations.dll --allowed-assembly=/opt/unity/Editor/Data/MonoBleedingEdge/lib/mono/unityjit-linux/System.Configuration.Install.dll --allowed-assembly=/opt/unity/Editor/Data/MonoBleedingEdge/lib/mono/unityjit-linux/System.Configuration.dll --allowed-assembly=/opt/unity/Editor/Data/MonoBleedingEdge/lib/mono/unityjit-linux/System.Core.dll --allowed-assembly=/opt/unity/Editor/Data/MonoBleedingEdge/lib/mono/unityjit-linux/System.Data.DataSetExtensions.dll --allowed-assembly=/opt/unity/Editor/Data/MonoBleedingEdge/lib/mono/unityjit-linux/System.Data.Entity.dll --allowed-assembly=/opt/unity/Editor/Data/MonoBleedingEdge/lib/mono/unityjit-linux/System.Data.Linq.dll --allowed-assembly=/opt/unity/Editor/Data/MonoBleedingEdge/lib/mono/unityjit-linux/System.Data.OracleClient.dll --allowed-assembly=/opt/unity/Editor/Data/MonoBleedingEdge/lib/mono/unityjit-linux/System.Data.Services.Client.dll --allowed-assembly=/opt/unity/Editor/Data/MonoBleedingEdge/lib/mono/unityjit-linux/System.Data.Services.dll --allowed-assembly=/opt/unity/Editor/Data/MonoBleedingEdge/lib/mono/unityjit-linux/System.Data.dll --allowed-assembly=/opt/unity/Editor/Data/MonoBleedingEdge/lib/mono/unityjit-linux/System.Deployment.dll --allowed-assembly=/opt/unity/Editor/Data/MonoBleedingEdge/lib/mono/unityjit-linux/System.Design.dll --allowed-assembly=/opt/unity/Editor/Data/MonoBleedingEdge/lib/mono/unityjit-linux/System.DirectoryServices.Protocols.dll --allowed-assembly=/opt/unity/Editor/Data/MonoBleedingEdge/lib/mono/unityjit-linux/System.DirectoryServices.dll --allowed-assembly=/opt/unity/Editor/Data/MonoBleedingEdge/lib/mono/unityjit-linux/System.Drawing.Design.dll --allowed-assembly=/opt/unity/Editor/Data/MonoBleedingEdge/lib/mono/unityjit-linux/System.Drawing.dll --allowed-assembly=/opt/unity/Editor/Data/MonoBleedingEdge/lib/mono/unityjit-linux/System.Dynamic.dll --allowed-assembly=/opt/unity/Editor/Data/MonoBleedingEdge/lib/mono/unityjit-linux/System.EnterpriseServices.dll --allowed-assembly=/opt/unity/Editor/Data/MonoBleedingEdge/lib/mono/unityjit-linux/System.IO.Compression.FileSystem.dll --allowed-assembly=/opt/unity/Editor/Data/MonoBleedingEdge/lib/mono/unityjit-linux/System.IO.Compression.dll --allowed-assembly=/opt/unity/Editor/Data/MonoBleedingEdge/lib/mono/unityjit-linux/System.IdentityModel.Selectors.dll --allowed-assembly=/opt/unity/Editor/Data/MonoBleedingEdge/lib/mono/unityjit-linux/System.IdentityModel.dll --allowed-assembly=/opt/unity/Editor/Data/MonoBleedingEdge/lib/mono/unityjit-linux/System.Json.Microsoft.dll --allowed-assembly=/opt/unity/Editor/Data/MonoBleedingEdge/lib/mono/unityjit-linux/System.Json.dll --allowed-assembly=/opt/unity/Editor/Data/MonoBleedingEdge/lib/mono/unityjit-linux/System.Management.dll --allowed-assembly=/opt/unity/Editor/Data/MonoBleedingEdge/lib/mono/unityjit-linux/System.Messaging.dll --allowed-assembly=/opt/unity/Editor/Data/MonoBleedingEdge/lib/mono/unityjit-linux/System.Net.Http.Formatting.dll --allowed-assembly=/opt/unity/Editor/Data/MonoBleedingEdge/lib/mono/unityjit-linux/System.Net.Http.WebRequest.dll --allowed-assembly=/opt/unity/Editor/Data/MonoBleedingEdge/lib/mono/unityjit-linux/System.Net.Http.dll --allowed-assembly=/opt/unity/Editor/Data/MonoBleedingEdge/lib/mono/unityjit-linux/System.Net.dll --allowed-assembly=/opt/unity/Editor/Data/MonoBleedingEdge/lib/mono/unityjit-linux/System.Numerics.Vectors.dll --allowed-assembly=/opt/unity/Editor/Data/MonoBleedingEdge/lib/mono/unityjit-linux/System.Numerics.dll --allowed-assembly=/opt/unity/Editor/Data/MonoBleedingEdge/lib/mono/unityjit-linux/System.Reactive.Core.dll --allowed-assembly=/opt/unity/Editor/Data/MonoBleedingEdge/lib/mono/unityjit-linux/System.Reactive.Debugger.dll --allowed-assembly=/opt/unity/Editor/Data/MonoBleedingEdge/lib/mono/unityjit-linux/System.Reactive.Experimental.dll --allowed-assembly=/opt/unity/Editor/Data/MonoBleedingEdge/lib/mono/unityjit-linux/System.Reactive.Interfaces.dll --allowed-assembly=/opt/unity/Editor/Data/MonoBleedingEdge/lib/mono/unityjit-linux/System.Reactive.Linq.dll --allowed-assembly=/opt/unity/Editor/Data/MonoBleedingEdge/lib/mono/unityjit-linux/System.Reactive.Observable.Aliases.dll --allowed-assembly=/opt/unity/Editor/Data/MonoBleedingEdge/lib/mono/unityjit-linux/System.Reactive.PlatformServices.dll --allowed-assembly=/opt/unity/Editor/Data/MonoBleedingEdge/lib/mono/unityjit-linux/System.Reactive.Providers.dll --allowed-assembly=/opt/unity/Editor/Data/MonoBleedingEdge/lib/mono/unityjit-linux/System.Reactive.Runtime.Remoting.dll --allowed-assembly=/opt/unity/Editor/Data/MonoBleedingEdge/lib/mono/unityjit-linux/System.Reactive.Windows.Forms.dll --allowed-assembly=/opt/unity/Editor/Data/MonoBleedingEdge/lib/mono/unityjit-linux/System.Reactive.Windows.Threading.dll --allowed-assembly=/opt/unity/Editor/Data/MonoBleedingEdge/lib/mono/unityjit-linux/System.Reflection.Context.dll --allowed-assembly=/opt/unity/Editor/Data/MonoBleedingEdge/lib/mono/unityjit-linux/System.Runtime.Caching.dll --allowed-assembly=/opt/unity/Editor/Data/MonoBleedingEdge/lib/mono/unityjit-linux/System.Runtime.DurableInstancing.dll --allowed-assembly=/opt/unity/Editor/Data/MonoBleedingEdge/lib/mono/unityjit-linux/System.Runtime.Remoting.dll --allowed-assembly=/opt/unity/Editor/Data/MonoBleedingEdge/lib/mono/unityjit-linux/System.Runtime.Serialization.Formatters.Soap.dll --allowed-assembly=/opt/unity/Editor/Data/MonoBleedingEdge/lib/mono/unityjit-linux/System.Runtime.Serialization.dll --allowed-assembly=/opt/unity/Editor/Data/MonoBleedingEdge/lib/mono/unityjit-linux/System.Security.dll --allowed-assembly=/opt/unity/Editor/Data/MonoBleedingEdge/lib/mono/unityjit-linux/System.ServiceModel.Activation.dll --allowed-assembly=/opt/unity/Editor/Data/MonoBleedingEdge/lib/mono/unityjit-linux/System.ServiceModel.Discovery.dll --allowed-assembly=/opt/unity/Editor/Data/MonoBleedingEdge/lib/mono/unityjit-linux/System.ServiceModel.Internals.dll --allowed-assembly=/opt/unity/Editor/Data/MonoBleedingEdge/lib/mono/unityjit-linux/System.ServiceModel.Routing.dll --allowed-assembly=/opt/unity/Editor/Data/MonoBleedingEdge/lib/mono/unityjit-linux/System.ServiceModel.Web.dll --allowed-assembly=/opt/unity/Editor/Data/MonoBleedingEdge/lib/mono/unityjit-linux/System.ServiceModel.dll --allowed-assembly=/opt/unity/Editor/Data/MonoBleedingEdge/lib/mono/unityjit-linux/System.ServiceProcess.dll --allowed-assembly=/opt/unity/Editor/Data/MonoBleedingEdge/lib/mono/unityjit-linux/System.Threading.Tasks.Dataflow.dll --allowed-assembly=/opt/unity/Editor/Data/MonoBleedingEdge/lib/mono/unityjit-linux/System.Transactions.dll --allowed-assembly=/opt/unity/Editor/Data/MonoBleedingEdge/lib/mono/unityjit-linux/System.Web.Abstractions.dll --allowed-assembly=/opt/unity/Editor/Data/MonoBleedingEdge/lib/mono/unityjit-linux/System.Web.ApplicationServices.dll --allowed-assembly=/opt/unity/Editor/Data/MonoBleedingEdge/lib/mono/unityjit-linux/System.Web.DynamicData.dll --allowed-assembly=/opt/unity/Editor/Data/MonoBleedingEdge/lib/mono/unityjit-linux/System.Web.Extensions.Design.dll --allowed-assembly=/opt/unity/Editor/Data/MonoBleedingEdge/lib/mono/unityjit-linux/System.Web.Extensions.dll --allowed-assembly=/opt/unity/Editor/Data/MonoBleedingEdge/lib/mono/unityjit-linux/System.Web.Http.SelfHost.dll --allowed-assembly=/opt/unity/Editor/Data/MonoBleedingEdge/lib/mono/unityjit-linux/System.Web.Http.WebHost.dll --allowed-assembly=/opt/unity/Editor/Data/MonoBleedingEdge/lib/mono/unityjit-linux/System.Web.Http.dll --allowed-assembly=/opt/unity/Editor/Data/MonoBleedingEdge/lib/mono/unityjit-linux/System.Web.Mobile.dll --allowed-assembly=/opt/unity/Editor/Data/MonoBleedingEdge/lib/mono/unityjit-linux/System.Web.Mvc.dll --allowed-assembly=/opt/unity/Editor/Data/MonoBleedingEdge/lib/mono/unityjit-linux/System.Web.Razor.dll --allowed-assembly=/opt/unity/Editor/Data/MonoBleedingEdge/lib/mono/unityjit-linux/System.Web.RegularExpressions.dll --allowed-assembly=/opt/unity/Editor/Data/MonoBleedingEdge/lib/mono/unityjit-linux/System.Web.Routing.dll --allowed-assembly=/opt/unity/Editor/Data/MonoBleedingEdge/lib/mono/unityjit-linux/System.Web.Services.dll --allowed-assembly=/opt/unity/Editor/Data/MonoBleedingEdge/lib/mono/unityjit-linux/System.Web.WebPages.Deployment.dll --allowed-assembly=/opt/unity/Editor/Data/MonoBleedingEdge/lib/mono/unityjit-linux/System.Web.WebPages.Razor.dll --allowed-assembly=/opt/unity/Editor/Data/MonoBleedingEdge/lib/mono/unityjit-linux/System.Web.WebPages.dll --allowed-assembly=/opt/unity/Editor/Data/MonoBleedingEdge/lib/mono/unityjit-linux/System.Web.dll --allowed-assembly=/opt/unity/Editor/Data/MonoBleedingEdge/lib/mono/unityjit-linux/System.Windows.Forms.DataVisualization.dll --allowed-assembly=/opt/unity/Editor/Data/MonoBleedingEdge/lib/mono/unityjit-linux/System.Windows.Forms.dll --allowed-assembly=/opt/unity/Editor/Data/MonoBleedingEdge/lib/mono/unityjit-linux/System.Windows.dll --allowed-assembly=/opt/unity/Editor/Data/MonoBleedingEdge/lib/mono/unityjit-linux/System.Workflow.Activities.dll --allowed-assembly=/opt/unity/Editor/Data/MonoBleedingEdge/lib/mono/unityjit-linux/System.Workflow.ComponentModel.dll --allowed-assembly=/opt/unity/Editor/Data/MonoBleedingEdge/lib/mono/unityjit-linux/System.Workflow.Runtime.dll --allowed-assembly=/opt/unity/Editor/Data/MonoBleedingEdge/lib/mono/unityjit-linux/System.Xaml.dll --allowed-assembly=/opt/unity/Editor/Data/MonoBleedingEdge/lib/mono/unityjit-linux/System.Xml.Linq.dll --allowed-assembly=/opt/unity/Editor/Data/MonoBleedingEdge/lib/mono/unityjit-linux/System.Xml.Serialization.dll --allowed-assembly=/opt/unity/Editor/Data/MonoBleedingEdge/lib/mono/unityjit-linux/System.Xml.dll --allowed-assembly=/opt/unity/Editor/Data/MonoBleedingEdge/lib/mono/unityjit-linux/System.dll --allowed-assembly=/opt/unity/Editor/Data/MonoBleedingEdge/lib/mono/unityjit-linux/SystemWebTestShim.dll --allowed-assembly=/opt/unity/Editor/Data/MonoBleedingEdge/lib/mono/unityjit-linux/WebMatrix.Data.dll --allowed-assembly=/opt/unity/Editor/Data/MonoBleedingEdge/lib/mono/unityjit-linux/WindowsBase.dll --allowed-assembly=/opt/unity/Editor/Data/MonoBleedingEdge/lib/mono/unityjit-linux/cscompmgd.dll --allowed-assembly=/opt/unity/Editor/Data/MonoBleedingEdge/lib/mono/unityjit-linux/monodoc.dll --allowed-assembly=/opt/unity/Editor/Data/MonoBleedingEdge/lib/mono/unityjit-linux/mscorlib.dll --out=Library/Bee/artifacts/LinuxPlayerBuildProgram/ManagedStripped --include-link-xml=/project/Library/Bee/artifacts/UnityLinkerInputs/TypesInScenes.xml --include-link-xml=/project/Library/Bee/artifacts/UnityLinkerInputs/SerializedTypes.xml --include-link-xml=/project/Library/InputSystem/StandaloneLinux64Link.xml --include-link-xml=/project/Assets/GoogleMobileAds/link.xml --include-directory=/opt/unity/Editor/Data/PlaybackEngines/LinuxStandaloneSupport/Variations/mono/Managed --include-directory=/project/Library/Bee/PlayerScriptAssemblies --include-directory=/project/Library/PackageCache/com.google.ads.mobile@0e7fbe087950/GoogleMobileAds --include-directory=/project/Library/PackageCache/com.unity.collections@84e8eb3fc12e/Unity.Collections.LowLevel.ILSupport --include-directory=/project/Library/PackageCache/com.unity.burst@2f3d916873ea --include-directory=/opt/unity/Editor/Data/MonoBleedingEdge/lib/mono/unityjit-linux --include-directory=/opt/unity/Editor/Data/MonoBleedingEdge/lib/mono/unityjit-linux/Facades --rule-set=Copy --profiler-report --profiler-output-file=/project/Library/Bee/artifacts/unitylinker_1ofc.traceevents --dotnetprofile=unityaot-linux --dotnetruntime=Mono --architecture=x64 --platform=Linux --use-editor-options --engine-modules-asset-file=/opt/unity/Editor/Data/PlaybackEngines/LinuxStandaloneSupport/modules.asset --editor-data-file=/project/Library/Bee/artifacts/UnityLinkerInputs/EditorToUnityLinkerData.json --include-unity-root-assembly=/opt/unity/Editor/Data/PlaybackEngines/LinuxStandaloneSupport/Variations/mono/Managed/UnityEngine.AIModule.dll --include-unity-root-assembly=/opt/unity/Editor/Data/PlaybackEngines/LinuxStandaloneSupport/Variations/mono/Managed/UnityEngine.AccessibilityModule.dll --include-unity-root-assembly=/opt/unity/Editor/Data/PlaybackEngines/LinuxStandaloneSupport/Variations/mono/Managed/UnityEngine.AdaptivePerformanceModule.dll --include-unity-root-assembly=/opt/unity/Editor/Data/PlaybackEngines/LinuxStandaloneSupport/Variations/mono/Managed/UnityEngine.AndroidJNIModule.dll --include-unity-root-assembly=/opt/unity/Editor/Data/PlaybackEngines/LinuxStandaloneSupport/Variations/mono/Managed/UnityEngine.AnimationModule.dll --include-unity-root-assembly=/opt/unity/Editor/Data/PlaybackEngines/LinuxStandaloneSupport/Variations/mono/Managed/UnityEngine.AssetBundleModule.dll --include-unity-root-assembly=/opt/unity/Editor/Data/PlaybackEngines/LinuxStandaloneSupport/Variations/mono/Managed/UnityEngine.AudioModule.dll --include-unity-root-assembly=/opt/unity/Editor/Data/PlaybackEngines/LinuxStandaloneSupport/Variations/mono/Managed/UnityEngine.ClothModule.dll --include-unity-root-assembly=/opt/unity/Editor/Data/PlaybackEngines/LinuxStandaloneSupport/Variations/mono/Managed/UnityEngine.ClusterInputModule.dll --include-unity-root-assembly=/opt/unity/Editor/Data/PlaybackEngines/LinuxStandaloneSupport/Variations/mono/Managed/UnityEngine.ClusterRendererModule.dll --include-unity-root-assembly=/opt/unity/Editor/Data/PlaybackEngines/LinuxStandaloneSupport/Variations/mono/Managed/UnityEngine.ContentLoadModule.dll --include-unity-root-assembly=/opt/unity/Editor/Data/PlaybackEngines/LinuxStandaloneSupport/Variations/mono/Managed/UnityEngine.CoreModule.dll --include-unity-root-assembly=/opt/unity/Editor/Data/PlaybackEngines/LinuxStandaloneSupport/Variations/mono/Managed/UnityEngine.CrashReportingModule.dll --include-unity-root-assembly=/opt/unity/Editor/Data/PlaybackEngines/LinuxStandaloneSupport/Variations/mono/Managed/UnityEngine.DSPGraphModule.dll --include-unity-root-assembly=/opt/unity/Editor/Data/PlaybackEngines/LinuxStandaloneSupport/Variations/mono/Managed/UnityEngine.DirectorModule.dll --include-unity-root-assembly=/opt/unity/Editor/Data/PlaybackEngines/LinuxStandaloneSupport/Variations/mono/Managed/UnityEngine.GIModule.dll --include-unity-root-assembly=/opt/unity/Editor/Data/PlaybackEngines/LinuxStandaloneSupport/Variations/mono/Managed/UnityEngine.GameCenterModule.dll --include-unity-root-assembly=/opt/unity/Editor/Data/PlaybackEngines/LinuxStandaloneSupport/Variations/mono/Managed/UnityEngine.GraphicsStateCollectionSerializerModule.dll --include-unity-root-assembly=/opt/unity/Editor/Data/PlaybackEngines/LinuxStandaloneSupport/Variations/mono/Managed/UnityEngine.GridModule.dll --include-unity-root-assembly=/opt/unity/Editor/Data/PlaybackEngines/LinuxStandaloneSupport/Variations/mono/Managed/UnityEngine.HierarchyCoreModule.dll --include-unity-root-assembly=/opt/unity/Editor/Data/PlaybackEngines/LinuxStandaloneSupport/Variations/mono/Managed/UnityEngine.HierarchyModule.dll --include-unity-root-assembly=/opt/unity/Editor/Data/PlaybackEngines/LinuxStandaloneSupport/Variations/mono/Managed/UnityEngine.HotReloadModule.dll --include-unity-root-assembly=/opt/unity/Editor/Data/PlaybackEngines/LinuxStandaloneSupport/Variations/mono/Managed/UnityEngine.IMGUIModule.dll --include-unity-root-assembly=/opt/unity/Editor/Data/PlaybackEngines/LinuxStandaloneSupport/Variations/mono/Managed/UnityEngine.IdentifiersModule.dll --include-unity-root-assembly=/opt/unity/Editor/Data/PlaybackEngines/LinuxStandaloneSupport/Variations/mono/Managed/UnityEngine.ImageConversionModule.dll --include-unity-root-assembly=/opt/unity/Editor/Data/PlaybackEngines/LinuxStandaloneSupport/Variations/mono/Managed/UnityEngine.InputForUIModule.dll --include-unity-root-assembly=/opt/unity/Editor/Data/PlaybackEngines/LinuxStandaloneSupport/Variations/mono/Managed/UnityEngine.InputLegacyModule.dll --include-unity-root-assembly=/opt/unity/Editor/Data/PlaybackEngines/LinuxStandaloneSupport/Variations/mono/Managed/UnityEngine.InputModule.dll --include-unity-root-assembly=/opt/unity/Editor/Data/PlaybackEngines/LinuxStandaloneSupport/Variations/mono/Managed/UnityEngine.JSONSerializeModule.dll --include-unity-root-assembly=/opt/unity/Editor/Data/PlaybackEngines/LinuxStandaloneSupport/Variations/mono/Managed/UnityEngine.LocalizationModule.dll --include-unity-root-assembly=/opt/unity/Editor/Data/PlaybackEngines/LinuxStandaloneSupport/Variations/mono/Managed/UnityEngine.MarshallingModule.dll --include-unity-root-assembly=/opt/unity/Editor/Data/PlaybackEngines/LinuxStandaloneSupport/Variations/mono/Managed/UnityEngine.MultiplayerModule.dll --include-unity-root-assembly=/opt/unity/Editor/Data/PlaybackEngines/LinuxStandaloneSupport/Variations/mono/Managed/UnityEngine.ParticleSystemModule.dll --include-unity-root-assembly=/opt/unity/Editor/Data/PlaybackEngines/LinuxStandaloneSupport/Variations/mono/Managed/UnityEngine.PerformanceReportingModule.dll --include-unity-root-assembly=/opt/unity/Editor/Data/PlaybackEngines/LinuxStandaloneSupport/Variations/mono/Managed/UnityEngine.Physics2DModule.dll --include-unity-root-assembly=/opt/unity/Editor/Data/PlaybackEngines/LinuxStandaloneSupport/Variations/mono/Managed/UnityEngine.PhysicsBackendPhysXModule.dll --include-unity-root-assembly=/opt/unity/Editor/Data/PlaybackEngines/LinuxStandaloneSupport/Variations/mono/Managed/UnityEngine.PhysicsModule.dll --include-unity-root-assembly=/opt/unity/Editor/Data/PlaybackEngines/LinuxStandaloneSupport/Variations/mono/Managed/UnityEngine.PropertiesModule.dll --include-unity-root-assembly=/opt/unity/Editor/Data/PlaybackEngines/LinuxStandaloneSupport/Variations/mono/Managed/UnityEngine.RenderAs2DModule.dll --include-unity-root-assembly=/opt/unity/Editor/Data/PlaybackEngines/LinuxStandaloneSupport/Variations/mono/Managed/UnityEngine.RuntimeInitializeOnLoadManagerInitializerModule.dll --include-unity-root-assembly=/opt/unity/Editor/Data/PlaybackEngines/LinuxStandaloneSupport/Variations/mono/Managed/UnityEngine.ScreenCaptureModule.dll --include-unity-root-assembly=/opt/unity/Editor/Data/PlaybackEngines/LinuxStandaloneSupport/Variations/mono/Managed/UnityEngine.ShaderRuntimeModule.dll --include-unity-root-assembly=/opt/unity/Editor/Data/PlaybackEngines/LinuxStandaloneSupport/Variations/mono/Managed/UnityEngine.ShaderVariantAnalyticsModule.dll --include-unity-root-assembly=/opt/unity/Editor/Data/PlaybackEngines/LinuxStandaloneSupport/Variations/mono/Managed/UnityEngine.SharedInternalsModule.dll --include-unity-root-assembly=/opt/unity/Editor/Data/PlaybackEngines/LinuxStandaloneSupport/Variations/mono/Managed/UnityEngine.SpriteMaskModule.dll --include-unity-root-assembly=/opt/unity/Editor/Data/PlaybackEngines/LinuxStandaloneSupport/Variations/mono/Managed/UnityEngine.SpriteShapeModule.dll --include-unity-root-assembly=/opt/unity/Editor/Data/PlaybackEngines/LinuxStandaloneSupport/Variations/mono/Managed/UnityEngine.StreamingModule.dll --include-unity-root-assembly=/opt/unity/Editor/Data/PlaybackEngines/LinuxStandaloneSupport/Variations/mono/Managed/UnityEngine.SubstanceModule.dll --include-unity-root-assembly=/opt/unity/Editor/Data/PlaybackEngines/LinuxStandaloneSupport/Variations/mono/Managed/UnityEngine.SubsystemsModule.dll --include-unity-root-assembly=/opt/unity/Editor/Data/PlaybackEngines/LinuxStandaloneSupport/Variations/mono/Managed/UnityEngine.TLSModule.dll --include-unity-root-assembly=/opt/unity/Editor/Data/PlaybackEngines/LinuxStandaloneSupport/Variations/mono/Managed/UnityEngine.TerrainModule.dll --include-unity-root-assembly=/opt/unity/Editor/Data/PlaybackEngines/LinuxStandaloneSupport/Variations/mono/Managed/UnityEngine.TerrainPhysicsModule.dll --include-unity-root-assembly=/opt/unity/Editor/Data/PlaybackEngines/LinuxStandaloneSupport/Variations/mono/Managed/UnityEngine.TextCoreFontEngineModule.dll --include-unity-root-assembly=/opt/unity/Editor/Data/PlaybackEngines/LinuxStandaloneSupport/Variations/mono/Managed/UnityEngine.TextCoreTextEngineModule.dll --include-unity-root-assembly=/opt/unity/Editor/Data/PlaybackEngines/LinuxStandaloneSupport/Variations/mono/Managed/UnityEngine.TextRenderingModule.dll --include-unity-root-assembly=/opt/unity/Editor/Data/PlaybackEngines/LinuxStandaloneSupport/Variations/mono/Managed/UnityEngine.TilemapModule.dll --include-unity-root-assembly=/opt/unity/Editor/Data/PlaybackEngines/LinuxStandaloneSupport/Variations/mono/Managed/UnityEngine.UIElementsModule.dll --include-unity-root-assembly=/opt/unity/Editor/Data/PlaybackEngines/LinuxStandaloneSupport/Variations/mono/Managed/UnityEngine.UIModule.dll --include-unity-root-assembly=/opt/unity/Editor/Data/PlaybackEngines/LinuxStandaloneSupport/Variations/mono/Managed/UnityEngine.UmbraModule.dll --include-unity-root-assembly=/opt/unity/Editor/Data/PlaybackEngines/LinuxStandaloneSupport/Variations/mono/Managed/UnityEngine.UnityAnalyticsCommonModule.dll --include-unity-root-assembly=/opt/unity/Editor/Data/PlaybackEngines/LinuxStandaloneSupport/Variations/mono/Managed/UnityEngine.UnityAnalyticsModule.dll --include-unity-root-assembly=/opt/unity/Editor/Data/PlaybackEngines/LinuxStandaloneSupport/Variations/mono/Managed/UnityEngine.UnityConnectModule.dll --include-unity-root-assembly=/opt/unity/Editor/Data/PlaybackEngines/LinuxStandaloneSupport/Variations/mono/Managed/UnityEngine.UnityConsentModule.dll --include-unity-root-assembly=/opt/unity/Editor/Data/PlaybackEngines/LinuxStandaloneSupport/Variations/mono/Managed/UnityEngine.UnityCurlModule.dll --include-unity-root-assembly=/opt/unity/Editor/Data/PlaybackEngines/LinuxStandaloneSupport/Variations/mono/Managed/UnityEngine.UnityWebRequestAssetBundleModule.dll --include-unity-root-assembly=/opt/unity/Editor/Data/PlaybackEngines/LinuxStandaloneSupport/Variations/mono/Managed/UnityEngine.UnityWebRequestAudioModule.dll --include-unity-root-assembly=/opt/unity/Editor/Data/PlaybackEngines/LinuxStandaloneSupport/Variations/mono/Managed/UnityEngine.UnityWebRequestModule.dll --include-unity-root-assembly=/opt/unity/Editor/Data/PlaybackEngines/LinuxStandaloneSupport/Variations/mono/Managed/UnityEngine.UnityWebRequestTextureModule.dll --include-unity-root-assembly=/opt/unity/Editor/Data/PlaybackEngines/LinuxStandaloneSupport/Variations/mono/Managed/UnityEngine.UnityWebRequestWWWModule.dll --include-unity-root-assembly=/opt/unity/Editor/Data/PlaybackEngines/LinuxStandaloneSupport/Variations/mono/Managed/UnityEngine.VFXModule.dll --include-unity-root-assembly=/opt/unity/Editor/Data/PlaybackEngines/LinuxStandaloneSupport/Variations/mono/Managed/UnityEngine.VRModule.dll --include-unity-root-assembly=/opt/unity/Editor/Data/PlaybackEngines/LinuxStandaloneSupport/Variations/mono/Managed/UnityEngine.VectorGraphicsModule.dll --include-unity-root-assembly=/opt/unity/Editor/Data/PlaybackEngines/LinuxStandaloneSupport/Variations/mono/Managed/UnityEngine.VehiclesModule.dll --include-unity-root-assembly=/opt/unity/Editor/Data/PlaybackEngines/LinuxStandaloneSupport/Variations/mono/Managed/UnityEngine.VideoModule.dll --include-unity-root-assembly=/opt/unity/Editor/Data/PlaybackEngines/LinuxStandaloneSupport/Variations/mono/Managed/UnityEngine.VirtualTexturingModule.dll --include-unity-root-assembly=/opt/unity/Editor/Data/PlaybackEngines/LinuxStandaloneSupport/Variations/mono/Managed/UnityEngine.WindModule.dll --include-unity-root-assembly=/opt/unity/Editor/Data/PlaybackEngines/LinuxStandaloneSupport/Variations/mono/Managed/UnityEngine.XRModule.dll --include-unity-root-assembly=/opt/unity/Editor/Data/PlaybackEngines/LinuxStandaloneSupport/Variations/mono/Managed/UnityEngine.dll --include-unity-root-assembly=/project/Library/Bee/PlayerScriptAssemblies/PofudukFilo.Runtime.dll --include-unity-root-assembly=/project/Library/Bee/PlayerScriptAssemblies/Unity.Burst.dll --include-unity-root-assembly=/project/Library/Bee/PlayerScriptAssemblies/Unity.Collections.dll --include-unity-root-assembly=/project/Library/Bee/PlayerScriptAssemblies/Unity.InputSystem.dll --include-unity-root-assembly=/project/Library/Bee/PlayerScriptAssemblies/Unity.InputSystem.ForUI.dll --include-unity-root-assembly=/project/Library/Bee/PlayerScriptAssemblies/Unity.InternalAPIEngineBridge.004.dll --include-unity-root-assembly=/project/Library/Bee/PlayerScriptAssemblies/Unity.Mathematics.dll --include-unity-root-assembly=/project/Library/Bee/PlayerScriptAssemblies/Unity.TextMeshPro.dll --include-unity-root-assembly=/project/Library/Bee/PlayerScriptAssemblies/UnityEngine.UI.dll --include-unity-root-assembly=/project/Library/PackageCache/com.google.ads.mobile@0e7fbe087950/GoogleMobileAds/GoogleMobileAds.Common.dll --include-unity-root-assembly=/project/Library/PackageCache/com.unity.collections@84e8eb3fc12e/Unity.Collections.LowLevel.ILSupport/Unity.Collections.LowLevel.ILSupport.dll --include-unity-root-assembly=/project/Library/PackageCache/com.google.ads.mobile@0e7fbe087950/GoogleMobileAds/GoogleMobileAds.dll --include-unity-root-assembly=/project/Library/PackageCache/com.google.ads.mobile@0e7fbe087950/GoogleMobileAds/GoogleMobileAds.Core.dll --include-unity-root-assembly=/project/Library/PackageCache/com.google.ads.mobile@0e7fbe087950/GoogleMobileAds/GoogleMobileAds.Ump.dll --include-unity-root-assembly=/project/Library/PackageCache/com.unity.burst@2f3d916873ea/Unity.Burst.Unsafe.dll --print-command-line --enable-analytics
*** Tundra requires additional run (1.09 seconds), 42 items updated, 156 evaluated
*** Additional run caused by: contents change of Library/Bee/artifacts/LinuxPlayerBuildProgram/ManagedStripped
Starting: /opt/unity/Editor/Data/netcorerun/netcorerun "/opt/unity/Editor/Data/PlaybackEngines/LinuxStandaloneSupport/LinuxPlayerBuildProgram.exe" "/opt/unity/Editor/Data/PlaybackEngines/LinuxStandaloneSupport/Bee:/opt/unity/Editor/Data/Tools/BuildPipeline" "Library/Bee/Player237fa2af.dag.json" "Library/Bee/Player237fa2af-inputdata.json" "Library/Bee/buildprogram1.traceevents"
WorkingDir: /project
ExitCode: 4 Duration: 1s113ms
ExitCode: 0 Duration: 0s373ms
Starting: /opt/unity/Editor/Data/Tools/BuildPipeline/bee_backend --ipc --dagfile="Library/Bee/Player237fa2af.dag" --dagfilejson="Library/Bee/Player237fa2af.dag.json" --profile="Library/Bee/backend3.traceevents" Player
WorkingDir: /project
Finished compiling graph: 161 nodes, 434 flattened edges (434 ToBuild, 0 ToUse), maximum node priority 122
[ 43/160    0s] CopyFiles build/Linux/PofudukFilo_Data/Managed/Unity.Mathematics.dll
[ 44/160    0s] CopyFiles build/Linux/PofudukFilo_Data/Managed/System.Runtime.Serialization.dll
[ 45/160    0s] CopyFiles build/Linux/PofudukFilo_Data/Managed/UnityEngine.PropertiesModule.dll
[ 46/160    0s] CopyFiles build/Linux/PofudukFilo_Data/Managed/UnityEngine.RenderAs2DModule.dll
[ 47/160    0s] CopyFiles build/Linux/PofudukFilo_Data/Managed/UnityEngine.AndroidJNIModule.dll
[ 48/160    0s] CopyFiles build/Linux/PofudukFilo_Data/Managed/UnityEngine.UIElementsModule.dll
[ 49/160    0s] CopyFiles build/Linux/PofudukFilo_Data/Managed/UnityEngine.GameCenterModule.dll
[ 50/160    0s] CopyFiles build/Linux/PofudukFilo_Data/Managed/UnityEngine.SubsystemsModule.dll
[ 51/160    0s] CopyFiles build/Linux/PofudukFilo_Data/Managed/Unity.Collections.LowLevel.ILSupport.dll
[ 52/160    0s] CopyFiles build/Linux/PofudukFilo_Data/Managed/UnityEngine.InputForUIModule.dll
[ 53/160    0s] CopyFiles build/Linux/PofudukFilo_Data/Managed/UnityEngine.SpriteMaskModule.dll
[ 54/160    0s] CopyFiles build/Linux/PofudukFilo_Data/Managed/UnityEngine.DirectorModule.dll
[ 55/160    0s] CopyFiles build/Linux/PofudukFilo_Data/Managed/UnityEngine.PerformanceReportingModule.dll
[ 56/160    0s] CopyFiles build/Linux/PofudukFilo_Data/Managed/UnityEngine.TerrainPhysicsModule.dll
[ 57/160    0s] CopyFiles build/Linux/PofudukFilo_Data/Managed/UnityEngine.VehiclesModule.dll
[ 58/160    0s] CopyFiles build/Linux/PofudukFilo_Data/Managed/UnityEngine.UnityAnalyticsModule.dll
[ 59/160    0s] CopyFiles build/Linux/PofudukFilo_Data/Managed/UnityEngine.CrashReportingModule.dll
[ 60/160    0s] CopyFiles build/Linux/PofudukFilo_Data/Managed/System.IO.Compression.FileSystem.dll
[ 61/160    0s] CopyFiles build/Linux/PofudukFilo_Data/Managed/UnityEngine.ParticleSystemModule.dll
[ 62/160    0s] CopyFiles build/Linux/PofudukFilo_Data/Managed/System.Data.DataSetExtensions.dll
[ 63/160    0s] CopyFiles build/Linux/PofudukFilo_Data/Managed/System.ServiceModel.Internals.dll
[ 64/160    0s] CopyFiles build/Linux/PofudukFilo_Data/Managed/UnityEngine.IdentifiersModule.dll
[ 65/160    0s] CopyFiles build/Linux/PofudukFilo_Data/Managed/UnityEngine.VectorGraphicsModule.dll
[ 66/160    0s] CopyFiles build/Linux/PofudukFilo_Data/Managed/UnityEngine.MultiplayerModule.dll
[ 67/160    0s] CopyFiles build/Linux/PofudukFilo_Data/Managed/UnityEngine.AssetBundleModule.dll
[ 68/160    0s] CopyFiles build/Linux/PofudukFilo_Data/Managed/UnityEngine.SpriteShapeModule.dll
[ 69/160    0s] CopyFiles build/Linux/PofudukFilo_Data/Managed/UnityEngine.DSPGraphModule.dll
[ 70/160    0s] CopyFiles build/Linux/PofudukFilo_Data/Managed/UnityEngine.InputLegacyModule.dll
[ 71/160    0s] CopyFiles build/Linux/PofudukFilo_Data/Managed/UnityEngine.UnityWebRequestAudioModule.dll
[ 72/160    0s] CopyFiles build/Linux/PofudukFilo_Data/Managed/UnityEngine.UnityAnalyticsCommonModule.dll
[ 73/160    0s] CopyFiles build/Linux/PofudukFilo_Data/Managed/UnityEngine.TerrainModule.dll
[ 74/160    0s] CopyFiles build/Linux/PofudukFilo_Data/Managed/System.EnterpriseServices.dll
[ 75/160    0s] CopyFiles build/Linux/PofudukFilo_Data/Managed/UnityEngine.TilemapModule.dll
[ 76/160    0s] CopyFiles build/Linux/PofudukFilo_Data/Managed/UnityEngine.SharedInternalsModule.dll
[ 77/160    0s] CopyFiles build/Linux/PofudukFilo_Data/Managed/UnityEngine.PhysicsModule.dll
[ 78/160    0s] CopyFiles build/Linux/PofudukFilo_Data/Managed/UnityEngine.UnityWebRequestModule.dll
[ 79/160    0s] CopyFiles build/Linux/PofudukFilo_Data/Managed/System.ComponentModel.Composition.dll
[ 80/160    0s] CopyFiles build/Linux/PofudukFilo_Data/Managed/Unity.InternalAPIEngineBridge.004.dll
[ 81/160    0s] CopyFiles build/Linux/PofudukFilo_Data/Managed/UnityEngine.UnityWebRequestAssetBundleModule.dll
[ 82/160    0s] CopyFiles build/Linux/PofudukFilo_Data/Managed/Unity.Collections.dll
[ 83/160    0s] CopyFiles build/Linux/PofudukFilo_Data/Managed/UnityEngine.ClusterRendererModule.dll
[ 84/160    0s] CopyFiles build/Linux/PofudukFilo_Data/Managed/UnityEngine.ImageConversionModule.dll
[ 85/160    0s] CopyFiles build/Linux/PofudukFilo_Data/Managed/System.IO.Compression.dll
[ 86/160    0s] CopyFiles build/Linux/PofudukFilo_Data/Managed/UnityEngine.AccessibilityModule.dll
[ 87/160    0s] CopyFiles build/Linux/PofudukFilo_Data/Managed/UnityEngine.JSONSerializeModule.dll
[ 88/160    0s] CopyFiles build/Linux/PofudukFilo_Data/Managed/UnityEngine.TLSModule.dll
[ 89/160    0s] CopyFiles build/Linux/PofudukFilo_Data/Managed/UnityEngine.ShaderRuntimeModule.dll
[ 90/160    0s] CopyFiles build/Linux/PofudukFilo_Data/Managed/UnityEngine.ScreenCaptureModule.dll
[ 91/160    0s] CopyFiles build/Linux/PofudukFilo_Data/Managed/UnityEngine.TextRenderingModule.dll
[ 92/160    0s] CopyFiles build/Linux/PofudukFilo_Data/Managed/UnityEngine.HierarchyCoreModule.dll
[ 93/160    0s] CopyFiles build/Linux/PofudukFilo_Data/Managed/UnityEngine.CoreModule.dll
[ 94/160    0s] CopyFiles build/Linux/PofudukFilo_Data/Managed/UnityEngine.WindModule.dll
[ 95/160    0s] CopyFiles build/Linux/PofudukFilo_Data/Managed/Unity.InputSystem.dll
[ 96/160    0s] CopyFiles build/Linux/PofudukFilo_Data/Managed/Unity.TextMeshPro.dll
[ 97/160    0s] CopyFiles build/Linux/PofudukFilo_Data/Managed/GoogleMobileAds.Common.dll
[ 98/160    0s] CopyFiles build/Linux/PofudukFilo_Data/Managed/PofudukFilo.Runtime.dll
[ 99/160    0s] CopyFiles build/Linux/PofudukFilo_Data/Managed/UnityEngine.GridModule.dll
[100/160    0s] CopyFiles build/Linux/PofudukFilo_Data/Managed/UnityEngine.VFXModule.dll
[101/160    0s] CopyFiles build/Linux/PofudukFilo_Data/Managed/UnityEngine.TextCoreFontEngineModule.dll
[102/160    0s] CopyFiles build/Linux/PofudukFilo_Data/Managed/UnityEngine.UnityWebRequestWWWModule.dll
[103/160    0s] CopyFiles build/Linux/PofudukFilo_Data/Managed/UnityEngine.TextCoreTextEngineModule.dll
[104/160    0s] CopyFiles build/Linux/PofudukFilo_Data/Managed/Unity.Burst.Unsafe.dll
[105/160    0s] CopyFiles build/Linux/PofudukFilo_Data/Managed/System.Configuration.dll
[106/160    0s] CopyFiles build/Linux/PofudukFilo_Data/Managed/UnityEngine.VirtualTexturingModule.dll
[107/160    0s] CopyFiles build/Linux/PofudukFilo_Data/Managed/UnityEngine.GraphicsStateCollectionSerializerModule.dll
[108/160    0s] CopyFiles build/Linux/PofudukFilo_Data/Managed/UnityEngine.GIModule.dll
[109/160    0s] CopyFiles build/Linux/PofudukFilo_Data/Managed/UnityEngine.UIModule.dll
[110/160    0s] CopyFiles build/Linux/PofudukFilo_Data/Managed/UnityEngine.XRModule.dll
[111/160    0s] CopyFiles build/Linux/PofudukFilo_Data/Managed/UnityEngine.AIModule.dll
[112/160    0s] CopyFiles build/Linux/PofudukFilo_Data/Managed/UnityEngine.VRModule.dll
[113/160    0s] CopyFiles build/Linux/PofudukFilo_Data/Managed/UnityEngine.ContentLoadModule.dll
[114/160    0s] CopyFiles build/Linux/PofudukFilo_Data/Managed/UnityEngine.UnityWebRequestTextureModule.dll
[115/160    0s] CopyFiles build/Linux/PofudukFilo_Data/Managed/System.Numerics.dll
[116/160    0s] CopyFiles build/Linux/PofudukFilo_Data/Managed/System.Net.Http.dll
[117/160    0s] CopyFiles build/Linux/PofudukFilo_Data/Managed/System.Xml.Linq.dll
[118/160    0s] CopyFiles build/Linux/PofudukFilo_Data/Managed/System.Security.dll
[119/160    0s] CopyFiles build/Linux/PofudukFilo_Data/Managed/Unity.InputSystem.ForUI.dll
[120/160    0s] CopyFiles build/Linux/PofudukFilo_Data/Managed/UnityEngine.ShaderVariantAnalyticsModule.dll
[121/160    0s] CopyFiles build/Linux/PofudukFilo_Data/Managed/UnityEngine.UmbraModule.dll
[122/160    0s] CopyFiles build/Linux/PofudukFilo_Data/Managed/UnityEngine.VideoModule.dll
[123/160    0s] CopyFiles build/Linux/PofudukFilo_Data/Managed/GoogleMobileAds.dll
[124/160    0s] CopyFiles build/Linux/PofudukFilo_Data/Managed/UnityEngine.IMGUIModule.dll
[125/160    0s] CopyFiles build/Linux/PofudukFilo_Data/Managed/UnityEngine.InputModule.dll
[126/160    0s] CopyFiles build/Linux/PofudukFilo_Data/Managed/UnityEngine.AudioModule.dll
[127/160    0s] CopyFiles build/Linux/PofudukFilo_Data/Managed/UnityEngine.Clot/project/Library/PackageCache/com.unity.burst@2f3d916873ea/.Runtime/bcl.exe exited after 3930 ms.
stdout:
Starting 1 library requests
Done
stderr:

hModule.dll
[128/160    0s] CopyFiles build/Linux/PofudukFilo_Data/Managed/GoogleMobileAds.Core.dll
[129/160    0s] CopyFiles build/Linux/PofudukFilo_Data/Managed/UnityEngine.MarshallingModule.dll
[130/160    0s] CopyFiles build/Linux/PofudukFilo_Data/Managed/UnityEngine.PhysicsBackendPhysXModule.dll
[131/160    0s] CopyFiles build/Linux/PofudukFilo_Data/Managed/System.Drawing.dll
[132/160    0s] CopyFiles build/Linux/PofudukFilo_Data/Managed/System.Runtime.dll
[133/160    0s] CopyFiles build/Linux/PofudukFilo_Data/Managed/UnityEngine.UI.dll
[134/160    0s] CopyFiles build/Linux/PofudukFilo_Data/Managed/Unity.Burst.dll
[135/160    0s] CopyFiles build/Linux/PofudukFilo_Data/Managed/System.Data.dll
[136/160    0s] CopyFiles build/Linux/PofudukFilo_Data/Managed/System.Core.dll
[137/160    0s] CopyFiles build/Linux/PofudukFilo_Data/Managed/netstandard.dll
[138/160    0s] CopyFiles build/Linux/PofudukFilo_Data/Managed/UnityEngine.AdaptivePerformanceModule.dll
[139/160    0s] CopyFiles build/Linux/PofudukFilo_Data/Managed/UnityEngine.RuntimeInitializeOnLoadManagerInitializerModule.dll
[140/160    0s] CopyFiles build/Linux/PofudukFilo_Data/Managed/mscorlib.dll
[141/160    0s] CopyFiles build/Linux/PofudukFilo_Data/Managed/System.Xml.dll
[142/160    0s] CopyFiles build/Linux/PofudukFilo_Data/Managed/Mono.Security.dll
[143/160    0s] CopyFiles build/Linux/PofudukFilo_Data/Managed/GoogleMobileAds.Ump.dll
[144/160    0s] CopyFiles build/Linux/PofudukFilo_Data/Managed/UnityEngine.dll
[145/160    0s] CopyFiles build/Linux/PofudukFilo_Data/Managed/UnityEngine.StreamingModule.dll
[146/160    0s] CopyFiles build/Linux/PofudukFilo_Data/Managed/UnityEngine.UnityCurlModule.dll
[147/160    0s] CopyFiles build/Linux/PofudukFilo_Data/Managed/UnityEngine.HotReloadModule.dll
[148/160    0s] CopyFiles build/Linux/PofudukFilo_Data/Managed/UnityEngine.AnimationModule.dll
[149/160    0s] CopyFiles build/Linux/PofudukFilo_Data/Managed/UnityEngine.SubstanceModule.dll
[150/160    0s] CopyFiles build/Linux/PofudukFilo_Data/Managed/UnityEngine.LocalizationModule.dll
[151/160    0s] CopyFiles build/Linux/PofudukFilo_Data/Managed/UnityEngine.HierarchyModule.dll
[152/160    0s] CopyFiles build/Linux/PofudukFilo_Data/Managed/UnityEngine.UnityConsentModule.dll
[153/160    0s] CopyFiles build/Linux/PofudukFilo_Data/Managed/UnityEngine.Physics2DModule.dll
[154/160    0s] CopyFiles build/Linux/PofudukFilo_Data/Managed/System.Transactions.dll
[155/160    0s] CopyFiles build/Linux/PofudukFilo_Data/Managed/UnityEngine.UnityConnectModule.dll
[156/160    0s] CopyFiles build/Linux/PofudukFilo_Data/Managed/UnityEngine.ClusterInputModule.dll
[157/160    0s] CopyFiles build/Linux/PofudukFilo_Data/Managed/System.dll
[158/160    3s] GenerateNativePluginsForAssemblies Library/Bee/artifacts/LinuxPlayerBuildProgram/AsyncPluginsFromLinker
[159/160    0s] CopyFiles build/Linux/PofudukFilo_Data/Plugins/lib_burst_generated.so
*** Tundra build success (4.02 seconds), 117 items updated, 160 evaluated
Total cache size 34339076
Total cache size after purge 34339076, took 00:00:00.0089412
Refreshing native plugins compatible for Editor in 0.43 ms, found 0 plugins.
Preloading 0 native plugins for Editor in 0.00 ms.
Asset Pipeline Refresh (id=a646295c5e171be40b91313021c9aabe): Total: 0.062 seconds - Initiated by RefreshV2(NoUpdateAssetOptions)
ExitCode: 0 Duration: 4s139ms
Refreshing native plugins compatible for Editor in 0.41 ms, found 0 plugins.
Preloading 0 native plugins for Editor in 0.00 ms.

-------------------------------------------------------------------------------
Build Report
Uncompressed usage by category (Percentages based on user generated assets only):
Textures               28.7 mb	 98.2% 
Meshes                 0.5 kb	 0.0% 
Animations             0.0 kb	 0.0% 
Sounds                 0.0 kb	 0.0% 
Shaders                23.9 kb	 0.1% 
Other Assets           351.6 kb	 1.2% 
Levels                 16.5 kb	 0.1% 
File headers           43.0 kb	 0.1% 
Total User Assets      29.2 mb	 100.0% 
Complete build size    110.6 mb
Used Assets and files from the Resources folder, sorted by uncompressed size:
 2.1 mb	 1.9% Assets/_Project/Generated/Art/bg_stars_far.png
 2.0 mb	 1.8% Assets/_Project/Generated/Art/bg_stars_near.png
 1.2 mb	 1.0% Assets/_Project/Generated/Art/kit_backdrop.png
 1.0 mb	 0.9% Assets/_Project/Generated/Art/studio_emblem.png
 1.0 mb	 0.9% Assets/_Project/Generated/Art/menu_rays.png
 684.9 kb	 0.6% Assets/_Project/Generated/Art/bg_nebula.png
 525.5 kb	 0.5% Resources/unity_builtin_extra
 401.5 kb	 0.4% Assets/_Project/Generated/Art/menu_pedestal.png
 401.3 kb	 0.4% Assets/_Project/Generated/Art/menu_ribbon.png
 342.8 kb	 0.3% Assets/_Project/Generated/Art/bg_planet_donut.png
 342.7 kb	 0.3% Assets/_Project/Generated/Art/pilot_hamster.png
 342.7 kb	 0.3% Assets/_Project/Generated/Art/pilot_mystery.png
 342.7 kb	 0.3% Assets/_Project/Generated/Art/jelly_king.png
 342.7 kb	 0.3% Assets/_Project/Generated/Art/jelly_bear.png
 342.7 kb	 0.3% Assets/_Project/Generated/Art/ship_mystery.png
 342.7 kb	 0.3% Assets/_Project/Generated/Art/icon_research.png
 342.7 kb	 0.3% Assets/_Project/Generated/Art/queen_hen.png
 342.6 kb	 0.3% Assets/_Project/Generated/Art/ship_fox.png
 342.6 kb	 0.3% Assets/_Project/Generated/Art/pilot_cat.png
 342.6 kb	 0.3% Assets/_Project/Generated/Art/ship_cat.png
 342.6 kb	 0.3% Assets/_Project/Generated/Art/pilot_fox.png
 342.6 kb	 0.3% Assets/_Project/Generated/Art/bunny.png
 342.6 kb	 0.3% Assets/_Project/Generated/Art/pilot_lamb.png
 342.6 kb	 0.3% Assets/_Project/Generated/Art/ship_lamb.png
 342.6 kb	 0.3% Assets/_Project/Generated/Art/pilot_bunny.png
 342.6 kb	 0.3% Assets/_Project/Generated/Art/chick_elite.png
 342.6 kb	 0.3% Assets/_Project/Generated/Art/candy_bee.png
 342.6 kb	 0.3% Assets/_Project/Generated/Art/chick.png
 342.6 kb	 0.3% Assets/_Project/Generated/Art/ship_chick.png
 342.6 kb	 0.3% Assets/_Project/Generated/Art/gum_balloon.png
 342.5 kb	 0.3% Assets/_Project/Generated/Art/icon_weapons.png
 342.5 kb	 0.3% Assets/_Project/Generated/Art/ship_penguin.png
 342.5 kb	 0.3% Assets/_Project/Generated/Art/pilot_chick.png
 342.5 kb	 0.3% Assets/_Project/Generated/Art/bg_planet_ring.png
 342.5 kb	 0.3% Assets/_Project/Generated/Art/ship_hamster.png
 342.5 kb	 0.3% Assets/_Project/Generated/Art/pilot_penguin.png
 342.5 kb	 0.3% Assets/_Project/Generated/Art/cookie_robot.png
 342.5 kb	 0.3% Assets/_Project/Generated/Art/cookie_mech.png
 342.5 kb	 0.3% Assets/_Project/Generated/Art/bg_planet_moon.png
 342.4 kb	 0.3% Assets/_Project/Generated/Art/icon_gift.png
 342.4 kb	 0.3% Assets/_Project/Generated/Art/donut_ufo.png
 342.4 kb	 0.3% Assets/_Project/Generated/Art/kit_spot.png
 342.3 kb	 0.3% Assets/_Project/Generated/Art/marshmallow.png
 342.3 kb	 0.3% Assets/_Project/Generated/Art/ice_cream.png
 301.5 kb	 0.3% Assets/_Project/Generated/Art/kit_platform.png
 171.3 kb	 0.2% Assets/_Project/Generated/Art/ui_shine.png
 134.2 kb	 0.1% Assets/_Project/Generated/Art/kit_pill.png
 134.1 kb	 0.1% Assets/_Project/Generated/Art/kit_btn_yellow.png
 134.1 kb	 0.1% Assets/_Project/Generated/Art/kit_btn_violet.png
 134.1 kb	 0.1% Assets/_Project/Generated/Art/kit_btn_purple.png
 134.1 kb	 0.1% Assets/_Project/Generated/Art/kit_btn_orange.png
 134.1 kb	 0.1% Assets/_Project/Generated/Art/kit_btn_lavender.png
 134.1 kb	 0.1% Assets/_Project/Generated/Art/kit_btn_green.png
 134.1 kb	 0.1% Assets/_Project/Generated/Art/kit_panel.png
 134.1 kb	 0.1% Assets/_Project/Generated/Art/kit_btn_pink.png
 134.1 kb	 0.1% Assets/_Project/Generated/Art/kit_btn_blue.png
 112.3 kb	 0.1% Assets/_Project/Fonts/PaytoneOne.ttf
 86.4 kb	 0.1% Assets/_Project/Generated/Art/icon_pause.png
 86.3 kb	 0.1% Assets/_Project/Generated/Art/icon_gear.png
 86.3 kb	 0.1% Assets/_Project/Generated/Art/shark.png
 86.3 kb	 0.1% Assets/_Project/Generated/Art/fish.png
 86.3 kb	 0.1% Assets/_Project/Generated/Art/icon_ad.png
 86.3 kb	 0.1% Assets/_Project/Generated/Art/icon_paw.png
 86.2 kb	 0.1% Assets/_Project/Generated/Art/cat.png
 86.2 kb	 0.1% Assets/_Project/Generated/Art/icon_trophy.png
 86.2 kb	 0.1% Assets/_Project/Generated/Art/Icons/icon_yarn_launcher.png
 86.2 kb	 0.1% Assets/_Project/Generated/Art/Icons/icon_turtle_shell.png
 86.2 kb	 0.1% Assets/_Project/Generated/Art/Icons/icon_stretchy_gum.png
 86.2 kb	 0.1% Assets/_Project/Generated/Art/Icons/icon_star_boomerang.png
 86.2 kb	 0.1% Assets/_Project/Generated/Art/Icons/icon_spark_pistol.png
 86.2 kb	 0.1% Assets/_Project/Generated/Art/Icons/icon_lucky_clover.png
 86.2 kb	 0.1% Assets/_Project/Generated/Art/Icons/icon_glass_cannon.png
 86.2 kb	 0.1% Assets/_Project/Generated/Art/Icons/icon_fish_missile.png
 86.2 kb	 0.1% Assets/_Project/Generated/Art/Icons/icon_feather_blaster.png
 86.2 kb	 0.1% Assets/_Project/Generated/Art/Icons/icon_double_barrel.png
 86.2 kb	 0.1% Assets/_Project/Generated/Art/Icons/icon_crystal_glasses.png
 86.2 kb	 0.1% Assets/_Project/Generated/Art/Icons/icon_chick_cannon.png
 86.2 kb	 0.1% Assets/_Project/Generated/Art/Icons/icon_carrot_shield.png
 86.2 kb	 0.1% Assets/_Project/Generated/Art/Icons/icon_bubble_rifle.png
 86.2 kb	 0.1% Assets/_Project/Generated/Art/Icons/icon_bubble_orbit.png
 86.2 kb	 0.1% Assets/_Project/Generated/Art/Icons/icon_battery_collar.png
 86.2 kb	 0.1% Assets/_Project/Generated/Art/Icons/icon_yarn_ball.png
 86.2 kb	 0.1% Assets/_Project/Generated/Art/Icons/icon_wise_owl.png
 86.2 kb	 0.1% Assets/_Project/Generated/Art/Icons/icon_tiger_eye.png
 86.2 kb	 0.1% Assets/_Project/Generated/Art/Icons/icon_sugar_heart.png
 86.2 kb	 0.1% Assets/_Project/Generated/Art/Icons/icon_star_bow.png
 86.2 kb	 0.1% Assets/_Project/Generated/Art/Icons/icon_spark_cat.png
 86.2 kb	 0.1% Assets/_Project/Generated/Art/Icons/icon_sharp_claws.png
 86.2 kb	 0.1% Assets/_Project/Generated/Art/Icons/icon_moon_dust.png
 86.2 kb	 0.1% Assets/_Project/Generated/Art/Icons/icon_last_stand.png
 86.2 kb	 0.1% Assets/_Project/Generated/Art/Icons/icon_golden_paw.png
 86.2 kb	 0.1% Assets/_Project/Generated/Art/Icons/icon_egg_mortar.png
 86.2 kb	 0.1% Assets/_Project/Generated/Art/Icons/icon_ice_gun.png
 86.2 kb	 0.1% Assets/_Project/Generated/Art/Icons/icon_hot_pan.png
 86.2 kb	 0.1% Assets/_Project/Generated/Art/yarn.png
 86.2 kb	 0.1% Assets/_Project/Generated/Art/Icons/icon_supernova_omelette.png
 86.2 kb	 0.1% Assets/_Project/Generated/Art/Icons/icon_mega_chick_cannon.png
 86.2 kb	 0.1% Assets/_Project/Generated/Art/Icons/icon_cosmic_breakfast.png
 86.2 kb	 0.1% Assets/_Project/Generated/Art/Icons/icon_candy_shield_galaxy.png
 86.2 kb	 0.1% Assets/_Project/Generated/Art/Icons/icon_yarn_cyclone.png
 86.2 kb	 0.1% Assets/_Project/Generated/Art/Icons/icon_thunder_pistol.png
 86.2 kb	 0.1% Assets/_Project/Generated/Art/Icons/icon_rainbow_storm.png
 86.2 kb	 0.1% Assets/_Project/Generated/Art/Icons/icon_galaxy_vortex.png
 86.2 kb	 0.1% Assets/_Project/Generated/Art/Icons/icon_feather_storm.png
 86.2 kb	 0.1% Assets/_Project/Generated/Art/Icons/icon_bubble_storm.png
 86.2 kb	 0.1% Assets/_Project/Generated/Art/circle.png
 86.2 kb	 0.1% Assets/_Project/Generated/Art/Icons/icon_storm_cat.png
 86.2 kb	 0.1% Assets/_Project/Generated/Art/Icons/icon_shark_swarm.png
 86.2 kb	 0.1% Assets/_Project/Generated/Art/Icons/icon_gum_rings.png
 86.2 kb	 0.1% Assets/_Project/Generated/Art/Icons/icon_glacier_gun.png
 86.2 kb	 0.1% Assets/_Project/Generated/Art/Icons/icon_cosmic_yarn.png
 86.2 kb	 0.1% Assets/_Project/Generated/Art/Icons/icon_comet_bow.png
 86.1 kb	 0.1% Assets/_Project/Generated/Art/chest_open.png
 86.1 kb	 0.1% Assets/_Project/Generated/Art/ui_button.png
 86.1 kb	 0.1% Assets/_Project/Generated/Art/icon_play.png
 86.1 kb	 0.1% Assets/_Project/Generated/Art/chest_closed.png
 86.1 kb	 0.1% Assets/_Project/Generated/Art/icon_home.png
 86.0 kb	 0.1% Assets/_Project/Generated/Art/ui_edge_glow.png
 85.5 kb	 0.1% Assets/_Project/Generated/Art/b_yarn.png
 75.7 kb	 0.1% Assets/_Project/Generated/Art/ui_navbar.png
 64.6 kb	 0.1% Assets/_Project/Generated/Art/fx_laser_beam.png
 64.6 kb	 0.1% Assets/_Project/Generated/Art/kit_tabbar.png
 48.3 kb	 0.0% Assets/_Project/Generated/Art/ui_capsule.png
 36.9 kb	 0.0% Assets/_Project/Generated/Art/icon_stardust.png
 36.7 kb	 0.0% Assets/_Project/Generated/Art/ui_rounded.png
 28.7 kb	 0.0% Assets/_Project/Generated/Art/ui_bar_track.png
 22.8 kb	 0.0% Assets/_Project/Generated/Art/ui_bar_fill.png
 17.2 kb	 0.0% Assets/_Project/Generated/Art/fx_laser_warn.png
 17.0 kb	 0.0% Assets/_Project/Generated/Art/bubble.png
 16.8 kb	 0.0% Assets/_Project/Generated/Art/kit_dot_red.png
 16.8 kb	 0.0% Assets/_Project/Generated/Art/kit_dot_gold.png
 16.8 kb	 0.0% Assets/_Project/Generated/Art/star.png
 16.8 kb	 0.0% Assets/_Project/Generated/Art/p_gem_pink.png
 16.8 kb	 0.0% Assets/_Project/Generated/Art/p_gem_blue.png
 16.8 kb	 0.0% Assets/_Project/Generated/Art/p_coin.png
 16.7 kb	 0.0% Assets/_Project/Generated/Art/p_heart.png
 16.7 kb	 0.0% Assets/_Project/Generated/Art/egg.png
 16.7 kb	 0.0% Assets/_Project/Generated/Art/kit_power.png
 16.6 kb	 0.0% Assets/_Project/Generated/Art/ui_vignette.png
 16.2 kb	 0.0% Assets/_Project/Generated/Art/b_jelly_small.png
 16.2 kb	 0.0% Assets/_Project/Generated/Art/b_feather_giant.png
 16.2 kb	 0.0% Assets/_Project/Generated/Art/b_boss_special.png
 16.1 kb	 0.0% Assets/_Project/Generated/Art/p_gold_bar.png
 16.1 kb	 0.0% Assets/_Project/Generated/Art/p_gem_green.png
 16.1 kb	 0.0% Assets/_Project/Generated/Art/p_coin_big.png
 16.1 kb	 0.0% Assets/_Project/Generated/Art/b_stinger.png
 16.1 kb	 0.0% Assets/_Project/Generated/Art/b_gold_egg.png
 16.1 kb	 0.0% Assets/_Project/Generated/Art/b_feather.png
 16.1 kb	 0.0% Assets/_Project/Generated/Art/b_enemy_big.png
 16.1 kb	 0.0% Assets/_Project/Generated/Art/p_magnet.png
 16.1 kb	 0.0% Assets/_Project/Generated/Art/p_bomb.png
 16.1 kb	 0.0% Assets/_Project/Generated/Art/b_star.png
 16.1 kb	 0.0% Assets/_Project/Generated/Art/b_spark.png
 16.1 kb	 0.0% Assets/_Project/Generated/Art/b_scoop.png
 16.1 kb	 0.0% Assets/_Project/Generated/Art/b_puff.png
 16.1 kb	 0.0% Assets/_Project/Generated/Art/b_meteor.png
 16.1 kb	 0.0% Assets/_Project/Generated/Art/b_jelly.png
 16.1 kb	 0.0% Assets/_Project/Generated/Art/b_ice.png
 16.1 kb	 0.0% Assets/_Project/Generated/Art/b_gum.png
 16.1 kb	 0.0% Assets/_Project/Generated/Art/b_enemy.png
 16.1 kb	 0.0% Assets/_Project/Generated/Art/b_egg.png
 16.1 kb	 0.0% Assets/_Project/Generated/Art/b_crumb.png
 16.1 kb	 0.0% Assets/_Project/Generated/Art/b_chick.png
 12.6 kb	 0.0% Assets/_Project/Generated/Art/bg_sky.png
 7.6 kb	 0.0% Assets/_Project/Generated/Art/kit_bar_green.png
 7.6 kb	 0.0% Assets/_Project/Generated/Art/kit_bar_ink.png
 7.6 kb	 0.0% Assets/_Project/Generated/Art/kit_bar_gold.png
 6.2 kb	 0.0% Assets/_Project/Shaders/InstancedSprite.shader
 4.9 kb	 0.0% Assets/_Project/Shaders/SpriteWhiteFlash.shader
 2.4 kb	 0.0% Assets/_Project/Generated/Data/Constellation.asset
 1.8 kb	 0.0% Assets/_Project/Generated/Data/Runs/Run_3.asset
 1.8 kb	 0.0% Assets/_Project/Generated/Data/Runs/Run_2.asset
 1.8 kb	 0.0% Assets/_Project/Generated/Data/Runs/Run_1.asset
 1.7 kb	 0.0% Assets/Resources/PerformanceTestRunInfo.json
 1.1 kb	 0.0% Assets/_Project/Generated/Art/confetti.png
 0.9 kb	 0.0% Assets/_Project/Generated/Prefabs/E_QueenHen.prefab
 0.8 kb	 0.0% Assets/_Project/Generated/Prefabs/E_CookieMech.prefab
 0.8 kb	 0.0% Assets/_Project/Generated/Data/Weapons/spark_pistol.asset
 0.8 kb	 0.0% Assets/_Project/Generated/Data/Weapons/star_bow.asset
 0.7 kb	 0.0% Assets/_Project/Generated/Prefabs/E_JellyKing.prefab
 0.7 kb	 0.0% Assets/_Project/Generated/Data/Weapons/ice_gun.asset
 0.7 kb	 0.0% Assets/_Project/Generated/Data/Weapons/bubble_rifle.asset
 0.7 kb	 0.0% Assets/_Project/Generated/Data/Weapons/feather_blaster.asset
 0.7 kb	 0.0% Assets/_Project/Generated/Data/Weapons/yarn_launcher.asset
 0.7 kb	 0.0% Assets/_Project/Generated/Data/Weapons/chick_cannon.asset
 0.6 kb	 0.0% Assets/_Project/Generated/Data/Weapons/bubble_orbit.asset
 0.6 kb	 0.0% Assets/_Project/Generated/Data/Weapons/star_boomerang.asset
 0.6 kb	 0.0% Assets/_Project/Generated/Data/Weapons/fish_missile.asset
 0.6 kb	 0.0% Packages/com.google.ads.mobile/GoogleMobileAds/GoogleMobileAds.Common.dll
 0.6 kb	 0.0% Assets/_Project/Generated/Data/Weapons/yarn_ball.asset
 0.6 kb	 0.0% Assets/_Project/Generated/Data/Weapons/spark_cat.asset
 0.6 kb	 0.0% Assets/_Project/Generated/Data/Weapons/egg_mortar.asset
 0.6 kb	 0.0% Assets/_Project/Generated/Prefabs/E_Marshmallow.prefab
 0.6 kb	 0.0% Assets/_Project/Generated/Prefabs/E_IceCreamTower.prefab
 0.6 kb	 0.0% Assets/_Project/Generated/Prefabs/E_CookieRobot.prefab
 0.6 kb	 0.0% Assets/_Project/Generated/Prefabs/E_JellyBear.prefab
 0.6 kb	 0.0% Assets/_Project/Generated/Prefabs/E_GumBalloon.prefab
 0.6 kb	 0.0% Assets/_Project/Generated/Prefabs/E_EliteChick.prefab
 0.6 kb	 0.0% Assets/_Project/Generated/Prefabs/E_DonutUfo.prefab
 0.6 kb	 0.0% Assets/_Project/Generated/Prefabs/E_CandyBee.prefab
 0.6 kb	 0.0% Assets/_Project/Generated/Prefabs/E_Chick.prefab
 0.5 kb	 0.0% Assets/_Project/Generated/Materials/Quad.asset
 0.4 kb	 0.0% Assets/_Project/Generated/Data/Weapons/feather_storm.asset
 0.3 kb	 0.0% Assets/_Project/Generated/Data/Weapons/shark_swarm.asset
 0.3 kb	 0.0% Assets/_Project/Generated/Data/Weapons/rainbow_storm.asset
 0.3 kb	 0.0% Assets/_Project/Generated/Data/Weapons/comet_bow.asset
 0.3 kb	 0.0% Assets/_Project/Generated/Data/Weapons/candy_shield_galaxy.asset
 0.3 kb	 0.0% Assets/_Project/Generated/Data/Weapons/supernova_omelette.asset
 0.3 kb	 0.0% Assets/_Project/Generated/Data/Weapons/yarn_cyclone.asset
 0.3 kb	 0.0% Assets/_Project/Generated/Data/Weapons/storm_cat.asset
 0.3 kb	 0.0% Assets/_Project/Generated/Data/Weapons/thunder_pistol.asset
 0.3 kb	 0.0% Assets/_Project/Generated/Data/Weapons/gum_rings.asset
 0.3 kb	 0.0% Assets/_Project/Generated/Data/Weapons/mega_chick_cannon.asset
 0.3 kb	 0.0% Assets/_Project/Generated/Data/Weapons/galaxy_vortex.asset
 0.3 kb	 0.0% Assets/_Project/Generated/Data/Weapons/bubble_storm.asset
 0.3 kb	 0.0% Assets/_Project/Generated/Data/Weapons/glacier_gun.asset
 0.3 kb	 0.0% Assets/_Project/Generated/Data/Weapons/cosmic_breakfast.asset
 0.3 kb	 0.0% Assets/_Project/Generated/Materials/SpriteUnlit.mat
 0.3 kb	 0.0% Assets/_Project/Generated/Data/Weapons/cosmic_yarn.asset
 0.3 kb	 0.0% Assets/_Project/Generated/Materials/Confetti.mat
 0.3 kb	 0.0% Assets/_Project/Generated/Materials/Line.mat
 0.3 kb	 0.0% Assets/_Project/Generated/Prefabs/W_BubbleOrbit.prefab
 0.3 kb	 0.0% Assets/_Project/Generated/Prefabs/W_GumRings.prefab
 0.3 kb	 0.0% Assets/_Project/Generated/Prefabs/W_StormCat.prefab
 0.3 kb	 0.0% Assets/_Project/Generated/Prefabs/W_SparkCat.prefab
 0.2 kb	 0.0% Assets/_Project/Generated/Prefabs/W_FishMissile.prefab
 0.2 kb	 0.0% Assets/_Project/Generated/Prefabs/W_StarBoomerang.prefab
 0.2 kb	 0.0% Assets/_Project/Generated/Prefabs/W_SharkSwarm.prefab
 0.2 kb	 0.0% Assets/_Project/Generated/Prefabs/W_GalaxyVortex.prefab
 0.2 kb	 0.0% Assets/_Project/Generated/Prefabs/W_SupernovaOmelette.prefab
 0.2 kb	 0.0% Assets/_Project/Generated/Prefabs/W_EggMortar.prefab
 0.2 kb	 0.0% Assets/_Project/Generated/Prefabs/W_YarnBall.prefab
 0.2 kb	 0.0% Assets/_Project/Generated/Prefabs/W_CosmicYarn.prefab
 0.2 kb	 0.0% Assets/_Project/Generated/Data/Passives/double_barrel.asset
 0.2 kb	 0.0% Assets/_Project/Generated/Prefabs/W_glacier_gun.prefab
 0.2 kb	 0.0% Assets/_Project/Generated/Data/Passives/turtle_shell.asset
 0.2 kb	 0.0% Assets/_Project/Generated/Data/Characters/gizli.asset
 0.2 kb	 0.0% Assets/_Project/Generated/Prefabs/W_ice_gun.prefab
 0.2 kb	 0.0% Assets/_Project/Generated/Data/Characters/pengu.asset
 0.2 kb	 0.0% Assets/_Project/Generated/Data/Characters/civik.asset
 0.2 kb	 0.0% Assets/_Project/Generated/Prefabs/W_Fusion_cosmic_breakfast.prefab
 0.2 kb	 0.0% Assets/_Project/Generated/Prefabs/W_Fusion_candy_shield_galaxy.prefab
 0.2 kb	 0.0% Assets/_Project/Generated/Prefabs/W_Fusion_rainbow_storm.prefab
 0.2 kb	 0.0% Assets/_Project/Generated/Data/Passives/crystal_glasses.asset
 0.2 kb	 0.0% Assets/_Project/Generated/Data/Characters/yildizpati.asset
 0.2 kb	 0.0% Assets/_Project/Generated/Data/Characters/balonbas.asset
 0.2 kb	 0.0% Assets/_Project/Generated/Prefabs/W_thunder_pistol.prefab
 0.2 kb	 0.0% Assets/_Project/Generated/Prefabs/W_spark_pistol.prefab
 0.2 kb	 0.0% Assets/_Project/Generated/Data/Passives/golden_paw.asset
 0.2 kb	 0.0% Assets/_Project/Generated/Data/Characters/pitir.asset
 0.2 kb	 0.0% Assets/_Project/Generated/Data/Passives/sharp_claws.asset
 0.2 kb	 0.0% Assets/_Project/Generated/Data/Characters/mirnav.asset
 0.2 kb	 0.0% Assets/_Project/Generated/Prefabs/W_mega_chick_cannon.prefab
 0.2 kb	 0.0% Packages/com.unity.mathematics/Unity.Mathematics/Il2CppEagerStaticClassConstructionAttribute.cs
 0.2 kb	 0.0% Assets/_Project/Generated/Prefabs/W_yarn_launcher.prefab
 0.2 kb	 0.0% Assets/_Project/Generated/Prefabs/W_yarn_cyclone.prefab
 0.2 kb	 0.0% Assets/_Project/Generated/Prefabs/W_chick_cannon.prefab
 0.2 kb	 0.0% Assets/_Project/Generated/Prefabs/W_bubble_storm.prefab
 0.2 kb	 0.0% Assets/_Project/Generated/Prefabs/W_bubble_rifle.prefab
 0.2 kb	 0.0% Assets/_Project/Generated/Prefabs/W_FeatherStorm.prefab
 0.2 kb	 0.0% Assets/_Project/Generated/Prefabs/W_FeatherBlaster.prefab
 0.2 kb	 0.0% Assets/_Project/Generated/Data/Passives/wise_owl.asset
 0.2 kb	 0.0% Assets/_Project/Generated/Data/Passives/tiger_eye.asset
 0.2 kb	 0.0% Assets/_Project/Generated/Data/Passives/last_stand.asset
 0.2 kb	 0.0% Assets/_Project/Generated/Data/Characters/kuzu.asset
 0.2 kb	 0.0% Assets/_Project/Generated/Prefabs/W_star_bow.prefab
 0.2 kb	 0.0% Assets/_Project/Generated/Prefabs/W_comet_bow.prefab
 0.2 kb	 0.0% Packages/com.unity.collections/Unity.Collections/GenerateTestsForBurstCompatibilityAttribute.cs
 0.2 kb	 0.0% Assets/_Project/Generated/Data/Passives/stretchy_gum.asset
 0.2 kb	 0.0% Assets/_Project/Generated/Data/Passives/lucky_clover.asset
 0.2 kb	 0.0% Assets/_Project/Generated/Data/Passives/glass_cannon.asset
 0.2 kb	 0.0% Assets/_Project/Generated/Data/Passives/battery_collar.asset
 0.2 kb	 0.0% Packages/com.unity.inputsystem/InputSystem/Editor/UITKAssetEditor/Views/CompositePartBindingPropertiesView.cs
 0.2 kb	 0.0% Packages/com.unity.inputsystem/InputSystem/Editor/UITKAssetEditor/Views/CollectionViewSelectionChangeFilter.cs
 0.2 kb	 0.0% Packages/com.unity.inputsystem/InputSystem/Editor/UITKAssetEditor/InputActionsEditorSettingsProvider.cs
 0.2 kb	 0.0% Packages/com.unity.inputsystem/InputSystem/Editor/PropertyDrawers/InputActionReferenceSearchProviders.cs
 0.2 kb	 0.0% Packages/com.unity.inputsystem/InputSystem/Editor/PropertyDrawers/InputActionReferencePropertyDrawer.cs
 0.2 kb	 0.0% Packages/com.unity.inputsystem/InputSystem/Editor/Analytics/InputActionsEditorSessionAnalytic.cs
 0.2 kb	 0.0% Packages/com.unity.inputsystem/InputSystem/Devices/Commands/QueryEditorWindowCoordinatesCommand.cs
 0.2 kb	 0.0% Packages/com.unity.inputsystem/InputSystem/Devices/Commands/InitiateUserAccountPairingCommand.cs
 0.2 kb	 0.0% Assets/_Project/Generated/Data/Passives/carrot_shield.asset
 0.2 kb	 0.0% Packages/com.unity.inputsystem/InputSystem/Plugins/UI/StandaloneInputModuleEditor.cs
 0.2 kb	 0.0% Packages/com.unity.inputsystem/InputSystem/Plugins/UI/InputSystemUIInputModuleEditor.cs
 0.1 kb	 0.0% Packages/com.unity.inputsystem/InputSystem/Plugins/InputForUI/InputActionAssetVerifier.cs
 0.1 kb	 0.0% Packages/com.unity.inputsystem/InputSystem/Editor/UITKAssetEditor/Views/CompositeBindingPropertiesView.cs
 0.1 kb	 0.0% Packages/com.unity.inputsystem/InputSystem/Editor/UITKAssetEditor/InputActionsEditorWindowUtils.cs
 0.1 kb	 0.0% Packages/com.unity.inputsystem/InputSystem/Editor/PropertyDrawers/InputActionAssetSearchProvider.cs
 0.1 kb	 0.0% Packages/com.unity.inputsystem/InputSystem/Editor/ProjectWideActions/ProjectWideActionsBuildProvider.cs
 0.1 kb	 0.0% Packages/com.unity.inputsystem/InputSystem/Editor/Internal/SerializedPropertyLinqExtensions.cs
 0.1 kb	 0.0% Packages/com.unity.inputsystem/InputSystem/Editor/Internal/InputActionSerializationHelpers.cs
 0.1 kb	 0.0% Packages/com.unity.inputsystem/InputSystem/Editor/EditorInputControlLayoutCache.cs
 0.1 kb	 0.0% Packages/com.unity.inputsystem/InputSystem/Editor/ControlPicker/Layouts/TouchscreenControlPickerLayout.cs
 0.1 kb	 0.0% Packages/com.unity.inputsystem/InputSystem/Editor/ControlPicker/Layouts/DefaultInputControlPickerLayout.cs
 0.1 kb	 0.0% Packages/com.unity.inputsystem/InputSystem/Editor/Analytics/VirtualMouseInputEditorAnalytic.cs
 0.1 kb	 0.0% Packages/com.unity.inputsystem/InputSystem/Editor/Analytics/PlayerInputManagerEditorAnalytic.cs
 0.1 kb	 0.0% Packages/com.unity.inputsystem/InputSystem/Devices/Commands/QuerySamplingFrequencyCommand.cs
 0.1 kb	 0.0% Packages/com.unity.inputsystem/InputSystem/Devices/Commands/QueryPairedUserAccountCommand.cs
 0.1 kb	 0.0% Assets/_Project/Generated/Materials/I_b_feather_giant.mat
 0.1 kb	 0.0% Assets/_Project/Generated/Data/Passives/sugar_heart.asset
 0.1 kb	 0.0% Assets/_Project/Generated/Data/Passives/hot_pan.asset
 0.1 kb	 0.0% Packages/com.unity.inputsystem/InputSystem/Utilities/DisplayStringFormatAttribute.cs
 0.1 kb	 0.0% Packages/com.unity.inputsystem/InputSystem/Plugins/XR/Haptics/SendBufferedHapticsCommand.cs
 0.1 kb	 0.0% Packages/com.unity.inputsystem/InputSystem/Plugins/XR/Haptics/GetHapticCapabilitiesCommand.cs
 0.1 kb	 0.0% Packages/com.unity.inputsystem/InputSystem/Plugins/XR/Haptics/GetCurrentHapticStateCommand.cs
 0.1 kb	 0.0% Packages/com.unity.inputsystem/InputSystem/Plugins/UI/ExtendedSubmitCancelEventData.cs
 0.1 kb	 0.0% Packages/com.unity.inputsystem/InputSystem/Plugins/Android/AndroidGameController.cs
 0.1 kb	 0.0% Packages/com.unity.inputsystem/InputSystem/Controls/Processors/NormalizeVector3Processor.cs
 0.1 kb	 0.0% Packages/com.unity.inputsystem/InputSystem/Controls/Processors/NormalizeVector2Processor.cs
 0.1 kb	 0.0% Packages/com.unity.inputsystem/InputSystem/Controls/Processors/EditorWindowSpaceProcessor.cs
 0.1 kb	 0.0% Packages/com.unity.inputsystem/InputSystem/Controls/Processors/CompensateRotationProcessor.cs
 0.1 kb	 0.0% Packages/com.unity.inputsystem/InputSystem/Controls/Processors/CompensateDirectionProcessor.cs
 0.1 kb	 0.0% Packages/com.unity.collections/Unity.Collections/UnsafeParallelHashSetExtensions.gen.cs
 0.1 kb	 0.0% Packages/com.unity.collections/Unity.Collections/UnsafeParallelHashMap.cs
 0.1 kb	 0.0% Assets/_Project/Generated/Materials/SpriteFlash.mat
 0.1 kb	 0.0% Assets/_Project/Generated/Materials/I_p_gem_green.mat
 0.1 kb	 0.0% Assets/_Project/Generated/Materials/I_b_jelly_small.mat
 0.1 kb	 0.0% Assets/_Project/Generated/Materials/I_b_enemy_big.mat
 0.1 kb	 0.0% Assets/_Project/Generated/Materials/I_b_boss_special.mat
 0.1 kb	 0.0% Assets/_Project/Generated/Data/Passives/moon_dust.asset
 0.1 kb	 0.0% Packages/com.unity.inputsystem/InputSystem/State/IInputStateCallbackReceiver.cs
 0.1 kb	 0.0% Packages/com.unity.inputsystem/InputSystem/Plugins/InputForUI/InputSystemProvider.cs
 0.1 kb	 0.0% Packages/com.unity.inputsystem/InputSystem/Plugins/DualShock/DualShockGamepadHID.cs
 0.1 kb	 0.0% Packages/com.unity.inputsystem/InputSystem/Editor/UITKAssetEditor/Views/NameAndParametersListView.cs
 0.1 kb	 0.0% Packages/com.unity.inputsystem/InputSystem/Editor/UITKAssetEditor/Views/InputActionMapsTreeViewItem.cs
 0.1 kb	 0.0% Packages/com.unity.inputsystem/InputSystem/Editor/UITKAssetEditor/InputActionsEditorConstants.cs
 0.1 kb	 0.0% Packages/com.unity.inputsystem/InputSystem/Editor/Settings/InputSettingsBuildProvider.cs
 0.1 kb	 0.0% Packages/com.unity.inputsystem/InputSystem/Editor/Settings/EditorPlayerSettingHelpers.cs
 0.1 kb	 0.0% Packages/com.unity.inputsystem/InputSystem/Editor/PropertyDrawers/InputActionPropertyDrawer.cs
 0.1 kb	 0.0% Packages/com.unity.inputsystem/InputSystem/Editor/PropertyDrawers/GamepadButtonPropertyDrawer.cs
 0.1 kb	 0.0% Packages/com.unity.inputsystem/InputSystem/Editor/Internal/SerializedPropertyHelpers.cs
 0.1 kb	 0.0% Packages/com.unity.inputsystem/InputSystem/Editor/Internal/AdvancedDropdown/AdvancedDropdownDataSource.cs
 0.1 kb	 0.0% Packages/com.unity.inputsystem/InputSystem/Editor/InputSystemPackageControl.cs
 0.1 kb	 0.0% Packages/com.unity.inputsystem/InputSystem/Editor/Debugger/SampleFrequencyCalculator.cs
 0.1 kb	 0.0% Packages/com.unity.inputsystem/InputSystem/Editor/Debugger/InputDeviceDebuggerWindow.cs
 0.1 kb	 0.0% Packages/com.unity.inputsystem/InputSystem/Editor/Debugger/InputActionDebuggerWindow.cs
 0.1 kb	 0.0% Packages/com.unity.inputsystem/InputSystem/Editor/ControlPicker/InputControlPickerDropdown.cs
 0.1 kb	 0.0% Packages/com.unity.inputsystem/InputSystem/Editor/ControlPicker/IInputControlPickerLayout.cs
 0.1 kb	 0.0% Packages/com.unity.inputsystem/InputSystem/Editor/AssetImporter/InputActionImporterEditor.cs
 0.1 kb	 0.0% Packages/com.unity.inputsystem/InputSystem/Editor/AssetImporter/InputActionAssetIconLoader.cs
 0.1 kb	 0.0% Packages/com.unity.inputsystem/InputSystem/Editor/AssetEditor/InputBindingPropertiesView.cs
 0.1 kb	 0.0% Packages/com.unity.inputsystem/InputSystem/Editor/AssetEditor/InputActionPropertiesView.cs
 0.1 kb	 0.0% Packages/com.unity.inputsystem/InputSystem/Editor/Analytics/PlayerInputEditorAnalytic.cs
 0.1 kb	 0.0% Packages/com.unity.inputsystem/InputSystem/Editor/Analytics/OnScreenStickEditorAnalytic.cs
 0.1 kb	 0.0% Packages/com.unity.inputsystem/InputSystem/Editor/Analytics/InputExitPlayModeAnalytic.cs
 0.1 kb	 0.0% Packages/com.unity.inputsystem/InputSystem/Editor/Analytics/InputComponentEditorAnalytic.cs
 0.1 kb	 0.0% Packages/com.unity.inputsystem/InputSystem/Devices/IInputUpdateCallbackReceiver.cs
 0.1 kb	 0.0% Packages/com.unity.inputsystem/InputSystem/Devices/Commands/SetSamplingFrequencyCommand.cs
 0.1 kb	 0.0% Packages/com.unity.inputsystem/InputSystem/Devices/Commands/SetIMECursorPositionCommand.cs
 0.1 kb	 0.0% Packages/com.unity.inputsystem/InputSystem/Devices/Commands/QueryKeyboardLayoutCommand.cs
 0.1 kb	 0.0% Packages/com.unity.inputsystem/InputSystem/Devices/Commands/EnableIMECompositionCommand.cs
 0.1 kb	 0.0% Packages/com.unity.inputsystem/InputSystem/Controls/InputControlLayoutAttribute.cs
 0.1 kb	 0.0% Packages/com.unity.inputsystem/InputSystem/Actions/InputActionRebindingExtensions.cs
 0.1 kb	 0.0% Packages/com.unity.collections/Unity.Collections/UnsafeNotBurstCompatible.cs
 0.1 kb	 0.0% Assets/_Project/Generated/Materials/I_p_magnet.mat
 0.1 kb	 0.0% Assets/_Project/Generated/Materials/I_p_heart.mat
 0.1 kb	 0.0% Assets/_Project/Generated/Materials/I_p_gold_bar.mat
 0.1 kb	 0.0% Assets/_Project/Generated/Materials/I_p_gem_pink.mat
 0.1 kb	 0.0% Assets/_Project/Generated/Materials/I_p_gem_blue.mat
 0.1 kb	 0.0% Assets/_Project/Generated/Materials/I_p_coin_big.mat
 0.1 kb	 0.0% Assets/_Project/Generated/Materials/I_b_stinger.mat
 0.1 kb	 0.0% Assets/_Project/Generated/Materials/I_b_spark.mat
 0.1 kb	 0.0% Assets/_Project/Generated/Materials/I_b_scoop.mat
 0.1 kb	 0.0% Assets/_Project/Generated/Materials/I_b_meteor.mat
 0.1 kb	 0.0% Assets/_Project/Generated/Materials/I_b_jelly.mat
 0.1 kb	 0.0% Assets/_Project/Generated/Materials/I_b_gold_egg.mat
 0.1 kb	 0.0% Assets/_Project/Generated/Materials/I_b_feather.mat
 0.1 kb	 0.0% Assets/_Project/Generated/Materials/I_b_enemy.mat
 0.1 kb	 0.0% Assets/_Project/Generated/Materials/I_b_crumb.mat
 0.1 kb	 0.0% Assets/_Project/Generated/Materials/I_b_chick.mat
 0.1 kb	 0.0% Packages/com.unity.ugui/Runtime/UGUI/EventSystem/UIElements/UIToolkitInteroperabilityBridge.cs
 0.1 kb	 0.0% Packages/com.unity.inputsystem/InputSystem/Utilities/Observables/ForDeviceEventObservable.cs
 0.1 kb	 0.0% Packages/com.unity.inputsystem/InputSystem/Plugins/XR/Haptics/SendHapticImpulseCommand.cs
 0.1 kb	 0.0% Packages/com.unity.inputsystem/InputSystem/Plugins/Android/AndroidSensors.cs
 0.1 kb	 0.0% Packages/com.unity.inputsystem/InputSystem/Editor/AssetEditor/NameAndParameterListView.cs
 0.1 kb	 0.0% Packages/com.unity.inputsystem/InputSystem/Controls/Processors/StickDeadzoneProcessor.cs
 0.1 kb	 0.0% Packages/com.unity.inputsystem/InputSystem/Controls/Processors/ScaleVector3Processor.cs
 0.1 kb	 0.0% Packages/com.unity.inputsystem/InputSystem/Controls/Processors/ScaleVector2Processor.cs
 0.1 kb	 0.0% Packages/com.unity.inputsystem/InputSystem/Controls/Processors/InvertVector3Processor.cs
 0.1 kb	 0.0% Packages/com.unity.inputsystem/InputSystem/Controls/Processors/InvertVector2Processor.cs
 0.1 kb	 0.0% Packages/com.unity.inputsystem/InputSystem/Controls/Processors/AxisDeadzoneProcessor.cs
 0.1 kb	 0.0% Packages/com.unity.inputsystem/InputSystem/Actions/Composites/TwoModifiersComposite.cs
 0.1 kb	 0.0% Packages/com.unity.inputsystem/InputSystem/Actions/Composites/ButtonWithTwoModifiers.cs
 0.1 kb	 0.0% Packages/com.unity.inputsystem/InputSystem/Actions/Composites/ButtonWithOneModifier.cs
 0.1 kb	 0.0% Packages/com.unity.collections/Unity.Collections/UnsafeScratchAllocator.cs
 0.1 kb	 0.0% Packages/com.unity.collections/Unity.Collections/NativeParallelHashMapExtensions.cs
 0.1 kb	 0.0% Assets/_Project/Generated/Materials/I_p_coin.mat
 0.1 kb	 0.0% Assets/_Project/Generated/Materials/I_p_bomb.mat
 0.1 kb	 0.0% Assets/_Project/Generated/Materials/I_b_yarn.mat
 0.1 kb	 0.0% Assets/_Project/Generated/Materials/I_b_star.mat
 0.1 kb	 0.0% Assets/_Project/Generated/Materials/I_b_puff.mat
 0.1 kb	 0.0% Assets/_Project/Generated/Materials/I_b_ice.mat
 0.1 kb	 0.0% Assets/_Project/Generated/Materials/I_b_gum.mat
 0.1 kb	 0.0% Assets/_Project/Generated/Materials/I_b_egg.mat
 0.1 kb	 0.0% Assets/GoogleMobileAds/Resources/GoogleMobileAdsSettings.asset
 0.1 kb	 0.0% Packages/com.unity.ugui/Runtime/TMP/TMP_SpriteAssetImportFormats.cs
 0.1 kb	 0.0% Packages/com.unity.inputsystem/InputSystem/State/IInputStateChangeMonitor.cs
 0.1 kb	 0.0% Packages/com.unity.inputsystem/InputSystem/Plugins/iOS/IOSGameController.cs
 0.1 kb	 0.0% Packages/com.unity.inputsystem/InputSystem/Plugins/Users/InputUserAccountHandle.cs
 0.1 kb	 0.0% Packages/com.unity.inputsystem/InputSystem/Plugins/Switch/SwitchProControllerHID.cs
 0.1 kb	 0.0% Packages/com.unity.inputsystem/InputSystem/Plugins/PlayerInput/PlayerInputManagerEditor.cs
 0.1 kb	 0.0% Packages/com.unity.inputsystem/InputSystem/Plugins/OSX/OSXGameController.cs
 0.1 kb	 0.0% Packages/com.unity.inputsystem/InputSystem/Plugins/EnhancedTouch/EnhancedTouchSupport.cs
 0.1 kb	 0.0% Packages/com.unity.inputsystem/InputSystem/Events/DeviceConfigurationEvent.cs
 0.1 kb	 0.0% Packages/com.unity.inputsystem/InputSystem/Editor/UITKAssetEditor/Views/VisualElementExtensions.cs
 0.1 kb	 0.0% Packages/com.unity.inputsystem/InputSystem/Editor/UITKAssetEditor/Views/InputActionsTreeViewItem.cs
 0.1 kb	 0.0% Packages/com.unity.inputsystem/InputSystem/Editor/UITKAssetEditor/Views/InputActionsEditorView.cs
 0.1 kb	 0.0% Packages/com.unity.inputsystem/InputSystem/Editor/UITKAssetEditor/Views/BindingPropertiesView.cs
 0.1 kb	 0.0% Packages/com.unity.inputsystem/InputSystem/Editor/UITKAssetEditor/SerializedInputBinding.cs
 0.1 kb	 0.0% Packages/com.unity.inputsystem/InputSystem/Editor/UITKAssetEditor/SerializedInputActionMap.cs
 0.1 kb	 0.0% Packages/com.unity.inputsystem/InputSystem/Editor/UITKAssetEditor/SerializedInputAction.cs
 0.1 kb	 0.0% Packages/com.unity.inputsystem/InputSystem/Editor/UITKAssetEditor/InputActionsEditorWindow.cs
 0.1 kb	 0.0% Packages/com.unity.inputsystem/InputSystem/Editor/UITKAssetEditor/InputActionsEditorState.cs
 0.1 kb	 0.0% Packages/com.unity.inputsystem/InputSystem/Editor/UITKAssetEditor/Commands/ControlSchemeCommands.cs
 0.1 kb	 0.0% Packages/com.unity.inputsystem/InputSystem/Editor/Settings/InputSettingsProvider.cs
 0.1 kb	 0.0% Packages/com.unity.inputsystem/InputSystem/Editor/Settings/InputEditorUserSettings.cs
 0.1 kb	 0.0% Packages/com.unity.inputsystem/InputSystem/Editor/PropertyDrawers/InputControlPathDrawer.cs
 0.1 kb	 0.0% Packages/com.unity.inputsystem/InputSystem/Editor/PropertyDrawers/InputActionDrawerBase.cs
 0.1 kb	 0.0% Packages/com.unity.inputsystem/InputSystem/Editor/PropertyDrawers/InputActionAssetDrawer.cs
 0.1 kb	 0.0% Packages/com.unity.inputsystem/InputSystem/Editor/ProjectWideActions/ProjectWideActionsAsset.cs
 0.1 kb	 0.0% Packages/com.unity.inputsystem/InputSystem/Editor/Internal/AdvancedDropdown/AdvancedDropdownWindow.cs
 0.1 kb	 0.0% Packages/com.unity.inputsystem/InputSystem/Editor/Internal/AdvancedDropdown/AdvancedDropdownState.cs
 0.1 kb	 0.0% Packages/com.unity.inputsystem/InputSystem/Editor/InputSystemPluginControl.cs
 0.1 kb	 0.0% Packages/com.unity.inputsystem/InputSystem/Editor/InputLayoutCodeGenerator.cs
 0.1 kb	 0.0% Packages/com.unity.inputsystem/InputSystem/Editor/InputAssetEditorUtils.cs
 0.1 kb	 0.0% Packages/com.unity.inputsystem/InputSystem/Editor/Debugger/InputLatencyCalculator.cs
 0.1 kb	 0.0% Packages/com.unity.inputsystem/InputSystem/Editor/ControlPicker/InputControlPickerState.cs
 0.1 kb	 0.0% Packages/com.unity.inputsystem/InputSystem/Editor/ControlPicker/InputControlPathEditor.cs
 0.1 kb	 0.0% Packages/com.unity.inputsystem/InputSystem/Editor/ControlPicker/InputControlDropdownItem.cs
 0.1 kb	 0.0% Packages/com.unity.inputsystem/InputSystem/Editor/AssetImporter/InputActionCodeGenerator.cs
 0.1 kb	 0.0% Packages/com.unity.inputsystem/InputSystem/Editor/AssetImporter/InputActionAssetEditor.cs
 0.1 kb	 0.0% Packages/com.unity.inputsystem/InputSystem/Editor/AssetImporter/IInputActionAssetEditor.cs
 0.1 kb	 0.0% Packages/com.unity.inputsystem/InputSystem/Editor/AssetEditor/InputActionAssetManager.cs
 0.1 kb	 0.0% Packages/com.unity.inputsystem/InputSystem/Devices/Remote/RemoteInputPlayerConnection.cs
 0.1 kb	 0.0% Packages/com.unity.inputsystem/InputSystem/Devices/InputDeviceDescription.cs
 0.1 kb	 0.0% Packages/com.unity.inputsystem/InputSystem/Devices/Haptics/DualMotorRumbleCommand.cs
 0.1 kb	 0.0% Packages/com.unity.inputsystem/InputSystem/Devices/Commands/WarpMousePositionCommand.cs
 0.1 kb	 0.0% Packages/com.unity.inputsystem/InputSystem/Devices/Commands/QueryEnabledStateCommand.cs
 0.1 kb	 0.0% Packages/com.unity.inputsystem/InputSystem/Devices/Commands/QueryDimensionsCommand.cs
 0.1 kb	 0.0% Packages/com.unity.inputsystem/InputSystem/Devices/Commands/QueryCanRunInBackground.cs
 0.1 kb	 0.0% Packages/com.unity.inputsystem/InputSystem/Devices/Commands/IInputDeviceCommandInfo.cs
 0.1 kb	 0.0% Packages/com.unity.inputsystem/InputSystem/Controls/InputControlAttribute.cs
 0.1 kb	 0.0% Packages/com.unity.inputsystem/InputSystem/Controls/DiscreteButtonControl.cs
 0.1 kb	 0.0% Packages/com.unity.inputsystem/InputSystem/Actions/InputBindingCompositeContext.cs
 0.1 kb	 0.0% Packages/com.unity.inputsystem/InputSystem/Actions/InputActionSetupExtensions.cs
 0.1 kb	 0.0% Packages/com.unity.inputsystem/InputSystem/Actions/InputActionParameters.cs
 0.1 kb	 0.0% Packages/com.unity.collections/Unity.Collections/UnsafeAtomicCounter.cs
 0.1 kb	 0.0% Packages/com.unity.ugui/Runtime/UGUI/UI/Core/Layout/HorizontalOrVerticalLayoutGroup.cs
 0.1 kb	 0.0% Packages/com.unity.inputsystem/InputSystem/Utilities/NameAndParameters.cs
 0.1 kb	 0.0% Packages/com.unity.inputsystem/InputSystem/Utilities/CSharpCodeHelpers.cs
 0.1 kb	 0.0% Packages/com.unity.inputsystem/InputSystem/Plugins/UI/TrackedDeviceRaycaster.cs
 0.1 kb	 0.0% Packages/com.unity.inputsystem/InputSystem/Plugins/UI/MultiplayerEventSystem.cs
 0.1 kb	 0.0% Packages/com.unity.inputsystem/InputSystem/Plugins/UI/InputSystemUIInputModule.cs
 0.1 kb	 0.0% Packages/com.unity.inputsystem/InputSystem/Plugins/UI/ExtendedPointerEventData.cs
 0.1 kb	 0.0% Packages/com.unity.inputsystem/InputSystem/Plugins/UI/ExtendedAxisEventData.cs
 0.1 kb	 0.0% Packages/com.unity.inputsystem/InputSystem/Plugins/HID/HIDDescriptorWindow.cs
 0.1 kb	 0.0% Packages/com.unity.inputsystem/InputSystem/Plugins/DualShock/IDualShockHaptics.cs
 0.1 kb	 0.0% Packages/com.unity.inputsystem/InputSystem/Editor/AssetEditor/ParameterListView.cs
 0.1 kb	 0.0% Packages/com.unity.inputsystem/InputSystem/Editor/AssetEditor/InputActionTreeViewItems.cs
 0.1 kb	 0.0% Packages/com.unity.inputsystem/InputSystem/Controls/Processors/NormalizeProcessor.cs
 0.1 kb	 0.0% Packages/com.unity.inputsystem/InputSystem/Actions/Interactions/SlowTapInteraction.cs
 0.1 kb	 0.0% Packages/com.unity.inputsystem/InputSystem/Actions/Interactions/MultiTapInteraction.cs
 0.1 kb	 0.0% Packages/com.unity.inputsystem/InputSystem/Actions/Composites/OneModifierComposite.cs
 0.1 kb	 0.0% Packages/com.unity.collections/Unity.Collections/UnsafeUtilityEx.cs
 0.1 kb	 0.0% Packages/com.unity.collections/Unity.Collections/UnsafeAppendBuffer.cs
 0.1 kb	 0.0% Packages/com.unity.collections/Unity.Collections/NativeParallelHashSetExtensions.gen.cs
 0.1 kb	 0.0% Packages/com.unity.collections/Unity.Collections/Jobs/RegisterGenericJobTypeAttribute.cs
 0.1 kb	 0.0% Packages/com.unity.collections/Unity.Collections/DoubleRewindableAllocators.cs
 0.1 kb	 0.0% Packages/com.unity.collections/Unity.Collections/DataStreamExtensions.cs
 0.1 kb	 0.0% Packages/com.google.ads.mobile/GoogleMobileAds/Editor/GoogleMobileAdsSettings.cs
 0.1 kb	 0.0% Packages/com.unity.ugui/Runtime/TMP/TMP_DynamicFontAssetUtilities.cs
 0.1 kb	 0.0% Packages/com.unity.inputsystem/InputSystem/Utilities/Comparers.cs
 0.1 kb	 0.0% Packages/com.unity.inputsystem/InputSystem/State/InputStateHistory.cs
 0.1 kb	 0.0% Packages/com.unity.inputsystem/InputSystem/State/InputStateBuffers.cs
 0.1 kb	 0.0% Packages/com.unity.inputsystem/InputSystem/State/IInputStateTypeInfo.cs
 0.1 kb	 0.0% Packages/com.unity.inputsystem/InputSystem/Plugins/iOS/InputSettingsiOSProvider.cs
 0.1 kb	 0.0% Packages/com.unity.inputsystem/InputSystem/Plugins/Users/InputUserSettings.cs
 0.1 kb	 0.0% Packages/com.unity.inputsystem/InputSystem/Plugins/PlayerInput/PlayerInputEditor.cs
 0.1 kb	 0.0% Packages/com.unity.inputsystem/InputSystem/Plugins/EnhancedTouch/TouchSimulation.cs
 0.1 kb	 0.0% Packages/com.unity.inputsystem/InputSystem/NativeInputRuntime.cs
 0.1 kb	 0.0% Packages/com.unity.inputsystem/InputSystem/Events/InputEventListener.cs
 0.1 kb	 0.0% Packages/com.unity.inputsystem/InputSystem/Events/IMECompositionEvent.cs
 0.1 kb	 0.0% Packages/com.unity.inputsystem/InputSystem/Events/IInputEventTypeInfo.cs
 0.1 kb	 0.0% Packages/com.unity.inputsystem/InputSystem/Events/DeviceRemoveEvent.cs
 0.1 kb	 0.0% Packages/com.unity.inputsystem/InputSystem/Editor/UITKAssetEditor/Views/MatchingControlPaths.cs
 0.1 kb	 0.0% Packages/com.unity.inputsystem/InputSystem/Editor/UITKAssetEditor/Views/IViewStateCollection.cs
 0.1 kb	 0.0% Packages/com.unity.inputsystem/InputSystem/Editor/UITKAssetEditor/Views/ControlSchemesView.cs
 0.1 kb	 0.0% Packages/com.unity.inputsystem/InputSystem/Editor/UITKAssetEditor/Views/ActionPropertiesView.cs
 0.1 kb	 0.0% Packages/com.unity.inputsystem/InputSystem/Editor/UITKAssetEditor/EnumerableExtensions.cs
 0.1 kb	 0.0% Packages/com.unity.inputsystem/InputSystem/Editor/PropertyDrawers/InputActionMapDrawer.cs
 0.1 kb	 0.0% Packages/com.unity.inputsystem/InputSystem/Editor/PropertyDrawers/InputActionDrawer.cs
 0.1 kb	 0.0% Packages/com.unity.inputsystem/InputSystem/Editor/Internal/InputEventTreeView.cs
 0.1 kb	 0.0% Packages/com.unity.inputsystem/InputSystem/Editor/Internal/InputControlTreeView.cs
 0.1 kb	 0.0% Packages/com.unity.inputsystem/InputSystem/Editor/Internal/BuildProviderHelpers.cs
 0.1 kb	 0.0% Packages/com.unity.inputsystem/InputSystem/Editor/Internal/AdvancedDropdown/MultiLevelDataSource.cs
 0.1 kb	 0.0% Packages/com.unity.inputsystem/InputSystem/Editor/Internal/AdvancedDropdown/CallbackDataSource.cs
 0.1 kb	 0.0% Packages/com.unity.inputsystem/InputSystem/Editor/Internal/AdvancedDropdown/AdvancedDropdownItem.cs
 0.1 kb	 0.0% Packages/com.unity.inputsystem/InputSystem/Editor/Internal/AdvancedDropdown/AdvancedDropdownGUI.cs
 0.1 kb	 0.0% Packages/com.unity.inputsystem/InputSystem/Editor/InputParameterEditor.cs
 0.1 kb	 0.0% Packages/com.unity.inputsystem/InputSystem/Editor/DeviceSimulator/InputSystemPlugin.cs
 0.1 kb	 0.0% Packages/com.unity.inputsystem/InputSystem/Editor/Debugger/InputDebuggerWindow.cs
 0.1 kb	 0.0% Packages/com.unity.inputsystem/InputSystem/Editor/ControlPicker/InputControlPicker.cs
 0.1 kb	 0.0% Packages/com.unity.inputsystem/InputSystem/Editor/BuildPipeline/LinkFileGenerator.cs
 0.1 kb	 0.0% Packages/com.unity.inputsystem/InputSystem/Editor/AssetImporter/InputActionImporter.cs
 0.1 kb	 0.0% Packages/com.unity.inputsystem/InputSystem/Editor/AssetEditor/PropertiesViewBase.cs
 0.1 kb	 0.0% Packages/com.unity.inputsystem/InputSystem/Editor/AssetEditor/InputActionTreeView.cs
 0.1 kb	 0.0% Packages/com.unity.inputsystem/InputSystem/Editor/Analytics/InputEditorAnalytics.cs
 0.1 kb	 0.0% Packages/com.unity.inputsystem/InputSystem/Editor/Analytics/InputBuildAnalytic.cs
 0.1 kb	 0.0% Packages/com.unity.inputsystem/InputSystem/Devices/InputDeviceMatcher.cs
 0.1 kb	 0.0% Packages/com.unity.inputsystem/InputSystem/Devices/InputDeviceBuilder.cs
 0.1 kb	 0.0% Packages/com.unity.inputsystem/InputSystem/Devices/ITextInputReceiver.cs
 0.1 kb	 0.0% Packages/com.unity.inputsystem/InputSystem/Devices/IEventPreProcessor.cs
 0.1 kb	 0.0% Packages/com.unity.inputsystem/InputSystem/Devices/ICustomDeviceReset.cs
 0.1 kb	 0.0% Packages/com.unity.inputsystem/InputSystem/Devices/Commands/RequestSyncCommand.cs
 0.1 kb	 0.0% Packages/com.unity.inputsystem/InputSystem/Devices/Commands/RequestResetCommand.cs
 0.1 kb	 0.0% Packages/com.unity.inputsystem/InputSystem/Devices/Commands/QueryUserIdCommand.cs
 0.1 kb	 0.0% Packages/com.unity.inputsystem/InputSystem/Devices/Commands/QueryKeyNameCommand.cs
 0.1 kb	 0.0% Packages/com.unity.inputsystem/InputSystem/Devices/Commands/InputDeviceCommand.cs
 0.1 kb	 0.0% Packages/com.unity.inputsystem/InputSystem/Devices/Commands/EnableDeviceCommand.cs
 0.1 kb	 0.0% Packages/com.unity.inputsystem/InputSystem/Devices/Commands/DisableDeviceCommand.cs
 0.1 kb	 0.0% Packages/com.unity.inputsystem/InputSystem/Controls/TouchPressControl.cs
 0.1 kb	 0.0% Packages/com.unity.inputsystem/InputSystem/Controls/TouchPhaseControl.cs
 0.1 kb	 0.0% Packages/com.unity.inputsystem/InputSystem/Controls/QuaternionControl.cs
 0.1 kb	 0.0% Packages/com.unity.inputsystem/InputSystem/Controls/InputControlLayout.cs
 0.1 kb	 0.0% Packages/com.unity.inputsystem/InputSystem/Controls/InputControlExtensions.cs
 0.1 kb	 0.0% Packages/com.unity.inputsystem/InputSystem/Actions/InputInteractionContext.cs
 0.1 kb	 0.0% Packages/com.unity.inputsystem/InputSystem/Actions/InputBindingComposite.cs
 0.1 kb	 0.0% Packages/com.unity.inputsystem/InputSystem/Actions/IInputActionCollection.cs
 0.1 kb	 0.0% Packages/com.unity.collections/Unity.Collections/NativeNotBurstCompatible.cs
 0.1 kb	 0.0% Packages/com.unity.ugui/Runtime/UGUI/EventSystem/UIElements/WorldDocumentRaycaster.cs
 0.1 kb	 0.0% Packages/com.unity.ugui/Runtime/UGUI/EventSystem/InputModules/StandaloneInputModule.cs
 0.1 kb	 0.0% Packages/com.unity.inputsystem/InputSystem/Utilities/StringHelpers.cs
 0.1 kb	 0.0% Packages/com.unity.inputsystem/InputSystem/Utilities/SpriteUtilities.cs
 0.1 kb	 0.0% Packages/com.unity.inputsystem/InputSystem/Utilities/PrimitiveValue.cs
 0.1 kb	 0.0% Packages/com.unity.inputsystem/InputSystem/Utilities/PredictiveParser.cs
 0.1 kb	 0.0% Packages/com.unity.inputsystem/InputSystem/Utilities/NumberHelpers.cs
 0.1 kb	 0.0% Packages/com.unity.inputsystem/InputSystem/Utilities/MemoryHelpers.cs
 0.1 kb	 0.0% Packages/com.unity.inputsystem/InputSystem/Utilities/InternedString.cs
 0.1 kb	 0.0% Packages/com.unity.inputsystem/InputSystem/Utilities/ExceptionHelpers.cs
 0.1 kb	 0.0% Packages/com.unity.inputsystem/InputSystem/Utilities/DelegateHelpers.cs
 0.1 kb	 0.0% Packages/com.unity.inputsystem/InputSystem/Plugins/iOS/iOSStepCounter.cs
 0.1 kb	 0.0% Packages/com.unity.inputsystem/InputSystem/Plugins/XR/TrackedPoseDriver.cs
 0.1 kb	 0.0% Packages/com.unity.inputsystem/InputSystem/Plugins/XR/Haptics/BufferedRumble.cs
 0.1 kb	 0.0% Packages/com.unity.inputsystem/InputSystem/Plugins/UI/VirtualMouseInput.cs
 0.1 kb	 0.0% Packages/com.unity.inputsystem/InputSystem/Plugins/UI/INavigationEventData.cs
 0.1 kb	 0.0% Packages/com.unity.inputsystem/InputSystem/Plugins/UI/BaseInputOverride.cs
 0.1 kb	 0.0% Packages/com.unity.inputsystem/InputSystem/Plugins/DualShock/DualShockSupport.cs
 0.1 kb	 0.0% Packages/com.unity.inputsystem/InputSystem/Plugins/DualShock/DualShockGamepad.cs
 0.1 kb	 0.0% Packages/com.unity.inputsystem/InputSystem/Controls/Processors/ScaleProcessor.cs
 0.1 kb	 0.0% Packages/com.unity.inputsystem/InputSystem/Controls/Processors/InvertProcessor.cs
 0.1 kb	 0.0% Packages/com.unity.inputsystem/InputSystem/Controls/Processors/ClampProcessor.cs
 0.1 kb	 0.0% Packages/com.unity.inputsystem/InputSystem/Actions/Interactions/TapInteraction.cs
 0.1 kb	 0.0% Packages/com.unity.inputsystem/InputSystem/Actions/Interactions/PressInteraction.cs
 0.1 kb	 0.0% Packages/com.unity.inputsystem/InputSystem/Actions/Interactions/HoldInteraction.cs
 0.1 kb	 0.0% Packages/com.unity.inputsystem/InputSystem/Actions/InputActionTrace.cs
 0.1 kb	 0.0% Packages/com.unity.inputsystem/InputSystem/Actions/Composites/Vector3Composite.cs
 0.1 kb	 0.0% Packages/com.unity.inputsystem/InputSystem/Actions/Composites/Vector2Composite.cs
 0.1 kb	 0.0% Packages/com.unity.inputsystem/InputSystem/Actions/Composites/AxisComposite.cs
 0.1 kb	 0.0% Packages/com.unity.collections/Unity.Collections/UnsafeBitArray.cs
 0.1 kb	 0.0% Packages/com.unity.collections/Unity.Collections/UTF8ArrayUnsafeUtility.cs
 0.1 kb	 0.0% Packages/com.unity.collections/Unity.Collections/StreamCompressionModel.cs
 0.1 kb	 0.0% Packages/com.unity.collections/Unity.Collections/NativeArrayExtensions.cs
 0.1 kb	 0.0% Packages/com.unity.collections/Unity.Collections/FixedStringInternalMethods.cs
 0.1 kb	 0.0% Packages/com.unity.collections/Unity.Collections/FixedStringFormatMethods.gen.cs
 0.1 kb	 0.0% Packages/com.unity.burst/Runtime/CompilerServices/SkipLocalsInitAttribute.cs
 0.1 kb	 0.0% Packages/com.unity.burst/Runtime/CompilerServices/IgnoreWarningAttribute.cs
 0.1 kb	 0.0% Assets/_Project/Scripts/Meta/MetaProgressionService.Ads.cs
 0.1 kb	 0.0% Packages/com.unity.ugui/Runtime/TMP/TMP_ScrollbarEventHandler.cs
 0.1 kb	 0.0% Packages/com.unity.ugui/Runtime/TMP/TMP_PackageResourceImporter.cs
 0.1 kb	 0.0% Packages/com.unity.ugui/Runtime/InternalBridge/ObjectUtilsBridge.cs
 0.1 kb	 0.0% Packages/com.unity.mathematics/Unity.Mathematics/PropertyAttributes.cs
 0.1 kb	 0.0% Packages/com.unity.inputsystem/InputSystem/State/InputStateBlock.cs
 0.1 kb	 0.0% Packages/com.unity.inputsystem/InputSystem/Plugins/iOS/iOSPostProcessBuild.cs
 0.1 kb	 0.0% Packages/com.unity.inputsystem/InputSystem/Plugins/XInput/XInputSupport.cs
 0.1 kb	 0.0% Packages/com.unity.inputsystem/InputSystem/Plugins/XInput/XInputController.cs
 0.1 kb	 0.0% Packages/com.unity.inputsystem/InputSystem/Plugins/XInput/IXboxOneRumble.cs
 0.1 kb	 0.0% Packages/com.unity.inputsystem/InputSystem/Plugins/WebGL/WebGLJoystick.cs
 0.1 kb	 0.0% Packages/com.unity.inputsystem/InputSystem/Plugins/UnityRemote/UnityRemoteSupport.cs
 0.1 kb	 0.0% Packages/com.unity.inputsystem/InputSystem/Plugins/Switch/SwitchSupportHID.cs
 0.1 kb	 0.0% Packages/com.unity.inputsystem/InputSystem/Plugins/PlayerInput/PlayerInputManager.cs
 0.1 kb	 0.0% Packages/com.unity.inputsystem/InputSystem/Plugins/PlayerInput/DefaultInputActions.cs
 0.1 kb	 0.0% Packages/com.unity.inputsystem/InputSystem/Plugins/OnScreen/OnScreenSupport.cs
 0.1 kb	 0.0% Packages/com.unity.inputsystem/InputSystem/Plugins/OnScreen/OnScreenStick.cs
 0.1 kb	 0.0% Packages/com.unity.inputsystem/InputSystem/Plugins/OnScreen/OnScreenControl.cs
 0.1 kb	 0.0% Packages/com.unity.inputsystem/InputSystem/Plugins/OnScreen/OnScreenButton.cs
 0.1 kb	 0.0% Packages/com.unity.inputsystem/InputSystem/Plugins/Linux/SDLDeviceBuilder.cs
 0.1 kb	 0.0% Packages/com.unity.inputsystem/InputSystem/Plugins/EnhancedTouch/TouchHistory.cs
 0.1 kb	 0.0% Packages/com.unity.inputsystem/InputSystem/Plugins/Android/AndroidSupport.cs
 0.1 kb	 0.0% Packages/com.unity.inputsystem/InputSystem/InputSystemObject.cs
 0.1 kb	 0.0% Packages/com.unity.inputsystem/InputSystem/InputManagerStateMonitors.cs
 0.1 kb	 0.0% Packages/com.unity.inputsystem/InputSystem/InputFeatureNames.cs
 0.1 kb	 0.0% Packages/com.unity.inputsystem/InputSystem/IInputRuntime.cs
 0.1 kb	 0.0% Packages/com.unity.inputsystem/InputSystem/IInputDiagnostics.cs
 0.1 kb	 0.0% Packages/com.unity.inputsystem/InputSystem/Events/InputEventTrace.cs
 0.1 kb	 0.0% Packages/com.unity.inputsystem/InputSystem/Events/InputEventStream.cs
 0.1 kb	 0.0% Packages/com.unity.inputsystem/InputSystem/Events/InputEventPtr.cs
 0.1 kb	 0.0% Packages/com.unity.inputsystem/InputSystem/Events/InputEventBuffer.cs
 0.1 kb	 0.0% Packages/com.unity.inputsystem/InputSystem/Events/DeviceResetEvent.cs
 0.1 kb	 0.0% Packages/com.unity.inputsystem/InputSystem/Events/DeltaStateEvent.cs
 0.1 kb	 0.0% Packages/com.unity.inputsystem/InputSystem/Editor/UITKAssetEditor/Views/PropertiesView.cs
 0.1 kb	 0.0% Packages/com.unity.inputsystem/InputSystem/Editor/UITKAssetEditor/Views/DropManipulator.cs
 0.1 kb	 0.0% Packages/com.unity.inputsystem/InputSystem/Editor/UITKAssetEditor/Views/CopyPasteHelper.cs
 0.1 kb	 0.0% Packages/com.unity.inputsystem/InputSystem/Editor/UITKAssetEditor/Views/ActionsTreeView.cs
 0.1 kb	 0.0% Packages/com.unity.inputsystem/InputSystem/Editor/UITKAssetEditor/Views/ActionMapsView.cs
 0.1 kb	 0.0% Packages/com.unity.inputsystem/InputSystem/Editor/UITKAssetEditor/StateContainer.cs
 0.1 kb	 0.0% Packages/com.unity.inputsystem/InputSystem/Editor/UITKAssetEditor/ExpressionUtils.cs
 0.1 kb	 0.0% Packages/com.unity.inputsystem/InputSystem/Editor/Internal/TreeViewHelpers.cs
 0.1 kb	 0.0% Packages/com.unity.inputsystem/InputSystem/Editor/Internal/InputStateWindow.cs
 0.1 kb	 0.0% Packages/com.unity.inputsystem/InputSystem/Editor/Internal/EditorHelpers.cs
 0.1 kb	 0.0% Packages/com.unity.inputsystem/InputSystem/Editor/Internal/AdvancedDropdown/AdvancedDropdown.cs
 0.1 kb	 0.0% Packages/com.unity.inputsystem/InputSystem/Editor/InputDiagnostics.cs
 0.1 kb	 0.0% Packages/com.unity.inputsystem/InputSystem/Devices/Haptics/IDualMotorRumble.cs
 0.1 kb	 0.0% Packages/com.unity.inputsystem/InputSystem/Devices/Haptics/DualMotorRumble.cs
 0.1 kb	 0.0% Packages/com.unity.inputsystem/InputSystem/Controls/Vector3Control.cs
 0.1 kb	 0.0% Packages/com.unity.inputsystem/InputSystem/Controls/Vector2Control.cs
 0.1 kb	 0.0% Packages/com.unity.inputsystem/InputSystem/Controls/IntegerControl.cs
 0.1 kb	 0.0% Packages/com.unity.inputsystem/InputSystem/Controls/DoubleControl.cs
 0.1 kb	 0.0% Packages/com.unity.inputsystem/InputSystem/Controls/ButtonControl.cs
 0.1 kb	 0.0% Packages/com.unity.inputsystem/InputSystem/Controls/AnyKeyControl.cs
 0.1 kb	 0.0% Packages/com.unity.inputsystem/InputSystem/Actions/InputControlScheme.cs
 0.1 kb	 0.0% Packages/com.unity.inputsystem/InputSystem/Actions/InputBindingResolver.cs
 0.1 kb	 0.0% Packages/com.unity.inputsystem/InputSystem/Actions/InputActionReference.cs
 0.1 kb	 0.0% Packages/com.unity.inputsystem/InputSystem/Actions/InputActionProperty.cs
 0.1 kb	 0.0% Packages/com.unity.inputsystem/InputSystem/Actions/IInputInteraction.cs
 0.1 kb	 0.0% Packages/com.unity.collections/Unity.Collections/UnsafeList.cs
 0.1 kb	 0.0% Packages/com.unity.collections/Unity.Collections/FixedStringParseMethods.cs
 0.1 kb	 0.0% Packages/com.unity.collections/Unity.Collections/FixedStringAppendMethods.cs
 0.1 kb	 0.0% Assets/_Project/Scripts/Meta/MetaUpgradeDefinition.cs
 0.1 kb	 0.0% Assets/_Project/Scripts/Meta/MetaProgressionService.cs
 0.1 kb	 0.0% Assets/_Project/Scripts/Meta/ConstellationDefinition.cs
 0.1 kb	 0.0% Packages/com.unity.ugui/Runtime/UGUI/UI/Core/Utility/ReflectionMethodsCache.cs
 0.1 kb	 0.0% Packages/com.unity.ugui/Runtime/UGUI/UI/Core/MultipleDisplayUtilities.cs
 0.1 kb	 0.0% Packages/com.unity.ugui/Runtime/UGUI/UI/Core/Layout/HorizontalLayoutGroup.cs
 0.1 kb	 0.0% Packages/com.unity.ugui/Runtime/UGUI/UI/Core/IGraphicEnabledDisabled.cs
 0.1 kb	 0.0% Packages/com.unity.ugui/Runtime/UGUI/UI/Core/GraphicRebuildTracker.cs
 0.1 kb	 0.0% Packages/com.unity.ugui/Runtime/UGUI/UI/Core/Culling/RectangularVertexClipper.cs
 0.1 kb	 0.0% Packages/com.unity.ugui/Runtime/UGUI/EventSystem/UIElements/PanelEventHandler.cs
 0.1 kb	 0.0% Packages/com.unity.ugui/Runtime/UGUI/EventSystem/Raycasters/Physics2DRaycaster.cs
 0.1 kb	 0.0% Packages/com.unity.ugui/Runtime/UGUI/EventSystem/InputModules/PointerInputModule.cs
 0.1 kb	 0.0% Packages/com.unity.inputsystem/InputSystem/Utilities/TypeTable.cs
 0.1 kb	 0.0% Packages/com.unity.inputsystem/InputSystem/Utilities/TypeHelpers.cs
 0.1 kb	 0.0% Packages/com.unity.inputsystem/InputSystem/Utilities/Substring.cs
 0.1 kb	 0.0% Packages/com.unity.inputsystem/InputSystem/Utilities/SavedState.cs
 0.1 kb	 0.0% Packages/com.unity.inputsystem/InputSystem/Utilities/Observables/Observable.cs
 0.1 kb	 0.0% Packages/com.unity.inputsystem/InputSystem/Utilities/NamedValue.cs
 0.1 kb	 0.0% Packages/com.unity.inputsystem/InputSystem/Utilities/MiscHelpers.cs
 0.1 kb	 0.0% Packages/com.unity.inputsystem/InputSystem/Utilities/JsonParser.cs
 0.1 kb	 0.0% Packages/com.unity.inputsystem/InputSystem/Utilities/ArrayHelpers.cs
 0.1 kb	 0.0% Packages/com.unity.inputsystem/InputSystem/Plugins/iOS/InputSettingsiOS.cs
 0.1 kb	 0.0% Packages/com.unity.inputsystem/InputSystem/Plugins/XR/XRLayoutBuilder.cs
 0.1 kb	 0.0% Packages/com.unity.inputsystem/InputSystem/Plugins/UI/NavigationModel.cs
 0.1 kb	 0.0% Packages/com.unity.inputsystem/InputSystem/InputUpdateType.cs
 0.1 kb	 0.0% Packages/com.unity.collections/Unity.Collections/UnsafeText.cs
 0.1 kb	 0.0% Packages/com.unity.collections/Unity.Collections/UnsafeStream.cs
 0.1 kb	 0.0% Packages/com.unity.collections/Unity.Collections/RewindableAllocator.cs
 0.1 kb	 0.0% Packages/com.unity.collections/Unity.Collections/FixedStringMethods.cs
 0.1 kb	 0.0% Packages/com.unity.collections/Unity.Collections/AutoFreeAllocator.cs
 0.1 kb	 0.0% Packages/com.unity.burst/Runtime/CompilerServices/AssumeRangeAttribute.cs
 0.1 kb	 0.0% Assets/_Project/Scripts/Weapons/PassiveDefinition.cs
 0.1 kb	 0.0% Assets/_Project/Scripts/Enemies/DifficultyDirector.cs
 0.1 kb	 0.0% Assets/_Project/Scripts/Bullets/BulletTypeDefinition.cs
 0.1 kb	 0.0% Packages/com.unity.ugui/Runtime/UGUI/UI/Animation/CoroutineTween.cs
 0.1 kb	 0.0% Packages/com.unity.ugui/Runtime/UGUI/EventSystem/EventInterfaces.cs
 0.1 kb	 0.0% Packages/com.unity.ugui/Runtime/TMP/TMPro_ExtensionMethods.cs
 0.1 kb	 0.0% Packages/com.unity.ugui/Runtime/TMP/TMP_TextParsingUtilities.cs
 0.1 kb	 0.0% Packages/com.unity.ugui/Runtime/TMP/TMP_TextElement_Legacy.cs
 0.1 kb	 0.0% Packages/com.unity.ugui/Runtime/TMP/TMP_FontAssetUtilities.cs
 0.1 kb	 0.0% Packages/com.unity.ugui/Runtime/TMP/MaterialReferenceManager.cs
 0.1 kb	 0.0% Packages/com.unity.ugui/Runtime/TMP/FontFeatureCommonGSUB.cs
 0.1 kb	 0.0% Packages/com.unity.inputsystem/InputSystem/Utilities/DynamicBitfield.cs
 0.1 kb	 0.0% Packages/com.unity.inputsystem/InputSystem/State/InputState.cs
 0.1 kb	 0.0% Packages/com.unity.inputsystem/InputSystem/Plugins/WebGL/WebGLSupport.cs
 0.1 kb	 0.0% Packages/com.unity.inputsystem/InputSystem/Plugins/WebGL/WebGLGamepad.cs
 0.1 kb	 0.0% Packages/com.unity.inputsystem/InputSystem/Plugins/Users/InputUser.cs
 0.1 kb	 0.0% Packages/com.unity.inputsystem/InputSystem/Plugins/Linux/LinuxSupport.cs
 0.1 kb	 0.0% Packages/com.unity.inputsystem/InputSystem/Plugins/EnhancedTouch/Touch.cs
 0.1 kb	 0.0% Packages/com.unity.inputsystem/InputSystem/Plugins/EnhancedTouch/Finger.cs
 0.1 kb	 0.0% Packages/com.unity.inputsystem/InputSystem/InputSettings.cs
 0.1 kb	 0.0% Packages/com.unity.inputsystem/InputSystem/InputMetrics.cs
 0.1 kb	 0.0% Packages/com.unity.inputsystem/InputSystem/InputExtensions.cs
 0.1 kb	 0.0% Packages/com.unity.inputsystem/InputSystem/InputAnalytics.cs
 0.1 kb	 0.0% Packages/com.unity.inputsystem/InputSystem/Events/TextEvent.cs
 0.1 kb	 0.0% Packages/com.unity.inputsystem/InputSystem/Events/StateEvent.cs
 0.1 kb	 0.0% Packages/com.unity.inputsystem/InputSystem/Events/InputEvent.cs
 0.1 kb	 0.0% Packages/com.unity.inputsystem/InputSystem/Events/ActionEvent.cs
 0.1 kb	 0.0% Packages/com.unity.inputsystem/InputSystem/Editor/UITKAssetEditor/Views/Selectors.cs
 0.1 kb	 0.0% Packages/com.unity.inputsystem/InputSystem/Editor/UITKAssetEditor/Views/ContextMenu.cs
 0.1 kb	 0.0% Packages/com.unity.inputsystem/InputSystem/Editor/Internal/GUIHelpers.cs
 0.1 kb	 0.0% Packages/com.unity.inputsystem/InputSystem/Devices/TrackedDevice.cs
 0.1 kb	 0.0% Packages/com.unity.inputsystem/InputSystem/Devices/Remote/InputRemoting.cs
 0.1 kb	 0.0% Packages/com.unity.inputsystem/InputSystem/Devices/Precompiled/FastTouchscreen.cs
 0.1 kb	 0.0% Packages/com.unity.inputsystem/InputSystem/Devices/Precompiled/FastMouse.partial.cs
 0.1 kb	 0.0% Packages/com.unity.inputsystem/InputSystem/Devices/IEventMerger.cs
 0.1 kb	 0.0% Packages/com.unity.inputsystem/InputSystem/Controls/TouchControl.cs
 0.1 kb	 0.0% Packages/com.unity.inputsystem/InputSystem/Controls/StickControl.cs
 0.1 kb	 0.0% Packages/com.unity.inputsystem/InputSystem/Controls/KeyControl.cs
 0.1 kb	 0.0% Packages/com.unity.inputsystem/InputSystem/Controls/InputProcessor.cs
 0.1 kb	 0.0% Packages/com.unity.inputsystem/InputSystem/Controls/InputControlPath.cs
 0.1 kb	 0.0% Packages/com.unity.inputsystem/InputSystem/Controls/DpadControl.cs
 0.1 kb	 0.0% Packages/com.unity.inputsystem/InputSystem/Controls/DeltaControl.cs
 0.1 kb	 0.0% Packages/com.unity.inputsystem/InputSystem/Controls/AxisControl.cs
 0.1 kb	 0.0% Packages/com.unity.inputsystem/InputSystem/Actions/InputActionState.cs
 0.1 kb	 0.0% Packages/com.unity.inputsystem/InputSystem/Actions/InputActionMap.cs
 0.1 kb	 0.0% Packages/com.unity.inputsystem/InputSystem/Actions/InputActionAsset.cs
 0.1 kb	 0.0% Packages/com.unity.collections/Unity.Collections/UnsafeQueue.cs
 0.1 kb	 0.0% Packages/com.unity.collections/Unity.Collections/NativeHashMap.cs
 0.1 kb	 0.0% Packages/com.unity.collections/Unity.Collections/FixedStringFormat.gen.cs
 0.1 kb	 0.0% Packages/com.unity.collections/Unity.Collections/FixedString.gen.cs
 0.1 kb	 0.0% Assets/_Project/Scripts/Progression/WeightedPicker.cs
 0.1 kb	 0.0% Assets/_Project/Scripts/Meta/MetaProgressionService.Missions.cs
 0.1 kb	 0.0% Assets/_Project/Scripts/Meta/ConstellationRules.cs
 0.1 kb	 0.0% Assets/_Project/Scripts/Meta/CharacterDefinition.cs
 0.1 kb	 0.0% Assets/_Project/Scripts/Feel/BackgroundScroller.cs
 0.1 kb	 0.0% Assets/_Project/Scripts/Core/TimeScaleController.cs
 0.1 kb	 0.0% Assets/_Project/Generated/Data/Workshop/fire_rate.asset
 0.1 kb	 0.0% Packages/com.unity.ugui/Runtime/UGUI/UI/Core/SetPropertyUtility.cs
 0.1 kb	 0.0% Packages/com.unity.ugui/Runtime/UGUI/UI/Core/MaterialModifiers/IMaterialModifier.cs
 0.1 kb	 0.0% Packages/com.unity.ugui/Runtime/UGUI/UI/Core/Layout/VerticalLayoutGroup.cs
 0.1 kb	 0.0% Packages/com.unity.ugui/Runtime/UGUI/UI/Core/Layout/ContentSizeFitter.cs
 0.1 kb	 0.0% Packages/com.unity.ugui/Runtime/UGUI/UI/Core/Layout/AspectRatioFitter.cs
 0.1 kb	 0.0% Packages/com.unity.ugui/Runtime/UGUI/UI/Core/FontUpdateTracker.cs
 0.1 kb	 0.0% Packages/com.unity.ugui/Runtime/UGUI/UI/Core/CanvasUpdateRegistry.cs
 0.1 kb	 0.0% Packages/com.unity.ugui/Runtime/UGUI/UI/Core/AnimationTriggers.cs
 0.1 kb	 0.0% Packages/com.unity.ugui/Runtime/UGUI/EventSystem/UIElements/PanelRaycaster.cs
 0.1 kb	 0.0% Packages/com.unity.ugui/Runtime/UGUI/EventSystem/Raycasters/PhysicsRaycaster.cs
 0.1 kb	 0.0% Packages/com.unity.ugui/Runtime/UGUI/EventSystem/Raycasters/BaseRaycaster.cs
 0.1 kb	 0.0% Packages/com.unity.ugui/Runtime/UGUI/EventSystem/RaycasterManager.cs
 0.1 kb	 0.0% Packages/com.unity.ugui/Runtime/UGUI/EventSystem/RaycastResult.cs
 0.1 kb	 0.0% Packages/com.unity.ugui/Runtime/UGUI/EventSystem/InputModules/TouchInputModule.cs
 0.1 kb	 0.0% Packages/com.unity.ugui/Runtime/UGUI/EventSystem/InputModules/BaseInputModule.cs
 0.1 kb	 0.0% Packages/com.unity.ugui/Runtime/UGUI/EventSystem/ExecuteEvents.cs
 0.1 kb	 0.0% Packages/com.unity.ugui/Runtime/UGUI/EventSystem/EventData/PointerEventData.cs
 0.1 kb	 0.0% Packages/com.unity.ugui/Runtime/UGUI/EventSystem/EventData/BaseEventData.cs
 0.1 kb	 0.0% Packages/com.unity.ugui/Runtime/UGUI/EventSystem/EventData/AxisEventData.cs
 0.1 kb	 0.0% Packages/com.unity.ugui/Runtime/TMP/TMP_TextProcessingStack.cs
 0.1 kb	 0.0% Packages/com.unity.ugui/Runtime/TMP/TMP_FontFeaturesCommon.cs
 0.1 kb	 0.0% Packages/com.unity.mathematics/Unity.Mathematics/rigid_transform.cs
 0.1 kb	 0.0% Packages/com.unity.mathematics/Unity.Mathematics/math_unity_conversion.cs
 0.1 kb	 0.0% Packages/com.unity.mathematics/Unity.Mathematics/affine_transform.cs
 0.1 kb	 0.0% Packages/com.unity.mathematics/Unity.Mathematics/Geometry/MinMaxAABB.cs
 0.1 kb	 0.0% Packages/com.unity.inputsystem/InputSystem/Utilities/FourCC.cs
 0.1 kb	 0.0% Packages/com.unity.inputsystem/InputSystem/Plugins/iOS/iOSSupport.cs
 0.1 kb	 0.0% Packages/com.unity.inputsystem/InputSystem/Plugins/XR/XRSupport.cs
 0.1 kb	 0.0% Packages/com.unity.inputsystem/InputSystem/Plugins/XR/GenericXRDevice.cs
 0.1 kb	 0.0% Packages/com.unity.inputsystem/InputSystem/Plugins/XR/Devices/WindowsMR.cs
 0.1 kb	 0.0% Packages/com.unity.inputsystem/InputSystem/Plugins/UI/PointerModel.cs
 0.1 kb	 0.0% Packages/com.unity.inputsystem/InputSystem/Plugins/OSX/OSXSupport.cs
 0.1 kb	 0.0% Packages/com.unity.inputsystem/InputSystem/Plugins/HID/HIDSupport.cs
 0.1 kb	 0.0% Packages/com.unity.inputsystem/InputSystem/Plugins/HID/HIDParser.cs
 0.1 kb	 0.0% Packages/com.unity.collections/Unity.Collections/xxHash3.StreamingState.cs
 0.1 kb	 0.0% Packages/com.unity.collections/Unity.Collections/NativeSort.cs
 0.1 kb	 0.0% Packages/com.unity.collections/Unity.Collections/NativeBitArray.cs
 0.1 kb	 0.0% Packages/com.unity.collections/Unity.Collections/ListExtensions.cs
 0.1 kb	 0.0% Packages/com.unity.collections/Unity.Collections/Jobs/IJobParallelForDefer.cs
 0.1 kb	 0.0% Packages/com.unity.collections/Unity.Collections/Jobs/IJobParallelForBatch.cs
 0.1 kb	 0.0% Packages/com.unity.collections/Unity.Collections/FixedStringUtils.cs
 0.1 kb	 0.0% Packages/com.unity.collections/Unity.Collections/DataStreamWriter.cs
 0.1 kb	 0.0% Packages/com.unity.collections/Unity.Collections/DataStreamReader.cs
 0.1 kb	 0.0% Packages/com.unity.collections/Unity.Collections/ConcurrentMask.cs
 0.1 kb	 0.0% Packages/com.unity.collections/Unity.Collections/CollectionHelper.cs
 0.1 kb	 0.0% Packages/com.unity.collections/Unity.Collections/AllocatorManager.cs
 0.1 kb	 0.0% Packages/com.unity.burst/Runtime/SafeStringArrayHelper.cs
 0.1 kb	 0.0% Packages/com.unity.burst/Runtime/Editor/BurstEditorOptions.cs
 0.1 kb	 0.0% Packages/com.unity.burst/Runtime/Editor/BurstCompileTarget.cs
 0.1 kb	 0.0% Packages/com.unity.burst/Runtime/Editor/BurstAssemblyDisable.cs
 0.1 kb	 0.0% Packages/com.unity.burst/Runtime/BurstCompileAttribute.cs
 0.1 kb	 0.0% Assets/_Project/Scripts/Weapons/WeaponMastery.cs
 0.1 kb	 0.0% Assets/_Project/Scripts/Weapons/WeaponInventory.cs
 0.1 kb	 0.0% Assets/_Project/Scripts/Weapons/WeaponDefinition.cs
 0.1 kb	 0.0% Assets/_Project/Scripts/Weapons/WeaponBehaviour.cs
 0.1 kb	 0.0% Assets/_Project/Scripts/Weapons/StarBoomerang.cs
 0.1 kb	 0.0% Assets/_Project/Scripts/Weapons/FeatherBlaster.cs
 0.1 kb	 0.0% Assets/_Project/Scripts/Player/PlayerController.cs
 0.1 kb	 0.0% Assets/_Project/Scripts/Enemies/RunDefinition.cs
 0.1 kb	 0.0% Assets/_Project/Scripts/Enemies/FormationGroup.cs
 0.1 kb	 0.0% Assets/_Project/Scripts/Bullets/IBulletAbsorber.cs
 0.1 kb	 0.0% Packages/com.unity.ugui/Runtime/TMP/TMPro_EventManager.cs
 0.1 kb	 0.0% Packages/com.unity.ugui/Runtime/TMP/TMP_UpdateRegistery.cs
 0.1 kb	 0.0% Packages/com.unity.ugui/Runtime/TMP/TMP_UpdateManager.cs
 0.1 kb	 0.0% Packages/com.unity.ugui/Runtime/TMP/TMP_TextUtilities.cs
 0.1 kb	 0.0% Packages/com.unity.ugui/Runtime/TMP/TMP_TextProcessingCommon.cs
 0.1 kb	 0.0% Packages/com.unity.ugui/Runtime/TMP/TMP_SpriteCharacter.cs
 0.1 kb	 0.0% Packages/com.unity.ugui/Runtime/TMP/TMP_SpriteAnimator.cs
 0.1 kb	 0.0% Packages/com.unity.ugui/Runtime/TMP/TMP_SelectionCaret.cs
 0.1 kb	 0.0% Packages/com.unity.ugui/Runtime/TMP/TMP_ResourcesManager.cs
 0.1 kb	 0.0% Packages/com.unity.ugui/Runtime/TMP/TMP_MaterialManager.cs
 0.1 kb	 0.0% Packages/com.unity.ugui/Runtime/TMP/TMP_InputValidator.cs
 0.1 kb	 0.0% Packages/com.unity.ugui/Runtime/TMP/TMP_FontFeatureTable.cs
 0.1 kb	 0.0% Packages/com.unity.ugui/Runtime/TMP/TMP_DefaultControls.cs
 0.1 kb	 0.0% Packages/com.unity.ugui/Runtime/TMP/TMP_Compatibility.cs
 0.1 kb	 0.0% Packages/com.unity.ugui/Runtime/TMP/TMP_ColorGradient.cs
 0.1 kb	 0.0% Packages/com.unity.ugui/Runtime/TMP/TMP_CharacterInfo.cs
 0.1 kb	 0.0% Packages/com.unity.ugui/Runtime/TMP/ITextPreProcessor.cs
 0.1 kb	 0.0% Packages/com.unity.ugui/Runtime/TMP/FontFeatureCommonGPOS.cs
 0.1 kb	 0.0% Packages/com.unity.ugui/Runtime/InternalBridge/TMPHelpURL.cs
 0.1 kb	 0.0% Packages/com.unity.mathematics/Unity.Mathematics/double4x4.gen.cs
 0.1 kb	 0.0% Packages/com.unity.mathematics/Unity.Mathematics/double4x3.gen.cs
 0.1 kb	 0.0% Packages/com.unity.mathematics/Unity.Mathematics/double4x2.gen.cs
 0.1 kb	 0.0% Packages/com.unity.mathematics/Unity.Mathematics/double3x4.gen.cs
 0.1 kb	 0.0% Packages/com.unity.mathematics/Unity.Mathematics/double3x3.gen.cs
 0.1 kb	 0.0% Packages/com.unity.mathematics/Unity.Mathematics/double3x2.gen.cs
 0.1 kb	 0.0% Packages/com.unity.mathematics/Unity.Mathematics/double2x4.gen.cs
 0.1 kb	 0.0% Packages/com.unity.mathematics/Unity.Mathematics/double2x3.gen.cs
 0.1 kb	 0.0% Packages/com.unity.mathematics/Unity.Mathematics/double2x2.gen.cs
 0.1 kb	 0.0% Packages/com.unity.inputsystem/InputSystem/Plugins/PlayerInput/PlayerInput.cs
 0.1 kb	 0.0% Packages/com.unity.inputsystem/InputSystem/Plugins/PlayerInput/InputValue.cs
 0.1 kb	 0.0% Packages/com.unity.inputsystem/InputSystem/InputSystem.cs
 0.1 kb	 0.0% Packages/com.unity.inputsystem/InputSystem/InputManager.cs
 0.1 kb	 0.0% Packages/com.unity.inputsystem/InputSystem/Editor/UITKAssetEditor/Commands/Commands.cs
 0.1 kb	 0.0% Packages/com.unity.inputsystem/InputSystem/Editor/Dialog.cs
 0.1 kb	 0.0% Packages/com.unity.inputsystem/InputSystem/Devices/Touchscreen.cs
 0.1 kb	 0.0% Packages/com.unity.inputsystem/InputSystem/Devices/Precompiled/FastMouse.cs
 0.1 kb	 0.0% Packages/com.unity.inputsystem/InputSystem/Devices/Precompiled/FastKeyboard.cs
 0.1 kb	 0.0% Packages/com.unity.inputsystem/InputSystem/Devices/InputDevice.cs
 0.1 kb	 0.0% Packages/com.unity.inputsystem/InputSystem/Devices/Haptics/IHaptics.cs
 0.1 kb	 0.0% Packages/com.unity.inputsystem/InputSystem/Controls/InputControl.cs
 0.1 kb	 0.0% Packages/com.unity.inputsystem/InputSystem/Controls/CommonUsages.cs
 0.1 kb	 0.0% Packages/com.unity.inputsystem/InputSystem/AssemblyInfo.cs
 0.1 kb	 0.0% Packages/com.unity.inputsystem/InputSystem/Actions/InputBinding.cs
 0.1 kb	 0.0% Packages/com.unity.inputsystem/InputSystem/Actions/InputAction.cs
 0.1 kb	 0.0% Packages/com.unity.collections/Unity.Collections/NativeText.gen.cs
 0.1 kb	 0.0% Packages/com.unity.collections/Unity.Collections/FixedList.gen.cs
 0.1 kb	 0.0% Assets/_Project/Scripts/Progression/UpgradeDraft.cs
 0.1 kb	 0.0% Assets/_Project/Scripts/Progression/PickupSystem.cs
 0.1 kb	 0.0% Assets/_Project/Scripts/Progression/PickupRules.cs
 0.1 kb	 0.0% Assets/_Project/Scripts/Progression/PickupJobs.cs
 0.1 kb	 0.0% Assets/_Project/Scripts/Core/RunController.cs
 0.1 kb	 0.0% Assets/_Project/Scripts/Core/InstancedDrawer.cs
 0.1 kb	 0.0% Assets/_Project/Generated/Data/Workshop/experience.asset
 0.1 kb	 0.0% Packages/com.unity.ugui/Runtime/UGUI/UI/Core/VertexModifiers/PositionAsUV1.cs
 0.1 kb	 0.0% Packages/com.unity.ugui/Runtime/UGUI/UI/Core/VertexModifiers/IMeshModifier.cs
 0.1 kb	 0.0% Packages/com.unity.ugui/Runtime/UGUI/UI/Core/VertexModifiers/BaseMeshEffect.cs
 0.1 kb	 0.0% Packages/com.unity.ugui/Runtime/UGUI/UI/Core/StencilMaterial.cs
 0.1 kb	 0.0% Packages/com.unity.ugui/Runtime/UGUI/UI/Core/MaskableGraphic.cs
 0.1 kb	 0.0% Packages/com.unity.ugui/Runtime/UGUI/UI/Core/MaskUtilities.cs
 0.1 kb	 0.0% Packages/com.unity.ugui/Runtime/UGUI/UI/Core/Layout/LayoutUtility.cs
 0.1 kb	 0.0% Packages/com.unity.ugui/Runtime/UGUI/UI/Core/Layout/LayoutRebuilder.cs
 0.1 kb	 0.0% Packages/com.unity.ugui/Runtime/UGUI/UI/Core/Layout/LayoutElement.cs
 0.1 kb	 0.0% Packages/com.unity.ugui/Runtime/UGUI/UI/Core/Layout/ILayoutElement.cs
 0.1 kb	 0.0% Packages/com.unity.ugui/Runtime/UGUI/UI/Core/Layout/GridLayoutGroup.cs
 0.1 kb	 0.0% Packages/com.unity.ugui/Runtime/UGUI/UI/Core/GraphicRegistry.cs
 0.1 kb	 0.0% Packages/com.unity.ugui/Runtime/UGUI/UI/Core/GraphicRaycaster.cs
 0.1 kb	 0.0% Packages/com.unity.ugui/Runtime/UGUI/UI/Core/DefaultControls.cs
 0.1 kb	 0.0% Packages/com.unity.ugui/Runtime/UGUI/UI/Core/Culling/ClipperRegistry.cs
 0.1 kb	 0.0% Packages/com.unity.ugui/Runtime/UGUI/EventSystem/UIBehaviour.cs
 0.1 kb	 0.0% Packages/com.unity.ugui/Runtime/UGUI/EventSystem/InputModules/BaseInput.cs
 0.1 kb	 0.0% Packages/com.unity.ugui/Runtime/UGUI/EventSystem/EventTrigger.cs
 0.1 kb	 0.0% Packages/com.unity.ugui/Runtime/UGUI/EventSystem/EventSystem.cs
 0.1 kb	 0.0% Packages/com.unity.ugui/Runtime/TMP/TMPro_MeshUtilities.cs
 0.1 kb	 0.0% Packages/com.unity.ugui/Runtime/TMP/TMP_ShaderUtilities.cs
 0.1 kb	 0.0% Packages/com.unity.ugui/Runtime/TMP/TMP_RichTextTagsCommon.cs
 0.1 kb	 0.0% Packages/com.unity.ugui/Runtime/TMP/TMP_FontAssetCommon.cs
 0.1 kb	 0.0% Packages/com.unity.mathematics/Unity.Mathematics/quaternion.cs
 0.1 kb	 0.0% Packages/com.unity.mathematics/Unity.Mathematics/Noise/classicnoise4D.cs
 0.1 kb	 0.0% Packages/com.unity.mathematics/Unity.Mathematics/Noise/classicnoise3D.cs
 0.1 kb	 0.0% Packages/com.unity.mathematics/Unity.Mathematics/Noise/classicnoise2D.cs
 0.1 kb	 0.0% Packages/com.unity.mathematics/Unity.Mathematics/Noise/cellular2x2x2.cs
 0.1 kb	 0.0% Packages/com.unity.mathematics/Unity.Mathematics/Geometry/Plane.cs
 0.1 kb	 0.0% Packages/com.unity.inputsystem/InputSystem/Plugins/XR/Devices/Oculus.cs
 0.1 kb	 0.0% Packages/com.unity.collections/Unity.Collections/UIntFloat.cs
 0.1 kb	 0.0% Packages/com.unity.collections/Unity.Collections/NativeStream.cs
 0.1 kb	 0.0% Packages/com.unity.collections/Unity.Collections/Jobs/EarlyInitHelpers.cs
 0.1 kb	 0.0% Packages/com.unity.burst/Runtime/Intrinsics/SimdDebugViews.cs
 0.1 kb	 0.0% Packages/com.unity.burst/Runtime/Editor/BurstReflection.cs
 0.1 kb	 0.0% Packages/com.unity.burst/Runtime/BurstCompilerOptions.cs
 0.1 kb	 0.0% Assets/_Project/Scripts/Weapons/PrismBeam.cs
 0.1 kb	 0.0% Assets/_Project/Scripts/Weapons/PlayerStats.cs
 0.1 kb	 0.0% Assets/_Project/Scripts/Weapons/IceBeamGun.cs
 0.1 kb	 0.0% Assets/_Project/Scripts/Weapons/GunModState.cs
 0.1 kb	 0.0% Assets/_Project/Scripts/Weapons/FusionWeapon.cs
 0.1 kb	 0.0% Assets/_Project/Scripts/Weapons/FusionRecipe.cs
 0.1 kb	 0.0% Assets/_Project/Scripts/Weapons/FishMissile.cs
 0.1 kb	 0.0% Assets/_Project/Scripts/Weapons/EggMortar.cs
 0.1 kb	 0.0% Assets/_Project/Scripts/Weapons/ChainArcGun.cs
 0.1 kb	 0.0% Assets/_Project/Scripts/Weapons/BubbleOrbit.cs
 0.1 kb	 0.0% Assets/_Project/Scripts/Pooling/PrefabPool.cs
 0.1 kb	 0.0% Assets/_Project/Scripts/Player/ShipVisual.cs
 0.1 kb	 0.0% Assets/_Project/Scripts/Player/PlayerHealth.cs
 0.1 kb	 0.0% Assets/_Project/Scripts/Enemies/WaveDirector.cs
 0.1 kb	 0.0% Assets/_Project/Scripts/Enemies/SwarmPicker.cs
 0.1 kb	 0.0% Assets/_Project/Scripts/Enemies/PowerMatch.cs
 0.1 kb	 0.0% Assets/_Project/Scripts/Enemies/EnemyManager.cs
 0.1 kb	 0.0% Assets/_Project/Scripts/Enemies/BossEnemy.cs
 0.1 kb	 0.0% Assets/_Project/Scripts/Bullets/BulletSystem.cs
 0.1 kb	 0.0% Assets/_Project/Scripts/Bullets/BulletJobs.cs
 0.1 kb	 0.0% Assets/_Project/Scripts/Audio/AudioManager.cs
 0.1 kb	 0.0% Assets/_Project/Generated/Data/Workshop/reroll.asset
 0.1 kb	 0.0% Packages/com.unity.ugui/Runtime/TMP/TextMeshProUGUI.cs
 0.1 kb	 0.0% Packages/com.unity.ugui/Runtime/TMP/TextContainer.cs
 0.1 kb	 0.0% Packages/com.unity.ugui/Runtime/TMP/TMP_TextElement.cs
 0.1 kb	 0.0% Packages/com.unity.ugui/Runtime/TMP/TMP_SubMeshUI.cs
 0.1 kb	 0.0% Packages/com.unity.ugui/Runtime/TMP/TMP_StyleSheet.cs
 0.1 kb	 0.0% Packages/com.unity.ugui/Runtime/TMP/TMP_SpriteGlyph.cs
 0.1 kb	 0.0% Packages/com.unity.ugui/Runtime/TMP/TMP_SpriteAsset.cs
 0.1 kb	 0.0% Packages/com.unity.ugui/Runtime/TMP/TMP_InputField.cs
 0.1 kb	 0.0% Packages/com.unity.ugui/Runtime/TMP/TMP_FontAsset.cs
 0.1 kb	 0.0% Packages/com.unity.ugui/Runtime/TMP/TMP_CoroutineTween.cs
 0.1 kb	 0.0% Packages/com.unity.ugui/Runtime/TMP/TMP_Character.cs
 0.1 kb	 0.0% Packages/com.unity.mathematics/Unity.Mathematics/uint4x4.gen.cs
 0.1 kb	 0.0% Packages/com.unity.mathematics/Unity.Mathematics/uint4x3.gen.cs
 0.1 kb	 0.0% Packages/com.unity.mathematics/Unity.Mathematics/uint4x2.gen.cs
 0.1 kb	 0.0% Packages/com.unity.mathematics/Unity.Mathematics/uint4.gen.cs
 0.1 kb	 0.0% Packages/com.unity.mathematics/Unity.Mathematics/uint3x4.gen.cs
 0.1 kb	 0.0% Packages/com.unity.mathematics/Unity.Mathematics/uint3x3.gen.cs
 0.1 kb	 0.0% Packages/com.unity.mathematics/Unity.Mathematics/uint3x2.gen.cs
 0.1 kb	 0.0% Packages/com.unity.mathematics/Unity.Mathematics/uint3.gen.cs
 0.1 kb	 0.0% Packages/com.unity.mathematics/Unity.Mathematics/uint2x4.gen.cs
 0.1 kb	 0.0% Packages/com.unity.mathematics/Unity.Mathematics/uint2x3.gen.cs
 0.1 kb	 0.0% Packages/com.unity.mathematics/Unity.Mathematics/uint2x2.gen.cs
 0.1 kb	 0.0% Packages/com.unity.mathematics/Unity.Mathematics/uint2.gen.cs
 0.1 kb	 0.0% Packages/com.unity.mathematics/Unity.Mathematics/int4x4.gen.cs
 0.1 kb	 0.0% Packages/com.unity.mathematics/Unity.Mathematics/int4x3.gen.cs
 0.1 kb	 0.0% Packages/com.unity.mathematics/Unity.Mathematics/int4x2.gen.cs
 0.1 kb	 0.0% Packages/com.unity.mathematics/Unity.Mathematics/int3x4.gen.cs
 0.1 kb	 0.0% Packages/com.unity.mathematics/Unity.Mathematics/int3x3.gen.cs
 0.1 kb	 0.0% Packages/com.unity.mathematics/Unity.Mathematics/int3x2.gen.cs
 0.1 kb	 0.0% Packages/com.unity.mathematics/Unity.Mathematics/int2x4.gen.cs
 0.1 kb	 0.0% Packages/com.unity.mathematics/Unity.Mathematics/int2x3.gen.cs
 0.1 kb	 0.0% Packages/com.unity.mathematics/Unity.Mathematics/int2x2.gen.cs
 0.1 kb	 0.0% Packages/com.unity.mathematics/Unity.Mathematics/half4.gen.cs
 0.1 kb	 0.0% Packages/com.unity.mathematics/Unity.Mathematics/half3.gen.cs
 0.1 kb	 0.0% Packages/com.unity.mathematics/Unity.Mathematics/half2.gen.cs
 0.1 kb	 0.0% Packages/com.unity.mathematics/Unity.Mathematics/float4x4.gen.cs
 0.1 kb	 0.0% Packages/com.unity.mathematics/Unity.Mathematics/float4x3.gen.cs
 0.1 kb	 0.0% Packages/com.unity.mathematics/Unity.Mathematics/float4x2.gen.cs
 0.1 kb	 0.0% Packages/com.unity.mathematics/Unity.Mathematics/float4.gen.cs
 0.1 kb	 0.0% Packages/com.unity.mathematics/Unity.Mathematics/float3x4.gen.cs
 0.1 kb	 0.0% Packages/com.unity.mathematics/Unity.Mathematics/float3x3.gen.cs
 0.1 kb	 0.0% Packages/com.unity.mathematics/Unity.Mathematics/float3x2.gen.cs
 0.1 kb	 0.0% Packages/com.unity.mathematics/Unity.Mathematics/float3.gen.cs
 0.1 kb	 0.0% Packages/com.unity.mathematics/Unity.Mathematics/float2x4.gen.cs
 0.1 kb	 0.0% Packages/com.unity.mathematics/Unity.Mathematics/float2x3.gen.cs
 0.1 kb	 0.0% Packages/com.unity.mathematics/Unity.Mathematics/float2x2.gen.cs
 0.1 kb	 0.0% Packages/com.unity.mathematics/Unity.Mathematics/float2.gen.cs
 0.1 kb	 0.0% Packages/com.unity.mathematics/Unity.Mathematics/double4.gen.cs
 0.1 kb	 0.0% Packages/com.unity.mathematics/Unity.Mathematics/double3.gen.cs
 0.1 kb	 0.0% Packages/com.unity.mathematics/Unity.Mathematics/double2.gen.cs
 0.1 kb	 0.0% Packages/com.unity.mathematics/Unity.Mathematics/bool4x4.gen.cs
 0.1 kb	 0.0% Packages/com.unity.mathematics/Unity.Mathematics/bool4x3.gen.cs
 0.1 kb	 0.0% Packages/com.unity.mathematics/Unity.Mathematics/bool4x2.gen.cs
 0.1 kb	 0.0% Packages/com.unity.mathematics/Unity.Mathematics/bool4.gen.cs
 0.1 kb	 0.0% Packages/com.unity.mathematics/Unity.Mathematics/bool3x4.gen.cs
 0.1 kb	 0.0% Packages/com.unity.mathematics/Unity.Mathematics/bool3x3.gen.cs
 0.1 kb	 0.0% Packages/com.unity.mathematics/Unity.Mathematics/bool3x2.gen.cs
 0.1 kb	 0.0% Packages/com.unity.mathematics/Unity.Mathematics/bool3.gen.cs
 0.1 kb	 0.0% Packages/com.unity.mathematics/Unity.Mathematics/bool2x4.gen.cs
 0.1 kb	 0.0% Packages/com.unity.mathematics/Unity.Mathematics/bool2x3.gen.cs
 0.1 kb	 0.0% Packages/com.unity.mathematics/Unity.Mathematics/bool2x2.gen.cs
 0.1 kb	 0.0% Packages/com.unity.mathematics/Unity.Mathematics/bool2.gen.cs
 0.1 kb	 0.0% Packages/com.unity.mathematics/Unity.Mathematics/Noise/psrdnoise2D.cs
 0.1 kb	 0.0% Packages/com.unity.mathematics/Unity.Mathematics/Noise/noise3Dgrad.cs
 0.1 kb	 0.0% Packages/com.unity.mathematics/Unity.Mathematics/Noise/cellular3D.cs
 0.1 kb	 0.0% Packages/com.unity.mathematics/Unity.Mathematics/Noise/cellular2x2.cs
 0.1 kb	 0.0% Packages/com.unity.mathematics/Unity.Mathematics/Noise/cellular2D.cs
 0.1 kb	 0.0% Packages/com.unity.inputsystem/InputSystem/Plugins/XR/Devices/GoogleVR.cs
 0.1 kb	 0.0% Packages/com.unity.inputsystem/InputSystem/Editor/DownloadableSample.cs
 0.1 kb	 0.0% Packages/com.unity.inputsystem/InputSystem/Devices/Sensor.cs
 0.1 kb	 0.0% Packages/com.unity.inputsystem/InputSystem/Devices/Pointer.cs
 0.1 kb	 0.0% Packages/com.unity.inputsystem/InputSystem/Devices/Mouse.cs
 0.1 kb	 0.0% Packages/com.unity.inputsystem/InputSystem/Devices/Keyboard.cs
 0.1 kb	 0.0% Packages/com.unity.inputsystem/InputSystem/Devices/Joystick.cs
 0.1 kb	 0.0% Packages/com.unity.inputsystem/InputSystem/Devices/Gamepad.cs
 0.1 kb	 0.0% Packages/com.unity.collections/Unity.Collections/xxHash3.AVX2.cs
 0.1 kb	 0.0% Packages/com.unity.burst/Runtime/Intrinsics/Arm/NEON_AArch64_rdma.cs
 0.1 kb	 0.0% Packages/com.unity.burst/Runtime/Intrinsics/Arm/NEON_AArch64_dotprod.cs
 0.1 kb	 0.0% Packages/com.unity.burst/Runtime/Intrinsics/Arm/NEON_AArch64_crypto.cs
 0.1 kb	 0.0% Assets/_Project/Scripts/UI/UIFactory.cs
 0.1 kb	 0.0% Assets/_Project/Scripts/UI/TextEffects.cs
 0.1 kb	 0.0% Assets/_Project/Scripts/UI/StudioIntro.cs
 0.1 kb	 0.0% Assets/_Project/Scripts/Progression/XpSystem.cs
 0.1 kb	 0.0% Assets/_Project/Scripts/Meta/SaveService.cs
 0.1 kb	 0.0% Assets/_Project/Scripts/Meta/RecordChests.cs
 0.1 kb	 0.0% Assets/_Project/Scripts/Feel/VfxSystem.cs
 0.1 kb	 0.0% Assets/_Project/Scripts/Core/SugarRush.cs
 0.1 kb	 0.0% Assets/_Project/Scripts/Core/RewardedAds.cs
 0.1 kb	 0.0% Assets/_Project/Scripts/Core/QaAutopilot.cs
 0.1 kb	 0.0% Assets/_Project/Scripts/Core/Playfield.cs
 0.1 kb	 0.0% Assets/_Project/Scripts/Core/LocTableEn.cs
 0.1 kb	 0.0% Assets/_Project/Scripts/Core/GameSettings.cs
 0.1 kb	 0.0% Assets/_Project/Scripts/Core/ErrorOverlay.cs
 0.1 kb	 0.0% Assets/_Project/Scripts/Core/CameraFit.cs
 0.1 kb	 0.0% Assets/_Project/Scripts/Core/AdScheduler.cs
 0.1 kb	 0.0% Assets/_Project/Generated/Data/Workshop/revive.asset
 0.1 kb	 0.0% Assets/_Project/Generated/Data/Workshop/gold.asset
 0.1 kb	 0.0% Assets/_Project/Generated/Data/Workshop/damage.asset
 0.1 kb	 0.0% Assets/_Project/Generated/Data/Workshop/banish.asset
 0.1 kb	 0.0% Assets/_Project/Generated/Data/Workshop/armor.asset
 0.1 kb	 0.0% Packages/com.unity.ugui/Runtime/UGUI/UI/Core/Utility/VertexHelper.cs
 0.1 kb	 0.0% Packages/com.unity.ugui/Runtime/UGUI/UI/Core/ToggleGroup.cs
 0.1 kb	 0.0% Packages/com.unity.ugui/Runtime/UGUI/UI/Core/SpriteState.cs
 0.1 kb	 0.0% Packages/com.unity.ugui/Runtime/UGUI/UI/Core/Selectable.cs
 0.1 kb	 0.0% Packages/com.unity.ugui/Runtime/UGUI/UI/Core/Scrollbar.cs
 0.1 kb	 0.0% Packages/com.unity.ugui/Runtime/UGUI/UI/Core/ScrollRect.cs
 0.1 kb	 0.0% Packages/com.unity.ugui/Runtime/UGUI/UI/Core/RectMask2D.cs
 0.1 kb	 0.0% Packages/com.unity.ugui/Runtime/UGUI/UI/Core/Navigation.cs
 0.1 kb	 0.0% Packages/com.unity.ugui/Runtime/UGUI/UI/Core/Layout/LayoutGroup.cs
 0.1 kb	 0.0% Packages/com.unity.ugui/Runtime/UGUI/UI/Core/Layout/CanvasScaler.cs
 0.1 kb	 0.0% Packages/com.unity.ugui/Runtime/UGUI/UI/Core/InputField.cs
 0.1 kb	 0.0% Packages/com.unity.ugui/Runtime/UGUI/UI/Core/IMaskable.cs
 0.1 kb	 0.0% Packages/com.unity.ugui/Runtime/UGUI/UI/Core/ColorBlock.cs
 0.1 kb	 0.0% Packages/com.unity.mathematics/Unity.Mathematics/random.cs
 0.1 kb	 0.0% Packages/com.unity.mathematics/Unity.Mathematics/matrix.gen.cs
 0.1 kb	 0.0% Packages/com.unity.mathematics/Unity.Mathematics/matrix.cs
 0.1 kb	 0.0% Packages/com.unity.mathematics/Unity.Mathematics/Noise/noise4D.cs
 0.1 kb	 0.0% Packages/com.unity.mathematics/Unity.Mathematics/Noise/noise3D.cs
 0.1 kb	 0.0% Packages/com.unity.mathematics/Unity.Mathematics/Noise/noise2D.cs
 0.1 kb	 0.0% Packages/com.unity.mathematics/Unity.Mathematics/Noise/common.cs
 0.1 kb	 0.0% Packages/com.unity.inputsystem/InputSystem/Plugins/XR/Devices/OpenVR.cs
 0.1 kb	 0.0% Packages/com.unity.inputsystem/InputSystem/Plugins/HID/HID.cs
 0.1 kb	 0.0% Packages/com.unity.collections/Unity.Collections/xxHash3.cs
 0.1 kb	 0.0% Packages/com.unity.collections/Unity.Collections/Unicode.cs
 0.1 kb	 0.0% Packages/com.unity.collections/Unity.Collections/Memory.cs
 0.1 kb	 0.0% Packages/com.unity.collections/Unity.Collections/Jobs/IJobFilter.cs
 0.1 kb	 0.0% Packages/com.unity.collections/Unity.Collections/BitField.cs
 0.1 kb	 0.0% Packages/com.unity.burst/Runtime/NoAliasAttribute.cs
 0.1 kb	 0.0% Packages/com.unity.burst/Runtime/FunctionPointer.cs
 0.1 kb	 0.0% Packages/com.unity.burst/Runtime/Editor/BurstLoader.cs
 0.1 kb	 0.0% Packages/com.unity.burst/Runtime/CompilerServices/Constant.cs
 0.1 kb	 0.0% Packages/com.unity.burst/Runtime/CompilerServices/Aliasing.cs
 0.1 kb	 0.0% Packages/com.unity.burst/Runtime/BurstString.Float.cs
 0.1 kb	 0.0% Packages/com.unity.burst/Runtime/BurstCompiler.cs
 0.1 kb	 0.0% Assets/_Project/Scripts/Weapons/YarnBall.cs
 0.1 kb	 0.0% Assets/_Project/Scripts/Weapons/SparkCat.cs
 0.1 kb	 0.0% Assets/_Project/Scripts/Weapons/Forge.cs
 0.1 kb	 0.0% Assets/_Project/Scripts/Weapons/Fleet.cs
 0.1 kb	 0.0% Assets/_Project/Scripts/Enemies/Enemy.cs
 0.1 kb	 0.0% Assets/_Project/Scripts/Audio/SfxSynth.cs
 0.1 kb	 0.0% Assets/_Project/Generated/Data/Workshop/health.asset
 0.1 kb	 0.0% Assets/_Project/Generated/Data/Fusions/candy_shield_galaxy.asset
 0.1 kb	 0.0% Packages/com.unity.ugui/Runtime/UGUI/UI/Core/Culling/IClipRegion.cs
 0.1 kb	 0.0% Packages/com.unity.ugui/Runtime/TMP/TextMeshPro.cs
 0.1 kb	 0.0% Packages/com.unity.ugui/Runtime/TMP/TMP_TextInfo.cs
 0.1 kb	 0.0% Packages/com.unity.ugui/Runtime/TMP/TMP_SubMesh.cs
 0.1 kb	 0.0% Packages/com.unity.ugui/Runtime/TMP/TMP_Style.cs
 0.1 kb	 0.0% Packages/com.unity.ugui/Runtime/TMP/TMP_Sprite.cs
 0.1 kb	 0.0% Packages/com.unity.ugui/Runtime/TMP/TMP_Settings.cs
 0.1 kb	 0.0% Packages/com.unity.ugui/Runtime/TMP/TMP_MeshInfo.cs
 0.1 kb	 0.0% Packages/com.unity.ugui/Runtime/TMP/TMP_LineInfo.cs
 0.1 kb	 0.0% Packages/com.unity.ugui/Runtime/TMP/TMP_Dropdown.cs
 0.1 kb	 0.0% Packages/com.unity.ugui/Runtime/TMP/TMP_Asset.cs
 0.1 kb	 0.0% Packages/com.unity.ugui/Runtime/TMP/FastAction.cs
 0.1 kb	 0.0% Packages/com.unity.mathematics/Unity.Mathematics/int4.gen.cs
 0.1 kb	 0.0% Packages/com.unity.mathematics/Unity.Mathematics/int3.gen.cs
 0.1 kb	 0.0% Packages/com.unity.mathematics/Unity.Mathematics/int2.gen.cs
 0.1 kb	 0.0% Packages/com.unity.inputsystem/InputSystem/Devices/Pen.cs
 0.1 kb	 0.0% Packages/com.unity.burst/Runtime/Intrinsics/Common.cs
 0.1 kb	 0.0% Packages/com.unity.burst/Runtime/Intrinsics/Arm/NEON_ctor.cs
 0.1 kb	 0.0% Packages/com.unity.burst/Runtime/Intrinsics/Arm/NEON_AArch64.cs
 0.1 kb	 0.0% Assets/_Project/Scripts/UI/UIStroke.cs
 0.1 kb	 0.0% Assets/_Project/Scripts/UI/HudBar.cs
 0.1 kb	 0.0% Assets/_Project/Scripts/UI/GameUI.cs
 0.1 kb	 0.0% Assets/_Project/Scripts/Meta/Missions.cs
 0.1 kb	 0.0% Assets/_Project/Scripts/Meta/GunMods.cs
 0.1 kb	 0.0% Assets/_Project/Scripts/Meta/AdRules.cs
 0.1 kb	 0.0% Assets/_Project/Scripts/Feel/Juice.cs
 0.1 kb	 0.0% Assets/_Project/Scripts/Feel/CombatFx.cs
 0.1 kb	 0.0% Assets/_Project/Scripts/Core/Formulas.cs
 0.1 kb	 0.0% Assets/_Project/Scripts/Core/Ads.cs
 0.1 kb	 0.0% Assets/_Project/Scripts/Core/AdMobAds.cs
 0.1 kb	 0.0% Assets/_Project/Generated/Data/Workshop/luck.asset
 0.1 kb	 0.0% Assets/_Project/Generated/Data/Fusions/rainbow_storm.asset
 0.1 kb	 0.0% Assets/_Project/Generated/Data/Fusions/cosmic_breakfast.asset
 0.1 kb	 0.0% Packages/com.unity.ugui/Runtime/UGUI/UI/Core/VertexModifiers/Shadow.cs
 0.1 kb	 0.0% Packages/com.unity.ugui/Runtime/UGUI/UI/Core/VertexModifiers/Outline.cs
 0.1 kb	 0.0% Packages/com.unity.ugui/Runtime/UGUI/UI/Core/Toggle.cs
 0.1 kb	 0.0% Packages/com.unity.ugui/Runtime/UGUI/UI/Core/Slider.cs
 0.1 kb	 0.0% Packages/com.unity.ugui/Runtime/UGUI/UI/Core/RawImage.cs
 0.1 kb	 0.0% Packages/com.unity.ugui/Runtime/UGUI/UI/Core/Image.cs
 0.1 kb	 0.0% Packages/com.unity.ugui/Runtime/UGUI/UI/Core/IMask.cs
 0.1 kb	 0.0% Packages/com.unity.ugui/Runtime/UGUI/UI/Core/Graphic.cs
 0.1 kb	 0.0% Packages/com.unity.ugui/Runtime/UGUI/UI/Core/FontData.cs
 0.1 kb	 0.0% Packages/com.unity.ugui/Runtime/UGUI/UI/Core/Dropdown.cs
 0.1 kb	 0.0% Packages/com.unity.ugui/Runtime/UGUI/UI/Core/Culling/Clipping.cs
 0.1 kb	 0.0% Packages/com.unity.ugui/Runtime/UGUI/UI/Core/Button.cs
 0.1 kb	 0.0% Packages/com.unity.mathematics/Unity.Mathematics/svd.cs
 0.1 kb	 0.0% Packages/com.unity.mathematics/Unity.Mathematics/math.cs
 0.1 kb	 0.0% Packages/com.unity.mathematics/Unity.Mathematics/half.cs
 0.1 kb	 0.0% Packages/com.unity.burst/Runtime/SharedStatic.cs
 0.1 kb	 0.0% Packages/com.unity.burst/Runtime/Intrinsics/x86/Ssse3.cs
 0.1 kb	 0.0% Packages/com.unity.burst/Runtime/Intrinsics/x86/Sse4_2.cs
 0.1 kb	 0.0% Packages/com.unity.burst/Runtime/Intrinsics/x86/Sse4_1.cs
 0.1 kb	 0.0% Packages/com.unity.burst/Runtime/Intrinsics/x86/Popcnt.cs
 0.1 kb	 0.0% Packages/com.unity.burst/Runtime/Intrinsics/x86/Common.cs
 0.1 kb	 0.0% Packages/com.unity.burst/Runtime/CompilerServices/Hint.cs
 0.1 kb	 0.0% Packages/com.unity.burst/Runtime/BurstString.cs
 0.1 kb	 0.0% Packages/com.unity.burst/Runtime/BurstRuntime.cs
 0.1 kb	 0.0% Packages/com.unity.ugui/Runtime/TMP/TMP_Text.cs
 0.1 kb	 0.0% Packages/com.unity.inputsystem/InputSystem/Plugins/UI/UISupport.cs
 0.1 kb	 0.0% Packages/com.unity.burst/Runtime/Intrinsics/x86/Sse3.cs
 0.1 kb	 0.0% Packages/com.unity.burst/Runtime/Intrinsics/x86/Sse2.cs
 0.1 kb	 0.0% Packages/com.unity.burst/Runtime/Intrinsics/x86/Sse.cs
 0.1 kb	 0.0% Packages/com.unity.burst/Runtime/Intrinsics/x86/Fma.cs
 0.1 kb	 0.0% Packages/com.unity.burst/Runtime/Intrinsics/x86/F16C.cs
 0.1 kb	 0.0% Packages/com.unity.burst/Runtime/Intrinsics/x86/Csr.cs
 0.1 kb	 0.0% Packages/com.unity.burst/Runtime/Intrinsics/x86/Bmi2.cs
 0.1 kb	 0.0% Packages/com.unity.burst/Runtime/Intrinsics/x86/Bmi1.cs
 0.1 kb	 0.0% Packages/com.unity.burst/Runtime/Intrinsics/x86/Avx2.cs
 0.1 kb	 0.0% Packages/com.unity.burst/Runtime/Intrinsics/x86/Avx.cs
 0.1 kb	 0.0% Packages/com.unity.burst/Runtime/Intrinsics/v64.cs
 0.1 kb	 0.0% Packages/com.unity.burst/Runtime/Intrinsics/v256.cs
 0.1 kb	 0.0% Packages/com.unity.burst/Runtime/Intrinsics/v128.cs
 0.1 kb	 0.0% Packages/com.unity.burst/Runtime/Intrinsics/Arm/NEON.cs
 0.1 kb	 0.0% Assets/_Project/Scripts/Meta/Maps.cs
 0.1 kb	 0.0% Assets/_Project/Scripts/Core/Loc.cs
 0.1 kb	 0.0% Assets/_Project/Generated/Data/Bullets/JellySmall.asset
 0.1 kb	 0.0% Assets/_Project/Generated/Data/Bullets/GiantFeather.asset
 0.1 kb	 0.0% Assets/_Project/Generated/Data/Bullets/EnemyRound.asset
 0.1 kb	 0.0% Assets/_Project/Generated/Data/Bullets/BossSpecial.asset
 0.1 kb	 0.0% Packages/com.unity.ugui/Runtime/UGUI/UI/Core/Text.cs
 0.1 kb	 0.0% Packages/com.unity.ugui/Runtime/UGUI/UI/Core/Misc.cs
 0.1 kb	 0.0% Packages/com.unity.ugui/Runtime/UGUI/UI/Core/Mask.cs
 0.1 kb	 0.0% Assets/_Project/Generated/Data/Bullets/Stinger.asset
 0.1 kb	 0.0% Assets/_Project/Generated/Data/Bullets/Spark.asset
 0.1 kb	 0.0% Assets/_Project/Generated/Data/Bullets/Scoop.asset
 0.1 kb	 0.0% Assets/_Project/Generated/Data/Bullets/Meteor.asset
 0.1 kb	 0.0% Assets/_Project/Generated/Data/Bullets/Jelly.asset
 0.1 kb	 0.0% Assets/_Project/Generated/Data/Bullets/GoldEgg.asset
 0.1 kb	 0.0% Assets/_Project/Generated/Data/Bullets/Feather.asset
 0.1 kb	 0.0% Assets/_Project/Generated/Data/Bullets/EnemyBig.asset
 0.1 kb	 0.0% Assets/_Project/Generated/Data/Bullets/Crumb.asset
 0.1 kb	 0.0% Assets/_Project/Generated/Data/Bullets/Chick.asset
 0.1 kb	 0.0% Assets/_Project/Generated/Data/Bullets/Yarn.asset
 0.1 kb	 0.0% Assets/_Project/Generated/Data/Bullets/Star.asset
 0.1 kb	 0.0% Assets/_Project/Generated/Data/Bullets/Puff.asset
 0.1 kb	 0.0% Assets/_Project/Generated/Data/Bullets/Ice.asset
 0.1 kb	 0.0% Assets/_Project/Generated/Data/Bullets/Gum.asset
 0.1 kb	 0.0% Assets/_Project/Generated/Data/Bullets/Egg.asset
 0.1 kb	 0.0% Assets/Resources/PerformanceTestRunSettings.json
-------------------------------------------------------------------------------
Unloading 0 Unused Serialized files (Serialized files now loaded: 0)
Unloading 650 unused Assets / (22.9 MB). Loaded Objects now: 2463.
Memory consumption went from 141.6 MB to 118.7 MB.
Total: 11.953962 ms (FindLiveObjects: 0.155271 ms CreateObjectMapping: 0.035012 ms MarkObjects: 9.557665 ms  DeleteObjects: 2.205274 ms)

Build Finished, Result: Success.
##utp:{"type":"PlayerBuildInfo","version":2,"phase":"Immediate","time":1790419962527,"processId":3363,"steps":[{"description":"Preprocess Player","duration":95},{"description":"Prepare For Build","duration":1},{"description":"ProducePlayerScriptAssemblies","duration":10759},{"description":"Verify Build setup","duration":24},{"description":"Prepare assets for target platform","duration":1},{"description":"Prepare splash screen","duration":0},{"description":"Building scenes","duration":620},{"description":"Build scripts DLLs","duration":21},{"description":"Build GlobalGameManagers file","duration":70},{"description":"Writing asset files","duration":103},{"description":"Building Resources/unity_builtin_extra","duration":127},{"description":"Write data build dirty tracking information","duration":46},{"description":"Postprocess built player","duration":6402}],"duration":18269}
Unloading 0 Unused Serialized files (Serialized files now loaded: 0)
Loaded scene 'Temp/__Backupscenes/0.backup'
	Deserialize:            0.296 ms
	Integration:            120.657 ms
	Integration of assets:  0.001 ms
	Thread Wait Time:       0.017 ms
	Total Operation Time:   120.970 ms
Unloading 0 unused Assets / (1.7 KB). Loaded Objects now: 2455.
Memory consumption went from 118.2 MB to 118.2 MB.
Total: 7.370659 ms (FindLiveObjects: 0.203853 ms CreateObjectMapping: 0.043765 ms MarkObjects: 7.115710 ms  DeleteObjects: 0.006400 ms)

[CiBuild] Linux QA player Succeeded: /project/build/Linux/PofudukFilo.x86_64
UnityEngine.Debug:ExtractStackTraceNoAlloc (byte*,int,string)
UnityEngine.StackTraceUtility:ExtractStackTrace () (at /home/bokken/build/output/unity/unity/Runtime/Export/Scripting/StackTrace.cs:35)
UnityEngine.DebugLogHandler:Internal_Log (UnityEngine.LogType,UnityEngine.LogOption,string,UnityEngine.Object)
UnityEngine.DebugLogHandler:LogFormat (UnityEngine.LogType,UnityEngine.Object,string,object[])
UnityEngine.Logger:Log (UnityEngine.LogType,object)
UnityEngine.Debug:Log (object)
PofudukFilo.EditorTools.CiBuild:BuildLinuxQa () (at Assets/_Project/Scripts/Editor/CiBuild.cs:77)

(Filename: Assets/_Project/Scripts/Editor/CiBuild.cs Line: 77)

Killing ADB server in 0.021374 seconds.
The command could not be loaded, possibly because:
  * You intended to execute a .NET application:
      The application 'build-server' does not exist.
  * You intended to execute a .NET SDK command:
      No .NET SDKs were found.

Download a .NET SDK:
https://aka.ms/dotnet-download

Learn about SDK resolution:
https://aka.ms/dotnet/sdk-not-found
[Physics::Module] Cleanup current backend.
[Physics::Module] Id: 0xf2b8ea05
Input System module state changed to: ShutdownInProgress.
Input System polling thread exited.
Input System module state changed to: Shutdown.
[Licensing::IpcConnector] LicenseClient-root-notifications channel disconnected successfully.
[Licensing::IpcConnector] LicenseClient-root channel disconnected successfully.
AcceleratorClientConnectionCallback - disconnected - :0
[40m[32minfo[39m[22m[49m: Microsoft.Hosting.Lifetime[0]
      Application is shutting down...
[40m[32minfo[39m[22m[49m: Unity.ILPP.Runner.PostProcessingAssemblyLoadContext[0]
      ALC ILPP context 2 is unloading
Cleanup mono
debugger-agent: Unable to listen on 36
[Package Manager] Server process was shutdown
Checking for leaked weakptr:
  Found no leaked weakptrs.
##utp:{"type":"MemoryLeaks","version":2,"phase":"Immediate","time":1790419967480,"processId":3363,"allocatedMemory":8351634,"memoryLabels":[{"Default":24121},{"Permanent":15960},{"Thread":1084616},{"Manager":17258},{"VertexData":8},{"Geometry":408},{"Texture":160},{"Shader":79820},{"Material":24},{"GfxDevice":36040},{"Animation":456},{"Audio":3032},{"Font":114685},{"FreeType":6280},{"FontEngine":736},{"Physics":1970},{"Physics2D":16},{"Serialization":456},{"Input":26888},{"JobScheduler":33024},{"TextLib":280},{"Mono":32},{"ScriptingNativeRuntime":155096},{"BaseObject":1690696},{"Resource":1064},{"Renderer":3000},{"Transform":4717},{"File":24284},{"WebCam":80},{"Culling":32},{"Terrain":11298},{"Wind":24},{"String":204450},{"DynamicArray":102273},{"HashMap":88643},{"Utility":2658752},{"Curl":2430},{"PoolAlloc":1856},{"AI":80},{"TypeTree":14981},{"ScriptManager":512},{"RuntimeInitializeOnLoadManager":64},{"SpriteAtlas":112},{"GI":7384},{"Director":8208},{"CloudService":56136},{"WebRequest":10739},{"VR":47754},{"SceneManager":536},{"Video":64},{"LazyScriptCache":32},{"Camera":17},{"Secure":12449},{"SerializationCache":1576},{"APIUpdating":10320},{"Subsystems":336},{"VirtualTexturing":57552},{"StaticSafetyDebugInfo":278528},{"Analytics":464},{"Hierarchy":1416},{"CoreStats":13112},{"Identifiers":6480},{"Gui":128},{"EditorUtility":77298},{"VersionControl":4},{"Undo":979},{"AssetDatabase":1304424},{"EditorGi":328},{"UnityConnect":29408},{"Upm":1744},{"AssetCompliance":64},{"DrivenProperties":72},{"LocalIPC":147},{"ProfilerEditor":9746},{"CoreBusinessMetrics":2387},{"Licensing":1128},{"AssetReference":32},{"IPCStream":32}]}
